-- SQL statements generated from Keep JSON export
INSERT INTO public.tags (id, user_id, name) VALUES ('da9a1522-98fb-4b92-bae9-f41c00333985', '3917b9a9-a856-4f33-a910-6ad73f9fa25b', 'Bengali');
INSERT INTO public.tags (id, user_id, name) VALUES ('2478154f-b5c6-43c0-86a6-9c5190154ada', '3917b9a9-a856-4f33-a910-6ad73f9fa25b', 'Bhojpuri');
INSERT INTO public.tags (id, user_id, name) VALUES ('26bec2c9-84b7-4e97-8246-28dd469f49cd', '3917b9a9-a856-4f33-a910-6ad73f9fa25b', 'Chords');
INSERT INTO public.tags (id, user_id, name) VALUES ('6a3e1159-3e7b-4145-b202-58429f143d25', '3917b9a9-a856-4f33-a910-6ad73f9fa25b', 'Devotional');
INSERT INTO public.tags (id, user_id, name) VALUES ('eebbc269-be1f-43e9-a641-4b2e91a39ff4', '3917b9a9-a856-4f33-a910-6ad73f9fa25b', 'English');
INSERT INTO public.tags (id, user_id, name) VALUES ('1b68ed29-a956-4b7e-a109-7c9980c75b64', '3917b9a9-a856-4f33-a910-6ad73f9fa25b', 'Farsi');
INSERT INTO public.tags (id, user_id, name) VALUES ('375ee2c2-3bd4-473f-afd0-87ef7a38f19a', '3917b9a9-a856-4f33-a910-6ad73f9fa25b', 'Fingerstyle');
INSERT INTO public.tags (id, user_id, name) VALUES ('94f83bf8-1cd6-44f7-9e77-dc2d9928b555', '3917b9a9-a856-4f33-a910-6ad73f9fa25b', 'Hindi');
INSERT INTO public.tags (id, user_id, name) VALUES ('f22d1b82-b224-4a44-a581-b5c25015af54', '3917b9a9-a856-4f33-a910-6ad73f9fa25b', 'Hindi Old');
INSERT INTO public.tags (id, user_id, name) VALUES ('39d6ed04-fc5c-427e-9060-9041887f4d0e', '3917b9a9-a856-4f33-a910-6ad73f9fa25b', 'Intro');
INSERT INTO public.tags (id, user_id, name) VALUES ('bfb29683-c6ea-4f7b-affc-5fe459c721bd', '3917b9a9-a856-4f33-a910-6ad73f9fa25b', 'Kannada');
INSERT INTO public.tags (id, user_id, name) VALUES ('07483aae-aaf2-498a-ad00-7abd0a0d46c3', '3917b9a9-a856-4f33-a910-6ad73f9fa25b', 'Mashup');
INSERT INTO public.tags (id, user_id, name) VALUES ('19e5627d-a2b0-4d3f-9425-eb88225bd761', '3917b9a9-a856-4f33-a910-6ad73f9fa25b', 'Others');
INSERT INTO public.tags (id, user_id, name) VALUES ('ae6a7dff-8c54-4846-bf93-deb177ecbb68', '3917b9a9-a856-4f33-a910-6ad73f9fa25b', 'Patriotic');
INSERT INTO public.tags (id, user_id, name) VALUES ('8d4fc519-7375-432c-8b6a-6cf000e9f287', '3917b9a9-a856-4f33-a910-6ad73f9fa25b', 'Performance');
INSERT INTO public.tags (id, user_id, name) VALUES ('f38a575b-3040-4496-8494-78d603e260b4', '3917b9a9-a856-4f33-a910-6ad73f9fa25b', 'Punjabi');
INSERT INTO public.tags (id, user_id, name) VALUES ('484fde0b-53ea-4d62-82d9-dff38182c04c', '3917b9a9-a856-4f33-a910-6ad73f9fa25b', 'Single-String');
INSERT INTO public.tags (id, user_id, name) VALUES ('ca29fa62-24fc-4ecb-808c-f795c7122529', '3917b9a9-a856-4f33-a910-6ad73f9fa25b', 'TBD');
INSERT INTO public.tags (id, user_id, name) VALUES ('22c9085c-724b-4679-aa10-b79b72f9b0be', '3917b9a9-a856-4f33-a910-6ad73f9fa25b', 'Tabs');
INSERT INTO public.tags (id, user_id, name) VALUES ('74d4c762-17cd-4377-b23a-52bf90f64c92', '3917b9a9-a856-4f33-a910-6ad73f9fa25b', 'Tamil');
INSERT INTO public.tags (id, user_id, name) VALUES ('50e1f043-40b6-42ce-8468-0952aa965c22', '3917b9a9-a856-4f33-a910-6ad73f9fa25b', 'Telugu');
INSERT INTO public.tags (id, user_id, name) VALUES ('f6f1fa22-4ebb-4dfc-8a00-65f2e520dc91', '3917b9a9-a856-4f33-a910-6ad73f9fa25b', 'Ver 2');
INSERT INTO public.notes (id, user_id, title, content, artist, album, release_year, metadata, "references", isPinned, created_at, updated_at) VALUES ('867bed7b-2203-44de-8d47-14928d2db39a', '3917b9a9-a856-4f33-a910-6ad73f9fa25b', 'Rahogi Meri - Love Aaj Kal', '[C]Ha tum ho [Am]Na tum ho 
[F]Tum ho khaamoshi [G]meri
[C]Chaahe bolo ya [Am]na bolo 
[F]Tum to rahogi [G]meri 
[F]Tum to rahogi [G]meri 
[F]Tum to rahogi [G]meri

Music: [C] [Am] [F] [G] ………..(x4)

[C]Mere raastey [Am]ko tum churaake 
[F]Ab raah me [G]apni mila do 
[C]Jahan mil sake [Am]saaya tumhaara 
[F]Wahi sath me [G]thodi jagah do

[C]Tum jahan kahogi [Am]wahi pe milunga 
[F]Main yakeen hun tere [G]saath he rahunga

[F]Tera hoke [G]tera banke 
[C]Tum ho to [Am]main hounga 
[F]Rhni zarurat [G]teri

[C]Chaahe bolo ya [Am]naa bolo 
[F]Tum toh rahogi [G]meri 
[F]Tum toh rahogi [G]meri 
[F]Tum toh rahogi [G]meri 
[F]Tum toh rahogi [F]
tum to rahogi [G]meri 
[F]Tum toh rahogi [G]', 'Arijit Singh', 'Love Aaj Kal', 2020, 'Song Scale/Key: C 
Chords Used: C, Am, F, G 
Strumming Pattern: D UUD UUD DU
Chords used : C, Am, F, G', 'https://rewindcaps.com/tum-to-rahogi-meri-chords/', FALSE, '2020-03-07T02:43:27.446000+00:00', '2020-03-07T02:56:28.228000+00:00');
INSERT INTO public.note_tags (id, user_id, note_id, tag_id) VALUES ('f2e7ac0c-05f8-4301-8d9a-3e7c6f227239', '3917b9a9-a856-4f33-a910-6ad73f9fa25b', '867bed7b-2203-44de-8d47-14928d2db39a', '94f83bf8-1cd6-44f7-9e77-dc2d9928b555');
INSERT INTO public.note_tags (id, user_id, note_id, tag_id) VALUES ('c7c5e911-081d-4c29-ba1b-b9f2baf825c3', '3917b9a9-a856-4f33-a910-6ad73f9fa25b', '867bed7b-2203-44de-8d47-14928d2db39a', '26bec2c9-84b7-4e97-8246-28dd469f49cd');
INSERT INTO public.notes (id, user_id, title, content, artist, album, release_year, metadata, "references", isPinned, created_at, updated_at) VALUES ('4b95e358-c1b4-4886-af68-f616213d5549', '3917b9a9-a856-4f33-a910-6ad73f9fa25b', 'Twinkle Twinkle', '0 0 7 7 9 9 7 5 5 4 4 2 2 0
7 7 5 5 4 4 2 7 7 5 5 4 4 0', 'Jane Taylor', 'Unknown', 1806, NULL, NULL, FALSE, '2017-10-06T03:04:11.673000+00:00', '2019-10-10T02:17:55.887000+00:00');
INSERT INTO public.note_tags (id, user_id, note_id, tag_id) VALUES ('23731217-4bbb-4c80-be77-91a782595608', '3917b9a9-a856-4f33-a910-6ad73f9fa25b', '4b95e358-c1b4-4886-af68-f616213d5549', '484fde0b-53ea-4d62-82d9-dff38182c04c');
INSERT INTO public.note_tags (id, user_id, note_id, tag_id) VALUES ('825832e1-3bfa-4f37-9521-44a4146f114f', '3917b9a9-a856-4f33-a910-6ad73f9fa25b', '4b95e358-c1b4-4886-af68-f616213d5549', '22c9085c-724b-4679-aa10-b79b72f9b0be');
INSERT INTO public.note_tags (id, user_id, note_id, tag_id) VALUES ('2a43f5a5-62dc-4fd0-bc89-d14e69c8a8fb', '3917b9a9-a856-4f33-a910-6ad73f9fa25b', '4b95e358-c1b4-4886-af68-f616213d5549', 'eebbc269-be1f-43e9-a641-4b2e91a39ff4');
INSERT INTO public.notes (id, user_id, title, content, artist, album, release_year, metadata, "references", isPinned, created_at, updated_at) VALUES ('d10e33a0-ab2d-4982-aed9-c12a8be477fe', '3917b9a9-a856-4f33-a910-6ad73f9fa25b', 'Dard dilo ke', '```B|-3-1-3--1--1----------
G|-0------3----3-2-3-2-0-2-0-
D|-----3-----1---------
```
Play it 2 times

```B|---3-1--1--------
G|----3--3-2-3-2--0-2-
D|----------3---
```
Dard dilo ke kam ho jate

```G|-3-2-0-2-0-----2-0-0-
D|------3-1-3----
```
Main aur tum agar hum ho jate

```B|-1----------
G|-3-3-2-0----2-0-0-
D|-----3-1-3----
```
Main aur tum agar hum ho jate

```E|---3-1---------
B|-3-3---4-4-3--1-4-3-3-
G|---------3-----
```
Kitne haseen aalam ho jate

```G|-3-2-0-2-0-----2-0-0-
D|------3-1-3----
```
Main aur tum agar hum ho jate

```B|-1----------
G|-3-3-2-0----2-0-0-
D|-----3-1-3----
```
Main aur tum agar hum ho jate


```B|-3-1--1-3-4-1-
G|---3-----
```
In Between Melody 1

```B|-3-1--1----
G|---3--2--0-
D|------3--
```
In Between Melody 2
Now, Repeat the song again

```B|-3-3-4-3-1--
G|------3-
```
Tere bina

```B|--3-3-3-4-3-1--
G|-3-------3-
```
Na aaye sakoon

```B|--3-3-3-4-3-1----1------
G|-3------3--3--3-2-0-2--
D|---------------3-
```
Na aaye karaar mujhe.e.e.e.e…

```B|-3-1--1--------
G|---3--3-2-3-2--0-2-
D|---------3---
```
Door wo sare bharam ho jate

```G|-3-2-0-2-0-----2-0-0-
D|------3-1-3----
```
Main aur tum agar hum ho jate

```B|-1----------
G|-3-3-2-0----2-0-0-
D|-----3-1-3----
```
Main aur tum agar hum ho jate

```B|-3-1--1-3-4-1-
G|---3-----
```
In Between Melody 1

```B|-3-1--1----
G|---3--2--0-
D|------3--
```
In Between Melody 2

```B|-3-4-3--3--3-3-4-3----
G|---3-------3-2-
```
Ishq adhoora, Duniya adhoori

```B|-3-4-3--3--3-3-4-3----
G|---3-------3-2-
```
Khwahish meri, Khwahish meri

```B|---------3-1-
G|-0-2-3-0-----
```
Dil to yehi chahe

```B|-----1--
G|-0-2---3-
D|-3---3---
```
Tera aur mera

```G|---0--3-2-
D|-1-3--1---
```
Ho jaye mukamal

```G|-2--0-0-2-
D|--3----
```
Yeh afsaana

```B|-3-1--1--------
G|---3--3-2-3-2--0-2-
D|---------3---
```
Har mushkil aasaan ho jati

```G|-3-2-0-2-0-----2-0-0-
D|------3-1-3----
```
Main aur tum agar hum ho jate

```B|-1----------
G|-3-3-2-0----2-0-0-
D|-----3-1-3----
```
Main aur tum agar hum ho jate', 'Mohammed Irfan', 'The Xposé', 2014, NULL, 'http://tabandchord.com/2014/04/dard-dilo-ke-guitar-tab-xpose/', FALSE, '2018-08-29T02:40:24.916000+00:00', '2019-04-14T02:04:58.412000+00:00');
INSERT INTO public.note_tags (id, user_id, note_id, tag_id) VALUES ('ade619b3-0178-4259-bd05-2b84130575c2', '3917b9a9-a856-4f33-a910-6ad73f9fa25b', 'd10e33a0-ab2d-4982-aed9-c12a8be477fe', 'ca29fa62-24fc-4ecb-808c-f795c7122529');
INSERT INTO public.note_tags (id, user_id, note_id, tag_id) VALUES ('c9928e1e-966d-4524-a4b3-3db6b0dae431', '3917b9a9-a856-4f33-a910-6ad73f9fa25b', 'd10e33a0-ab2d-4982-aed9-c12a8be477fe', '94f83bf8-1cd6-44f7-9e77-dc2d9928b555');
INSERT INTO public.note_tags (id, user_id, note_id, tag_id) VALUES ('8b33ccb7-f637-4ce8-942c-e759be64bf43', '3917b9a9-a856-4f33-a910-6ad73f9fa25b', 'd10e33a0-ab2d-4982-aed9-c12a8be477fe', '22c9085c-724b-4679-aa10-b79b72f9b0be');
INSERT INTO public.notes (id, user_id, title, content, artist, album, release_year, metadata, "references", isPinned, created_at, updated_at) VALUES ('553ac788-1eba-4cd3-948c-572492212a60', '3917b9a9-a856-4f33-a910-6ad73f9fa25b', 'Shaktimaan', 'Shaktimaan shaktimaan shaktimaan
```e | - - - - - 1 - - - - - - - - - - - - - - - - - - - - -
B | - 2 - 3 - - - - 3 - 2 - - - - - - - 3 - 2 - - - -
G | - - - - - - - - - - - - - 4 - - - 1 - - - - - - - -
```

Shakti shakti shaktimaan          x2
```e | - - - - - - - - - - - - - - - - - - - - - - - - - - 
B | - 2-2-2-2-2-2 - 3 - - 2-2-2-2-2-2 - 0 - 
G | - - - - - - - - - - - - - - - - - - - - - - - - - -
```

Adbhut adamya saahas ki pari bhaasa hai
```e | - - - - - - - - - - - - - - - - - - - - - - - - - - - - - 
B | - - - - - - - - - - - - - - - - 3 - - - - 3 - - - - - 3 
G | - 4-6 - 4-6 - - - 6-4-6 - - - - - - - - 6-4-6 - - 
```

Ye mitati maanavta ki aasha hai
```e | - - - - - - - - - - - - - - - - - - - - - - - - - - 
B | - - - - 3 - - 3 - - - - - 3 - - - - - - - - - - - 
G | - 4-6 - - - - - 6-4-6 - - - - - 6/7 - 6-6 - 
```

Ye shrishti ki shakti ka vardaan hai
```e | - 1 - - - - 1 - - - - - 1 - - - - - - - - - - - - - -
B | - - 2 - 3 - - 2 - 3 - - - - - - - - - - - - - - - -
G | - - - - - - - - - - - - - - - - 4 - 4/7 - 6 - 7 - 
```

Ye avtar nahi hai ye insaan hai
```e | - - - - - - - - - - - - - - - - - - - - - - - - - - - - - 
B | - - - - - - - - - - - - - - - - - - - 3 - 6 - 3 - - - - 
G | - 4 - 6 - 7 - 4 - 6 - 7 - 4 - 6 - - - - - - - 6-6 -
```


Shaktimaan shaktimaan shaktimaan

Ye aatma shakti hai
Duniya badal shakti hai
Phoolo me dhal shakti hai
Sholo si jal shakti hai
Hota hai jab aadmi ko
Apna gyaan kahelaya wo
Shaktimaan shaktimaan
Shaktimaan shaktimaan.', 'Channi Singh', 'Shaktiman', 1993, NULL, NULL, FALSE, '2017-10-31T02:21:09.242000+00:00', '2017-10-31T05:11:55.155000+00:00');
INSERT INTO public.note_tags (id, user_id, note_id, tag_id) VALUES ('5274030a-bb98-4e41-9cdb-49ae16c126e1', '3917b9a9-a856-4f33-a910-6ad73f9fa25b', '553ac788-1eba-4cd3-948c-572492212a60', '22c9085c-724b-4679-aa10-b79b72f9b0be');
INSERT INTO public.note_tags (id, user_id, note_id, tag_id) VALUES ('9e6114b9-8148-4107-b050-0d83762bcf2d', '3917b9a9-a856-4f33-a910-6ad73f9fa25b', '553ac788-1eba-4cd3-948c-572492212a60', 'f22d1b82-b224-4a44-a581-b5c25015af54');
INSERT INTO public.notes (id, user_id, title, content, artist, album, release_year, metadata, "references", isPinned, created_at, updated_at) VALUES ('376e4b09-56f9-4f24-af66-4159cde585ee', '3917b9a9-a856-4f33-a910-6ad73f9fa25b', 'Pyar Deewana Hota Hai', '', 'Kumar Sanu', 'Pyar Deewana Hota Hai', 1992, NULL, 'http://blog.lematacademy.com/pyar-deewana-hota-hai-guitar-tab-kati-patang/', FALSE, '2019-04-22T03:52:48.891000+00:00', '2019-04-22T03:53:01.017000+00:00');
INSERT INTO public.note_tags (id, user_id, note_id, tag_id) VALUES ('4d3f14ae-8919-40f8-89f3-92778f8705c8', '3917b9a9-a856-4f33-a910-6ad73f9fa25b', '376e4b09-56f9-4f24-af66-4159cde585ee', 'ca29fa62-24fc-4ecb-808c-f795c7122529');
INSERT INTO public.note_tags (id, user_id, note_id, tag_id) VALUES ('7940f409-1ae1-417a-8d55-d65ee93c8b66', '3917b9a9-a856-4f33-a910-6ad73f9fa25b', '376e4b09-56f9-4f24-af66-4159cde585ee', '94f83bf8-1cd6-44f7-9e77-dc2d9928b555');
INSERT INTO public.note_tags (id, user_id, note_id, tag_id) VALUES ('b9f74fd3-4dff-401f-9115-63318ada1f11', '3917b9a9-a856-4f33-a910-6ad73f9fa25b', '376e4b09-56f9-4f24-af66-4159cde585ee', '22c9085c-724b-4679-aa10-b79b72f9b0be');
INSERT INTO public.notes (id, user_id, title, content, artist, album, release_year, metadata, "references", isPinned, created_at, updated_at) VALUES ('cfe0ac2c-6309-4cfe-9553-a8c180807327', '3917b9a9-a856-4f33-a910-6ad73f9fa25b', 'Pal kaisa pal', 'Intro
```e |------------------------------8----------------10-
B |-8------8--10---------8-----------8/10-------
```

Pal kaisa pal, Pal mein jaaye phisal
```e | -7----------7----------------------
B | -----8-10-------8-10-10--7-8-10-
```

Chaah ke bhi pakad paaun na
```e | ------------------------7-----
B | -7-8-8--7-8-10-------7-- 
```

Pal kaisa pal, Pal mein jaaye phisal
Chaah ke bhi pakad paaun na

Milke juda ho na paayega dil
```e | -7----------7-------10-10-------------
B | -----8-10-------8-----------10-8-10-
```

Dil ko main samajh paaun na
```e | -------------------------7-----
B | -7-8-8--7-8-10-------7-- 
```

Hmmm... khwahish hai itni si yaar
```e | -10----10-10-10-10-10-7-7-7/8-------
```

Der tak rukna abki baar
```e | -10-10-10-10-12-10-7--8-7-----8-7--
B| -----------------------------------------10--------
```

Pyaar ke lamhe ho''n hazaar
```e | -10-10-10--10-15-14-12-10--
```

Unhi mein sadiyaan jee lunga main
```e | -------------------7------------7-8-7-----
B| -10-10-10-8----10-10-------------10-
```

Oh... 
```e | -7------------------
B | -----10-8-10-8----
```

Pal kaisa pal, Pal mein jaaye phisal
```e | -7----------7----------------------
B | -----8-10-------8-10-10--7-8-10-
```

Chaah ke bhi pakad paaun na
```e | ------------------------7-----
B | -7-8-8--7-8-10-------7-- 
```

Milke juda ho na paayega dil
```e | -7----------7-------10-10--------------
B | -----8-10-------8------------10-8-10-
```

Dil ko main samajh paaun na
```e | ------------------------7-----
B | -7-8-8--7-8-10-------7-- 
```

Samajh paaun na...
```e | ------------10-10-----7-7/8h--
B | -7-8-10----------------------
```

Samajh paaun na...
```e | -7-7-----8-7-----------
B | ------10---------10-8--
```', 'Arijit Singh', 'Monsoon Shootout', 2017, NULL, 'https://www.youtube.com/watch?v=Qr-vq2wRcf8', FALSE, '2018-01-25T03:13:58.555000+00:00', '2019-01-20T10:32:34.199000+00:00');
INSERT INTO public.note_tags (id, user_id, note_id, tag_id) VALUES ('d196a2ca-7c91-4fe2-824c-081256e7ef4a', '3917b9a9-a856-4f33-a910-6ad73f9fa25b', 'cfe0ac2c-6309-4cfe-9553-a8c180807327', '39d6ed04-fc5c-427e-9060-9041887f4d0e');
INSERT INTO public.note_tags (id, user_id, note_id, tag_id) VALUES ('6c035e78-f8d5-46b0-8c19-c23216737dd8', '3917b9a9-a856-4f33-a910-6ad73f9fa25b', 'cfe0ac2c-6309-4cfe-9553-a8c180807327', '94f83bf8-1cd6-44f7-9e77-dc2d9928b555');
INSERT INTO public.note_tags (id, user_id, note_id, tag_id) VALUES ('a6a94560-834c-438c-8a37-96235061040a', '3917b9a9-a856-4f33-a910-6ad73f9fa25b', 'cfe0ac2c-6309-4cfe-9553-a8c180807327', '22c9085c-724b-4679-aa10-b79b72f9b0be');
INSERT INTO public.notes (id, user_id, title, content, artist, album, release_year, metadata, "references", isPinned, created_at, updated_at) VALUES ('26d501c5-a682-42ad-ae69-fb6745e4698c', '3917b9a9-a856-4f33-a910-6ad73f9fa25b', 'Tere Jaisa Yaar Kahan', '', 'Kishore Kumar', 'Yaarana & Dostana', 1981, NULL, 'https://www.youtube.com/watch?v=Nnh9irfR9U4', FALSE, '2018-09-04T16:14:42.876000+00:00', '2018-09-04T16:14:52.418000+00:00');
INSERT INTO public.note_tags (id, user_id, note_id, tag_id) VALUES ('51628f25-494f-4d58-afe2-c67e89bd199e', '3917b9a9-a856-4f33-a910-6ad73f9fa25b', '26d501c5-a682-42ad-ae69-fb6745e4698c', 'ca29fa62-24fc-4ecb-808c-f795c7122529');
INSERT INTO public.note_tags (id, user_id, note_id, tag_id) VALUES ('30916777-4d0b-43f0-bd28-c039d582cb18', '3917b9a9-a856-4f33-a910-6ad73f9fa25b', '26d501c5-a682-42ad-ae69-fb6745e4698c', '22c9085c-724b-4679-aa10-b79b72f9b0be');
INSERT INTO public.note_tags (id, user_id, note_id, tag_id) VALUES ('cd05d41b-8657-4811-a547-ad60778467dc', '3917b9a9-a856-4f33-a910-6ad73f9fa25b', '26d501c5-a682-42ad-ae69-fb6745e4698c', 'f22d1b82-b224-4a44-a581-b5c25015af54');
INSERT INTO public.notes (id, user_id, title, content, artist, album, release_year, metadata, "references", isPinned, created_at, updated_at) VALUES ('9c67203e-0906-4a50-9c8e-7533dec21bf3', '3917b9a9-a856-4f33-a910-6ad73f9fa25b', 'Funky Retro Mashup - 15 Songs', '(G)....(G)....(G)...(G)
(G)....(G)....(G)...(G)

Mere (G)Saamne Waali (C)Khidki Mein
Ek (G)Chaand Ka Tukda (C)Rehta Hai
Mere (G)Saamne Waali (C)Khidki Mein
Ek (G)Chaand Ka Tukda (C)Rehta Hai
Af(G)sos Ye Hai Ke (C)Vo Hamse
Kuchh (D)Ukhda (C)Ukhda (G)Rehta Hai

Ye (G)Chaand Saa Roshan Cheharaa, 
Zul(C)fon Kaa Rang Sunaharaa
Ye (G)jheel See Neelee Aankhe, 
Koee (C)Raaz Hai In Mein Gaharaa
Taa(G)reef Karu Kyaa (C)Us Kee, 
Jis (D)Ne Tumhe (G)Banaayaa

(G)Zaroorat hai zaroorat hai zaroorat hai
Ek shrimati ki kalawati ki
(C)Sewa kare jo pa(D)ti ki
(G)Zaroorat hai zaroorat hai zaroorat hai

(G)Hai apanaa dil to (C)aawaaraa, 
naa (D)jaane kis pe (C)aayegaa
(G)Hai apanaa dil to (C)aawaaraa,
naa (D)jaane kis pe (C)aayegaa

(G)Ina Mina Dika dai damo nika
Maka naka naka chika pika rika
Rumpum posh, rumpum posh

(G)Yun to humne laakh haseen dekhe hain
Tum(C)sa nahin (G)dekha, 
O tumsa nahin de(C)kha..(G)

Aajkal (G)Tere Mere Pyar Ke 
Charche Har (C)Zubaan Par
Sab Ko (D)Maloom Hai Aur 
Sabko Khabar (G)Ho Gayi         x2

(G)Dil deke dekho, Dil deke dekho, Dil deke dekho ji
(C)Dil lene waalon, Dil (D)dena Seekho ji

Ye (G)Shaam Mastaanii, 
Mada_Hosh Kiye Jaaye
Mujhe (C)Dor Koii (D)Khiiche, 
Terii (C)Ore Liye (G)Jaaye

(G)Aa Jaa Aa Jaa 
Main Hoon Pyaar Te(C)raa 
(D)Allaah Allaah 
Inkaar Te(C)raa
O (G)Aa Jaa 
Aah Aah Aa Jaa 

(G)Sar jo tera chakraye
Ya dil dooba jaye
(C)Aaja pyare paas hamare
(D)Kahe ghabaraye, (C)kahe ghabaraye

Chala jaa(G)ta hun, kisiki (C)dhun men
Dhadkate (G)dil ke taraane li(C)ye

(G)Ude Jab Jab Zulfe Teri
Ho Ude Jab Jab Zulfe Teri
Kavaariyo Kaa (C)Dil Machle
Kavaariyo Kaa (D)Dil Machle Jind Meriye
Jab (G)Aise Chikane Chehare
Ho Jab Aise Chikane Chehare
Toh Kaise Naa Na(C)jar Phisle
Toh Kaise Naa Na(D)jar Phisle Jind Meriye

(G)Dard-e-dil, (C)dard-e-jigar, 
(D)Dil men jagaaya (C) apane
(G)Pahale to main (C)shaayar tha, 
(G)Pahale to main (C)shaayar tha, 
(D)Aashik banaaya (C)apane

woo(G)ooh  ooohoo(C)oo 
woo(D)ooh ooohoo(G)oo
woo(G)ooh  ooohoo(C)oo 
woo(D)ooh ooohoo(G)oo', 'Persephone', 'Retro Funky', 2018, 'D DU UDU
Chords used : G, C, D', 'https://www.youtube.com/watch?v=QPlsvCmeqHQ&feature=youtu.be', FALSE, '2018-11-01T12:10:40.487000+00:00', '2018-11-15T15:26:45.734000+00:00');
INSERT INTO public.note_tags (id, user_id, note_id, tag_id) VALUES ('58abf647-3402-4d83-ac25-d1565fe10f89', '3917b9a9-a856-4f33-a910-6ad73f9fa25b', '9c67203e-0906-4a50-9c8e-7533dec21bf3', '07483aae-aaf2-498a-ad00-7abd0a0d46c3');
INSERT INTO public.note_tags (id, user_id, note_id, tag_id) VALUES ('37ed37ce-e97d-4200-9920-f5db44c6f7ae', '3917b9a9-a856-4f33-a910-6ad73f9fa25b', '9c67203e-0906-4a50-9c8e-7533dec21bf3', '26bec2c9-84b7-4e97-8246-28dd469f49cd');
INSERT INTO public.note_tags (id, user_id, note_id, tag_id) VALUES ('809f03e1-7fe0-462d-ad41-bcd405711a79', '3917b9a9-a856-4f33-a910-6ad73f9fa25b', '9c67203e-0906-4a50-9c8e-7533dec21bf3', 'f22d1b82-b224-4a44-a581-b5c25015af54');
INSERT INTO public.notes (id, user_id, title, content, artist, album, release_year, metadata, "references", isPinned, created_at, updated_at) VALUES ('411db1b2-c880-48dd-aadc-927471263004', '3917b9a9-a856-4f33-a910-6ad73f9fa25b', 'Chahu Main Ya Na', 'Tu Hi Ye Mujhko Bata De Chahun Main Ya Naa
```E|--0--8--7--8--7--5h7--7--5--3--3--5--7--5--5--
```

Apne Tu Dil Ka Pata De Chahun Main Ya Naa
```E|--0--8--7--8--7--5h7--7--5--3--3--5--7--5--5--
```

Itna Bata Doon Tujhko
```E|--12-12-12-10h/p12-10-10-10-
```
Chaahat Pe Apni Mujhko
```E|-10-10-10--8h/p10-8--8--8-
```
Yun Ton Nahi Ikhtiyaar
```E|-8--8--7--8--7--5--8--7--
```

Phir Bhi Yeh Socha Dil Ne
```E|--12-12-12-10h/p12-10-10-10-
```
Ab Jo Laga Hoon Milne
```E|-10-10-10--8h/p10-8--8--8-
```
Poochhu Tujhe Ek Baar
```E|-8--8--7--8--7--5--8--7-----5--4
```

Tu Hi Ye Mujhko Bata De Chahun Main Ya Naa
```E|--0--8--7--8--7--5h7--7--5--3--3--5--7--5--5--
```

Apne Tu Dil Ka Pata De Chahun Main Ya Naa
```E|--0--8--7--8--7--5h7--7--5--3--3--5--7--5--5--
```

Aisi Kabhi Pehle Hui Naa Thi Khwaahishein
```E|--5--8--5--3--5--8-----8--10-13-12-5--3---5\7--
```

O.. Kisi Se Bhi Milne Ki Naa Ki Thi Koshishein
```E|--5--8--5--3--5--8-----8--10-13-12-5--3---5\7--
```

Uljhan Meri Suljha De Chaahun Main Ya Naa
```E|--0--8--7--8--7--5h7--7--5--3--3--5--7--5--5--
```
Aankhon Aankhon Mein Jataa De Chaahun Main Ya Naa
```E|--0--8--7--8--7--5--7--7--5--3--3--5--7--5--5--5
```', 'Palak Muchhal, Arijit Singh', 'Aashiqui 2', 2013, 'Strumming-DD-UDU-DD
Chords used : Am, G, F, E, C, Em', 'https://youtu.be/gJxirJzHY7Y', FALSE, '2018-10-18T01:47:56.412000+00:00', '2018-10-31T14:37:50.401000+00:00');
INSERT INTO public.note_tags (id, user_id, note_id, tag_id) VALUES ('9364d248-3d51-4183-8b18-e1f63cd190e4', '3917b9a9-a856-4f33-a910-6ad73f9fa25b', '411db1b2-c880-48dd-aadc-927471263004', '94f83bf8-1cd6-44f7-9e77-dc2d9928b555');
INSERT INTO public.note_tags (id, user_id, note_id, tag_id) VALUES ('a2ce778d-57b1-4999-9798-fbc9ab5e8d41', '3917b9a9-a856-4f33-a910-6ad73f9fa25b', '411db1b2-c880-48dd-aadc-927471263004', '484fde0b-53ea-4d62-82d9-dff38182c04c');
INSERT INTO public.note_tags (id, user_id, note_id, tag_id) VALUES ('fd511b64-74b3-4569-ba26-cf49fa831641', '3917b9a9-a856-4f33-a910-6ad73f9fa25b', '411db1b2-c880-48dd-aadc-927471263004', '26bec2c9-84b7-4e97-8246-28dd469f49cd');
INSERT INTO public.notes (id, user_id, title, content, artist, album, release_year, metadata, "references", isPinned, created_at, updated_at) VALUES ('41ececca-30fa-4037-993a-1e26f67e8eb9', '3917b9a9-a856-4f33-a910-6ad73f9fa25b', 'Love Me Like You Do', '```e|---------------------------------------------------
B|---------------------------------------------------
G|-5-8-8-----5-8-8-----5-8-8-6-6-5-3--
```
You''re the light...you''re the night...You''re the color of my blood

```e|------------------------------------------------------------------
B|------------------------------------------------------------------
G|-------5-8-8----5-8-8-----5-8-8-6-6-5-3--1-3\5---
```
You''re the cure….you''re the pain….You''re the only thing I wanna touch

```e|-----------------------------------------------------------
B|---------9-8/6-6-------------------4\6-------4-4\6--
G|--8-8---------------------8-8-5-----------------------
```
 Never knew that it could mean so much, so much

You''re the fear….I don''t care….''Cause I''ve never been so high
Follow Me…....to the dark…...Let me take you past our satellites
You can see the world you brought to life, to life

```e|----4-6-6-6-4-4----------------6-6-6-6-6-4-4----
```
  So love me like you do….lo-lo-love me like you do

```e|--6-6-6-4-4-----6-6-6-6-8----------
B|---------------------------------------------------9-9---
```
  Love like you do….lo-lo-love me like you do

```e|--6-6-6-4-4-----6-6-6-6-6-4-4------
B|-------------------------------------------------------------6--
```
  Touch me like you do….to-to-touch like you do..

```e|------6-8-8-6-6---
B|--9---------------------
```
  What are you waiting for?

```e|---------------------------------------------------
B|---------------------------------------------------
G|-5-8-8-----5-8-8-----5-8-8-6-6-5-3--
```
  Fading in….Fading out….On the edge of paradise

```e|------------------------------------------------------------------
B|------------------------------------------------------------------
G|-------5-8-8----5-8-8-----5-8-8-6-6-5-3--1-3\5---
```
  Every inch….of your skin….is a holy gray I’ve got to find

```e|-----------------------------------------------------------
B|---------9-8/6-6-------------------4\6-------4-4\6--
G|--8-8---------------------8-8-5-----------------------
```
  Only you can set my heart on fire….on fire

```e|-------11--------------------------------------11------------------------------
B|------------11-13---------11-13 ------------------11-13----------11------
G|--8-8----------------13------------------8-----------------13---------13--
```
  Yeah…I’ll let you set the pace……….….’Cause….I’m not thinking straight 

```e|-------11---------------------------------------------------------6-8-8-6-6---
B|-----------11-13---------11-----------------------------------9------------------
G|---8---------------13---------10--13--8--10----5-3-5----------------------
```
  My head’s spinning around I can’t see clear no more…What are you waiting for?

```e|----4-6-6-6-4-4----------------6-6-6-6-6-4-4----
```
So love me like you do….lo-lo-love me like you do

```e|--6-6-6-4-4-----6-6-6-6-8----------
B|----------------------------------------9-9---
```
Love like you do….lo-lo-love me like you do

```e|--6-6-6-4-4-----6-6-6-6-6-4-4------
B|-----------------------------------------------6--
```
Touch me like you do….to-to-touch like you do..', 'Ellie Goulding', 'Fifty Shades of Grey (Original Motion Picture Soundtrack)', 2015, NULL, 'https://tabs.ultimate-guitar.com/tab/ellie_goulding/love_me_like_you_do_tabs_1743048', FALSE, '2018-07-29T08:06:44.380000+00:00', '2019-01-01T14:42:55.887000+00:00');
INSERT INTO public.note_tags (id, user_id, note_id, tag_id) VALUES ('7cf6be9d-f5ca-4deb-a95b-ebfd14d0eb3c', '3917b9a9-a856-4f33-a910-6ad73f9fa25b', '41ececca-30fa-4037-993a-1e26f67e8eb9', '22c9085c-724b-4679-aa10-b79b72f9b0be');
INSERT INTO public.note_tags (id, user_id, note_id, tag_id) VALUES ('4caba0f7-49c3-46ac-8877-e6a5c7e981dd', '3917b9a9-a856-4f33-a910-6ad73f9fa25b', '41ececca-30fa-4037-993a-1e26f67e8eb9', 'eebbc269-be1f-43e9-a641-4b2e91a39ff4');
INSERT INTO public.notes (id, user_id, title, content, artist, album, release_year, metadata, "references", isPinned, created_at, updated_at) VALUES ('ea06c589-a7d8-4c94-97a7-b291023e67d1', '3917b9a9-a856-4f33-a910-6ad73f9fa25b', 'Dekhte Dekhte (Sochta Hoon) (Am, F, Em, G)', '```e | - - - - - - - - - - - - - - - - - - - - - - - - - - -
B | - - - - -1 - - 0-1-3- - 1h3p1- -0 - - - -
G | - - - - - - - - - - - - - - - - - - - - - - - 0- - -
D | - - 2- - - - - - - - - - - - - - - - - - - - - - - - 
A | -0 - - - - - - - - - - - - - - - - - - - - - - - - - 
E | - - - - - - - - - - - - - - - - - - - - - - - - - - - 
```

```e | - - - - - - - - - - - - - - - - - - - - - - - - - - - - -
B | - - - - --1 - - 0-1-3- - 1h3p1- -0 - -  - - - - -
G | - - - - - - - - - - - - - - - - - - - - - - - - 0- - - -
D | - - - 2- - - - - - - - - - - - - - - - - - - - - - - - - -
A | - - - - - - - - - - - - - - - - - - - - - - - - - - - - -
E | - 3- - - - - - - - - - - - - - - - - - - - - - - - - - - - 
```

```e | - - - - - - - - - -0-1--0h1p0 - - - - - - - - - - - - - - - - - - -
B | - - - - - 1- 3- - - - - - - - - - - -3-1- - 1-3- .1h3p1 - - - -
G | - - - 2- - - - - - - - - - - - - - - - - - - - - - - - - - - - - - - 4- - 
D | - - - - - - - - - - - - - - - - - - - - - - - - - - - - -
A | - - - - - - - - - - - - - - - - - - - - - - - - - - - - -
E | -1 - - - - - - - - - - - - - - - - - - - - - - - - - - - - 
```


(Am)Razz k rulaya
(F)Razz k hasaya
(Em)Maine dil kho k
(F)Ishq (G)kamaya

(Am)Maanga jo usne
(F)Ek sitara
(Em)Humne zameen pe
(F)Chaand (G)bulaya

Jo (Am)aankhon se....(D) haayee...
woh jo (Am)aankho se ek pal na (D)ojhal huye
woh jo (Am)aankho se ek pal na (D)ojhal huye
(C)Lapata ho gaye (G)dekhte (Am)dekhte

(Am)Sochta hun,
(Am)Sochta hun k woh kitne (G)maasoom the
(Am)Sochta hun k woh kitne (G)maasoom the
(F)Kya se kya ho gaye ((Am)Dekhte Dekhte

(Am)Sochta hun k woh kitne (D)maasoom the
(G)Kya se kya ho gaye (C)Dekhte (Am)Dekhte

(Am)Aate jaate the jo saansh (G)banke kabhi
(Am)Aate jaate the jo saansh (G)banke kabhi
(F)Woh hawa ho gaye (Am)dekhte dekhte
(F)Woh hawa ho gaye .... (Am)haaye..

C  G  C  G
ohh oo ohhh...

(F)Woh hawa ho gaye (Am)dekhte dekhte
(F)Dil nida ho gaye (Am)dekhte dekhte
(F)Lapata ho gaye (Am)dekhte dekhte
(F)kya se kya ho gaye (Am)dekhte dekhte

Jeene (Am)marne k hum the (D)wajah aur humhi
Jeene (Am)marne k hum the (D)wajah aur humhi
(G)Bewajah ho gaye (C)dekhte (Am)dekhte

(Am)Sochta hun k woh kitne (D)maasoom the
(G)Kya se kya ho gaye (C)Dekhte (Am)Dekhte

(G)Kya se kya ho gaye

C 
ohhoo..hoo...', 'Atif Aslam', 'Batti Gul Meter Chalu', 2018, 'D UUD UUD DU   [ORIGINAL : D Chuck U   U Chuck U]
FingerStyle : 4 3 2 4 1 2 3 2', 'https://www.youtube.com/watch?v=YuidBFaG42g', FALSE, '2018-12-17T16:48:23.909000+00:00', '2019-01-25T02:49:03.788000+00:00');
INSERT INTO public.note_tags (id, user_id, note_id, tag_id) VALUES ('866941e5-b508-44a4-afa0-721378986240', '3917b9a9-a856-4f33-a910-6ad73f9fa25b', 'ea06c589-a7d8-4c94-97a7-b291023e67d1', '94f83bf8-1cd6-44f7-9e77-dc2d9928b555');
INSERT INTO public.note_tags (id, user_id, note_id, tag_id) VALUES ('f338d0b5-8707-4fa7-b8d0-a69c2532fa53', '3917b9a9-a856-4f33-a910-6ad73f9fa25b', 'ea06c589-a7d8-4c94-97a7-b291023e67d1', '375ee2c2-3bd4-473f-afd0-87ef7a38f19a');
INSERT INTO public.note_tags (id, user_id, note_id, tag_id) VALUES ('f1af008a-3acd-470c-94b8-a5f489ea416e', '3917b9a9-a856-4f33-a910-6ad73f9fa25b', 'ea06c589-a7d8-4c94-97a7-b291023e67d1', '26bec2c9-84b7-4e97-8246-28dd469f49cd');
INSERT INTO public.notes (id, user_id, title, content, artist, album, release_year, metadata, "references", isPinned, created_at, updated_at) VALUES ('5d868c05-9167-4e95-be21-327bfbeebe0d', '3917b9a9-a856-4f33-a910-6ad73f9fa25b', 'O Sanam', 'Strum : D UUD UUD DU

Intro  (https://youtu.be/4LFO6oZmHWY?t=163)
tududu tududu tudu du tun-tunun.....x4

(G)Hmmm..(C).....(A)...(D)...
Intro again.....x2

(G)Shaam (D)sawere teri (C)yaadein aa(D)ti hain
(G)Aake (D)dil ko mere (C)yun tadpaa(D)ti hain
(C)O (D)Sanam, mo(C)habbat ki (D)kasammmmm

Intro again.....x2

(G)Milke bi(D)chhad naa to das(C)toor ho (D)gaya
(G)Yadoon (D)mein teri maj(C)boor ho (D)gaya
(C)O (D)Sanam, teri (C)yadoon ki (D)kasammmmm

Intro again.....x2
(G)Hmmm..(C).....(A)...(D)...
Intro again.....x2

(G)Samjhe zamaana ke (D)dil hai khilona
(C)Jaana hai ab kya hai (D)dil ka lagana
(C)Nazron se ab naa (D)humko girana
(C)Mar bhi gaye to (D)bhul na jaana

Intro again.....x2

(G)Aankhon mein (D)basi ho, par (C)door ho (D)kahin
(G)Dil ke (D)kareeb ho ye (C)mujhko hai (D)yakin
(C)O (D)Sanam, tere (C)pyar ki (D)kasammmmm

Intro again.....x2
(G)Hmmm..(C).....(A)...(D)...
Intro again.....x2', 'Lucky Ali', 'Sunoh', 1996, '**In link there is a better version which needs guitar tuning change**
Chords used : G, C, A, D', 'https://www.youtube.com/watch?v=4LFO6oZmHWY', FALSE, '2020-12-06T04:11:59.247000+00:00', '2020-12-06T04:31:41.368000+00:00');
INSERT INTO public.note_tags (id, user_id, note_id, tag_id) VALUES ('f1be3827-cd87-4843-9302-5a9d37906089', '3917b9a9-a856-4f33-a910-6ad73f9fa25b', '5d868c05-9167-4e95-be21-327bfbeebe0d', '39d6ed04-fc5c-427e-9060-9041887f4d0e');
INSERT INTO public.note_tags (id, user_id, note_id, tag_id) VALUES ('6a047433-6c64-43c7-bdf8-6f749e6b1ca2', '3917b9a9-a856-4f33-a910-6ad73f9fa25b', '5d868c05-9167-4e95-be21-327bfbeebe0d', '26bec2c9-84b7-4e97-8246-28dd469f49cd');
INSERT INTO public.note_tags (id, user_id, note_id, tag_id) VALUES ('092a6171-ad11-4c2b-937d-2ad6002ffe14', '3917b9a9-a856-4f33-a910-6ad73f9fa25b', '5d868c05-9167-4e95-be21-327bfbeebe0d', 'f22d1b82-b224-4a44-a581-b5c25015af54');
INSERT INTO public.notes (id, user_id, title, content, artist, album, release_year, metadata, "references", isPinned, created_at, updated_at) VALUES ('9ef41a5e-c605-4ea9-ae05-d63f119d1a3a', '3917b9a9-a856-4f33-a910-6ad73f9fa25b', 'Ek Ladki Ko Dekha To Aisa Laga - Darshan Raval', '===========FINGERSTYLE===============
(G)Akhiyaan De Kol reh Jaane(Em7) De
Kahna Hai (C)Jo, Kah Jaane(D) De(G)

===========Complicated INTRO===============

(G)Tere Khyalon Mein
Beetein Ye(D) Raatein
(C)Dil Mera Maangein
Ek Hi (D)Dua...

​(G)Tu Samne Ho Aur
(D)Karoon Main Baatein
Lamha Rahe(C) Yun
Thehra(D) Hua...

===========D Dd Ddd===============
​(Am)Pehle To Kabhi Yun
Mujhko Na (G)Aisa Kuch (D)Hua
(Am)Deewani Lahron Ko
Jaise (G)Saahil(D) Mila

===========D U U===============
​(G)Ek Ladki Ko Dekha To (D)Aisa (C)Laga
(G)Ek Ladki Ko Dekha To (Em)Aisa Laga...

```e | - - - - - - - - - - - - - - - - - - - - - - - 
B | - - - - - - - - - - - - - - - - - - - -3 - - 
G | - 0-2-4-2-0- - - - -0-2-0-2 - - - -
D | - - - - - - - - - 0- - - - - - - - - - - - - 
```

===========D U Chuck D  UUD DU===============
​O Mere(G) Sohneya Ve  (C)Chadd Saari Galiyaan Main
(Em)Naal Tere Turr (C)Chaleya Main
(G)Le Chal Mujhko (C)Duniya Se Tu (Am)Door

​(G)Chori Chori Jadd Tainu (C)Takkeya Main
(Em)Khud Ko Sambhal Na (C)Sakeya Main
(G)Chadh Gaya Sajna (Am)Tera Yeh (D)Fitoor

===========D DU UDU===============
​(G)Rang jaani Re, (Em)Marjaani Ra
Kahni Jo (C)Thi, Keh De Wo (D)Baat............x2

(G)Ek Ladki Ko Dekha To (D)Aisa (C)Laga
(G)Ek Ladki Ko Dekha To (Em)Aisa Laga', 'Darshan Raval', 'Ek Ladki Ko Dekha Toh Aisa Laga', 2019, 'Capo at 3
Patern 1  : D U U  (Up with 3 fingers) (https://youtu.be/OhLVdCCMQP4?t=68)
Pattern 2 : D DU UDU
Pattern 3 : D U Chuck D  UUD DU', 'https://www.youtube.com/watch?v=OhLVdCCMQP4', FALSE, '2020-03-14T03:30:30.393000+00:00', '2020-03-23T04:37:24.580000+00:00');
INSERT INTO public.note_tags (id, user_id, note_id, tag_id) VALUES ('e0fa7b34-aaf4-414a-9c85-53de16ae4771', '3917b9a9-a856-4f33-a910-6ad73f9fa25b', '9ef41a5e-c605-4ea9-ae05-d63f119d1a3a', '39d6ed04-fc5c-427e-9060-9041887f4d0e');
INSERT INTO public.note_tags (id, user_id, note_id, tag_id) VALUES ('51da4f4a-3e67-408d-804c-434d076eb9d7', '3917b9a9-a856-4f33-a910-6ad73f9fa25b', '9ef41a5e-c605-4ea9-ae05-d63f119d1a3a', '94f83bf8-1cd6-44f7-9e77-dc2d9928b555');
INSERT INTO public.note_tags (id, user_id, note_id, tag_id) VALUES ('4b08f60a-ce81-48cc-bce6-b27584ae596d', '3917b9a9-a856-4f33-a910-6ad73f9fa25b', '9ef41a5e-c605-4ea9-ae05-d63f119d1a3a', '26bec2c9-84b7-4e97-8246-28dd469f49cd');
INSERT INTO public.notes (id, user_id, title, content, artist, album, release_year, metadata, "references", isPinned, created_at, updated_at) VALUES ('f00a9c83-8879-4c73-961c-6ca387a7e225', '3917b9a9-a856-4f33-a910-6ad73f9fa25b', 'Aahista aahista - Swades', 'Aahista aahista aahista aahista
Nindiya tu aa in do nainon mein
Halke se holle se kuch sapne bhole se
Nindiya tu laa in do nainon mein ho

Bahe soyi soyi jaise saari hawaayein
Sama bhi hai soya soya sa

Nindiya re nindiya re tu mere angna re aaja re
In jhukti palkon pe chhaa jaa re

Aahista aahista aahista aahista
Nindiya tu aa hmm hmm hmm

Mulaayam mulaayam si neeli neeli raat hai
Thapakti hai is dil ko yaadein kayeen
Yaadon ke paalne mein koyi khoyi khoyi baat hai
Woh nindiya ab aake tu meri dil ki lori gaake
Mere khoye sapne dikhlaade haay
Yaadon ka palna jhula de

Aahista aahista aahista aahista
Nindiya tu aa um hmm hmm hmm - (x2)

Mehki hawa ki reshmi chaadar kaho toh bichha doon
Neel gagan se chaand ko leke takiya bana doon

Chaandni laake tumko odhhaake
Main gungunaaun geet koyi
Us pal hi chupke se phir nindiya
Aa jaaye palkon pe jaise thhaher jaaye oh
Meethhi mithhi nindiya aaye

Aahista aahista aahista aahista
Nindiya tu aa in do nainon mein
Halke se holle se kuch sapne bhole se
Nindiya tu laa in do nainon mein

Bahe soyi soyi jaise saari hawaayein
Sama bhi hai soya soya sa

Nindiya re nindiya re tu mere angna re
Aaja re aaja re
In jhukti palkon pe chhaa jaa re
Aahista aahista', 'Udit Narayan, Sadhana Sargam', 'Swades', 2004, 'Only two notes throughout : 5th string third fret & 2nd string 1st fret
Pattern : 5 - 2 -  - 2', 'https://www.youtube.com/watch?v=bL_3ye2jLzU', FALSE, '2022-02-24T13:10:53.964000+00:00', '2022-02-27T10:59:25.688000+00:00');
INSERT INTO public.note_tags (id, user_id, note_id, tag_id) VALUES ('9c37d909-a706-4ff9-8c87-c5f57b3894ad', '3917b9a9-a856-4f33-a910-6ad73f9fa25b', 'f00a9c83-8879-4c73-961c-6ca387a7e225', '94f83bf8-1cd6-44f7-9e77-dc2d9928b555');
INSERT INTO public.note_tags (id, user_id, note_id, tag_id) VALUES ('52a8f38a-6f9a-40f7-abb3-e730c90ef823', '3917b9a9-a856-4f33-a910-6ad73f9fa25b', 'f00a9c83-8879-4c73-961c-6ca387a7e225', '375ee2c2-3bd4-473f-afd0-87ef7a38f19a');
INSERT INTO public.note_tags (id, user_id, note_id, tag_id) VALUES ('8ebd4626-4169-4be5-bb65-7c0592ae464f', '3917b9a9-a856-4f33-a910-6ad73f9fa25b', 'f00a9c83-8879-4c73-961c-6ca387a7e225', '26bec2c9-84b7-4e97-8246-28dd469f49cd');
INSERT INTO public.notes (id, user_id, title, content, artist, album, release_year, metadata, "references", isPinned, created_at, updated_at) VALUES ('2e09bb64-5aa1-4309-b3e7-74d32412cc64', '3917b9a9-a856-4f33-a910-6ad73f9fa25b', 'Mere Mehboob Qayamat Hogi', '```E |------------
B |----3-1/3-1-------
G |-0-2-3------3-2-0----0-0-----2--
D |--------------3-----3-
```
Mere Mehboob Qayamat Hogi

```E |------------
B |------------
G |-0-2-3-2-0-0-2-2-2------0----2-0--
D |-----------3-1-3-0-1----3-----
```
Aaj Rusva Teri Galiyon Mein mnMohabbat Hogi

```E |------------
B |----3-1/3-1-------
G |-0-2-3------3-2-0-----0-0-----2--
D |--------------3-----3-
```
Meri Nazrein To Gila Karti Hain

```E |------------
B |------------
G |-0-2-3-2-0-0-2-2-2--------0----2-0--
D |-----------3-1-3-0-1------3-----
```
Tere Dil Ko Bhi Sanam Tujhse Shikayat Hogi
.
.
```E |------------
B |------------
G |-3-3-2-3-3-2-0-2-0-0-----
```
Teri Gali Mein Aata Sanam

```E |------------
B |------1------
G |-3-3-3-2----3-3-2-0-2-0-0----
```
Nagma Wafa Ka Gaata Sanam

```E |------------
B |-1-1-1-1-1----------
G |------3-3-2-0-2-0-0----
```
Tujhse Suna Na Jaata Sanam

```E |------------
B |-3-3-3/6-4-3-4-3-1------
```
Phir Aaj Idhar

```E |------------
B |-1-1/4-3-1-3-1---------
G |--------3----
```
Aaya Hoon Magar

```E |------------
B |---3-1/3--------
G |-3-3-----2-2-2/3-2-0-----
```
Yeh Kehne Maein Deewana

```E |------------
B |----3-1/3-1-------
G |-0-2-3------3-2-0-----0-0-----2--
D |--------------3------3-
```
Khatm Bas Aaj Yeh wehshat Hogi

```E |------------
B |------------
G |-0-2-3-2-0-0-2-2-2--------0----2-0--
D |-----------3-1-3-0-1------3-----
```
Aaj Rusva Teri Galiyon Mein Mohabbat Hogi
.
.
.
Meri Tarah Tu Aahen Bhare

Tu Bhi Kisise Pyar Kare

Aur Rahe Voh Tujhse Parey

Toone O Sanam Dhaye Hain Sitam To Yeh Tu Bhool Na Jaana

Ki Na Tujhpe Bhi Inayat Hogi 

Aaj Rusva Teri Galiyon Mein Mohabbat Hogi

Mere Mehboob…





Mere Mehboob Qayamat Hogi

Aaj Rusva Teri Galiyon Mein Mohabbat Hogi

Naam Niklega Tera Hi Lab Se

Jaan Jab Iss Dil-E-Nakam Se Rukhsat Hogi

Mere Mehboob…



Mere Sanam Ke Dar Se Agar

Baad-E-Saba Ho Tera Guzar 

Kehna Sitamgar Kuchh Hai Khabar

Tera Naam Liya Jab Tak Bhi Jiya Ae Shama Tera Parwana

Jisse ab tak tujhe Nafrat Hogi

Aaj Rusva Teri Galiyon Mein Mohabbat Hogi

Mere Mehboob…', 'Kishore Kumar', 'Mr. X in Bombay', 1964, NULL, NULL, FALSE, '2017-11-03T16:27:51.652000+00:00', '2020-08-25T02:24:17.366000+00:00');
INSERT INTO public.note_tags (id, user_id, note_id, tag_id) VALUES ('5d774469-2f42-493c-920c-21c51fa67b4a', '3917b9a9-a856-4f33-a910-6ad73f9fa25b', '2e09bb64-5aa1-4309-b3e7-74d32412cc64', '22c9085c-724b-4679-aa10-b79b72f9b0be');
INSERT INTO public.note_tags (id, user_id, note_id, tag_id) VALUES ('de60b951-3a9b-4d5b-b050-eb25444fec09', '3917b9a9-a856-4f33-a910-6ad73f9fa25b', '2e09bb64-5aa1-4309-b3e7-74d32412cc64', 'f22d1b82-b224-4a44-a581-b5c25015af54');
INSERT INTO public.notes (id, user_id, title, content, artist, album, release_year, metadata, "references", isPinned, created_at, updated_at) VALUES ('ac41fdea-28b2-4c01-9cf3-bec6bae42e95', '3917b9a9-a856-4f33-a910-6ad73f9fa25b', 'Lollipop Lagelu - Siddharth Slathia', 'INTRO (Em) (D) (Em) (D)

(Em)Lagaweli jab lipi(D)stic , hi(Em)lela arra dis(D)trict
Tu, lag(Em)aweli jab lipis(D)tic , hil(Em)ela arra distr(D)ic
Zilla t(C)op lalelu
Komar(Em)iya Komar(D)iya Komariya k(Em)ar lopa loa(D)p, lalipop lage(Em)lu
(Em)Komariya kare lopa lo(D)ap, lali(Em)pop lagelu

INSTRUMENTAL (Em) (D) (Em)

(Em)Ghaghra pa ch(D)apra hile
(C)Boli pe chalela g(Em)oli
(Em)Dupatta chalw(D)awe katta
(C)Mar karawela la ch(Em)oli(D) x2

(Em)Dekhike chadhal ja(D)wani
(Em)Hile patna rajd(D)hani
(Em)Dekhike chadhal ja(D)wani
(Em)Hile patna rajd(D)hani
Malai b(D)araf lage l(C)u...x2

Komar(Em)iya Komar(D)iya Komariya k(Em)ar lopa loa(D)p, lalipop lage(Em)lu
(Em)Komariya kare lopa lo(D)ap, lali(Em)pop lagelu', 'Siddharth Slathia', 'Lollipop Lagelu (Siddharth Slathia Version)', 2016, 'Scale: E Minor
Time Signature: 4/4
Tempo: 120
Strumming: DU DU DU DU
Fingerstyle : 5 3 2 3 1 2 3 2
Chords used : Em, D, C', 'https://www.youtube.com/watch?v=l4aCho0jbmw', FALSE, '2019-03-09T03:35:00.477000+00:00', '2022-02-20T11:59:08.328000+00:00');
INSERT INTO public.note_tags (id, user_id, note_id, tag_id) VALUES ('6c193691-f698-4414-947d-5309fe224c40', '3917b9a9-a856-4f33-a910-6ad73f9fa25b', 'ac41fdea-28b2-4c01-9cf3-bec6bae42e95', '375ee2c2-3bd4-473f-afd0-87ef7a38f19a');
INSERT INTO public.note_tags (id, user_id, note_id, tag_id) VALUES ('04efbf0a-1b03-472f-a60f-174020abec3e', '3917b9a9-a856-4f33-a910-6ad73f9fa25b', 'ac41fdea-28b2-4c01-9cf3-bec6bae42e95', '2478154f-b5c6-43c0-86a6-9c5190154ada');
INSERT INTO public.note_tags (id, user_id, note_id, tag_id) VALUES ('ad9f44ec-d165-4d47-987e-508a8f65fc67', '3917b9a9-a856-4f33-a910-6ad73f9fa25b', 'ac41fdea-28b2-4c01-9cf3-bec6bae42e95', '26bec2c9-84b7-4e97-8246-28dd469f49cd');
INSERT INTO public.notes (id, user_id, title, content, artist, album, release_year, metadata, "references", isPinned, created_at, updated_at) VALUES ('d7efe60b-d219-42e0-b80a-8b6196edfe5e', '3917b9a9-a856-4f33-a910-6ad73f9fa25b', 'Dhokha - Arijit Singh', '(Em) Dil Se Chahne Ki Mujheyy(C) Saza Dete Hoo
Main (E) Rota Hoonn Aur Tum Maza (C) Lete Hoo

(Em) Teri Shikayatt Karr Doonn
(C) Tujhko Gale Laga Karrr

(Em) Teri Shikayat Kar Doon
(C) Tujhko Gale Laga Karr
(Em) Teri Galtiyon Ko Phirr Se
(Am) Jaaun Tujhkoo Samjhakar

Main (Em) Ja Rahaa Hoon (Bm)Door
Tum (A) Awaz Dogi (Em)Kyaa ...................(x2)

(Em) Tera Naam Dhokha (G)Rakhh Doon
Naa(A)raaz Hogii (Em)Kyaaa   ...................(x2)

Jab (Em)Dil Meinn Duaa (Bm) Nahii Hainn
Na(A)maz Dogi Kyaa(Em) 
Jab (Em)Dill Mein Duaa (G) Nahi Hai
Na(A)maz Dogi Kyaa(Em) 

(Em) Tera Naam Dhokha (G)Rakhh Doon
Naa(A)raaz Hogii (Em)Kyaaa   ...................(x2)

Tune (Em) Jis Tarah Se Lootaa
(A)Aahat Bhi Na Hone(Em) Dii 
(Em)Haan Tune (Em) Jiss Tarah Se Lootaa
(A)Aahat Bhi Na Honee (Em) Dii

Mujhe (G)Apna Nasha (A) Karaya
Aur (A) Aadat Bhi Naa Hone(Em) Dii 
Mujhe (Em) Apna Nasha (A) Karaya
Aur (A)Aadat Bhi Na (Em) Hone Di

(Em) Kitna Loota Hai (Bm) Tumne
Tum (A) Hisaab Dogi (Em) Kyaa
Kitna(Em) Lootaa Hai (Bm) Tumneyy
Tum (A) Hisaab Dogi (Em) Kyaa

(Em) Tera Naam Dhokha (G)Rakhh Doon
Naa(A)raaz Hogii (Em)Kyaaa   ...................(x2)

(Em) Kaise Chhodun Main Tumko
Tum (A) Jawab Dogi Kya
Kaise (Em) Chhodun Main Tumko
Tum (A) Jawab Dogi Kya

(Em) Tera Naam Dhokha (G)Rakhh Doon
(A) Naaraaz Hogi (Em)Kyaa
(Em) Tera Naam Dhokha (G)Rakhh Doon
Naa(A)raaz Hogii (Em)Kyaaa

Haan (Em) Kitne Khanjar Peeth Pe Meri
(C#) Ginkar Toh Batao(Em) 
Dhayan Se (Em) Gin’na Bewafa
Kahin (Am) Ginti Na Bhool Jaao

(Am) Dekhna Hai Hum(C)ko
Tum Mere Dil Ke Andar Aao
(C#7/C#) Chaukna Mat Jab Andar
Tum Apni (Em) Tasveer Paao

Jala Doon Jo (Em) Tasveer Teri
U(A)daas Hogi (Em) Kya
(Em) Jala Doon Jo Tas(Bm)veer Teri
(A) Udaas Hogi Kya

(Em) Tera Naam Dhokha (G)Rakhh Doon
(A) Naaraaz Hogi (Em)Kyaa
(Em) Tera Naam Dhokha (G)Rakhh Doon
Naa(A)raaz Hogii (Em)Kyaaa

(Em) Jab Dil Mein Dua (Bm) Nahi Hai
(A) Namaz Dogi Kya(Em) 
Jab Dil Mein Dua (Bm) Nahi Hai
Na(A)maz Dogi Kya

(Em) Tera Naam Dhokha (G)Rakhh Doon
(A) Naaraaz Hogi (Em)Kyaa
(Em) Tera Naam Dhokha (G)Rakhh Doon
Naa(A)raaz Hogii (Em)Kyaaa

Kahaani Boori Nahi Thi Ishq Ki Merey
Bas Tere Jaise Kuchh Kirdaarr Dhokhebaaz Nikley', 'Arijit Singh', 'Dhokha', 2022, 'Capo at 2
Fingerstyle : 5-4-3-1-2-3
Strumming : D UU D UU D (DU)', 'https://www.youtube.com/watch?v=JfMXDVpt7oE', FALSE, '2022-04-19T05:41:10.865000+00:00', '2022-07-01T13:31:57.623000+00:00');
INSERT INTO public.note_tags (id, user_id, note_id, tag_id) VALUES ('5960deec-d6d9-420e-8a0f-11eb1e4553aa', '3917b9a9-a856-4f33-a910-6ad73f9fa25b', 'd7efe60b-d219-42e0-b80a-8b6196edfe5e', '94f83bf8-1cd6-44f7-9e77-dc2d9928b555');
INSERT INTO public.note_tags (id, user_id, note_id, tag_id) VALUES ('fac82cda-b6f2-4ec4-b0cb-7d71879739e9', '3917b9a9-a856-4f33-a910-6ad73f9fa25b', 'd7efe60b-d219-42e0-b80a-8b6196edfe5e', '26bec2c9-84b7-4e97-8246-28dd469f49cd');
INSERT INTO public.notes (id, user_id, title, content, artist, album, release_year, metadata, "references", isPinned, created_at, updated_at) VALUES ('7e3d2d82-7456-4baf-abd5-d039e74504d5', '3917b9a9-a856-4f33-a910-6ad73f9fa25b', 'Hawayein - Shaukeens', 'Tujh(D)ko...
main rakh loon wa(G)han
Jahan pe ka(A)hin hai mera ya(D)keen

Main (D)jo.. 
tera na (G)hua
Kisika na(A)hi, kisika na(D)hi

Le jaye jane ka(G)han
Hawayein hawayein
Le jaye tujhe ka(D)han
Hawayein hawayein
Begani hai yeh baa(G)gi
Hawayein hawayein
Le jaye mujhe ka(D)han
Hawayein hawayein

Le jaye jane ka(Em)han
Na mujhko kha(A)bar
Na tujhko pa(D)ta

O o (G)o… 
O o (D)o… 
O o (G)o… 
O o (D)o…(A)...(D) 

Banati hai jo (D)tu
Woh yaadein jane
(A)Sang mere kab tak cha(G)le
Inhi mein toh me(Em)ri
Subah bhi dhale
(A)Shaame dhale mausam dha(D)le

Khayalon ka shaher
Tu jaane tere
(A)Hone se hi abaad (G)hai
Hawayein haq (Em)mein
Wohi hai aate (A)jaate
Jo tera naam (D)le

Deti hai jo sa(G)dayein
Hawaye hawaye
Na jane kya ba(D)taye
Hawaye hawaye
Le jaye tujhe ka(G)han
Hawayein hawayein
Le jaye mujhe ka(D)han
Hawayein hawayein

Le jaye jane ka(Em)han
Na mujhko kha(A)bar
Na tujhko pa(D)ta

O o (G)o…
O o (D)o…
O o (G)o…
O o (D)o…(A)...(D)', 'Pritam, Arijit Singh', 'Jab Harry Met Sejal', 2017, 'D DU UDU
Chords used : D, G, A, Em', 'https://youtu.be/juAtl5LdTEw', FALSE, '2018-10-30T04:32:50.787000+00:00', '2018-10-31T16:26:03.417000+00:00');
INSERT INTO public.note_tags (id, user_id, note_id, tag_id) VALUES ('59dcab77-d9db-4d0c-aa70-b0e2c806fd2e', '3917b9a9-a856-4f33-a910-6ad73f9fa25b', '7e3d2d82-7456-4baf-abd5-d039e74504d5', '94f83bf8-1cd6-44f7-9e77-dc2d9928b555');
INSERT INTO public.note_tags (id, user_id, note_id, tag_id) VALUES ('0e64885b-c7e1-4650-b7b6-fa5062254164', '3917b9a9-a856-4f33-a910-6ad73f9fa25b', '7e3d2d82-7456-4baf-abd5-d039e74504d5', '26bec2c9-84b7-4e97-8246-28dd469f49cd');
INSERT INTO public.notes (id, user_id, title, content, artist, album, release_year, metadata, "references", isPinned, created_at, updated_at) VALUES ('b08ce99d-7a33-4b96-a56f-174633c3eeed', '3917b9a9-a856-4f33-a910-6ad73f9fa25b', 'Kaise Hua', 'Music:
[Am] [Am]

=========PALM MUTING========
[Am]Hasta Rehta Hun, Tujhse Mil kar Kyun [Em]Aajkal
[Am]Badle Badle Hain Mere Tevar Kyun [Em]Aajkal

=========STRUMMING========
Aankhein [F]Meri [G]Har [C]Jagah
Dhundein [F]Tujhe [G]Be[C]wajah
Yeh Me Hu [F]Ya Koi Or [Dm]Hai Meri [G]Tarah

[C]Kaise Hua, [Em]Kaise Hua
Tu [F]Itna Jaruri [G]Kaise Hua
[C]Kaise Hua, [Em]Kaise Hua
Tu [F]Itna Jaruri [G]Kaise Hua

Music:
[C] [C] [Em] [Em] [C] [C]

=========PALM MUTING========
Me [C]Baarish Ki Boli Samjhata Nahi Tha
[Em]Hawaaon Se Me Yun Ulajhta Nahi Tha
Hai [F]Seene Mein Dil Bhi
Kahan Thi [G]Mujhe Ye [C]Khabar [G]

=========STRUMMING========
[Am]Kahi Pe Ho Raatein
[Am]Kahi Pe Savere
[Em]Awaargi Hi Rahi Saath Mere
[F]Thehar Ja, Thehar Ja
Ye Kehti Hai [G]Teri [C]Nazar [Em]

[Am]Kya Haal Ho [Dm]Gaya Hai [G]Mera
Aankhein [F]Meri [G]Har [C]Jagah
Dhundein [F]Tujhe [G]Be[C]wajah
Yeh Me Hu [F]Ya Koi Or [Dm]Hai Meri [G]Tarah

[C]Kaise Hua, [Em]Kaise Hua
Tu [F]Itna Jaruri [G]Kaise Hua
[C]Kaise Hua, [Em]Kaise Hua
Tu [F]Itna Jaruri [G]Kaise Hua [C]', 'Vishal Mishra', 'Kabir Singh', 2019, 'Original Scale: Bm
Capo : 2nd Fret
Strumming : D DUDU
Palm muting : Dddddd
Chords used : Am, Em, F, G, C, Dm', 'https://www.youtube.com/watch?v=wFaxPagr830', FALSE, '2022-01-17T05:33:53.727000+00:00', '2022-01-17T05:43:43.066000+00:00');
INSERT INTO public.note_tags (id, user_id, note_id, tag_id) VALUES ('feede774-3953-4954-8c35-454c9d0545ba', '3917b9a9-a856-4f33-a910-6ad73f9fa25b', 'b08ce99d-7a33-4b96-a56f-174633c3eeed', '39d6ed04-fc5c-427e-9060-9041887f4d0e');
INSERT INTO public.note_tags (id, user_id, note_id, tag_id) VALUES ('b00040ff-bdfc-46be-9932-0a98b7f2b36c', '3917b9a9-a856-4f33-a910-6ad73f9fa25b', 'b08ce99d-7a33-4b96-a56f-174633c3eeed', '94f83bf8-1cd6-44f7-9e77-dc2d9928b555');
INSERT INTO public.note_tags (id, user_id, note_id, tag_id) VALUES ('56959bb0-4deb-412e-bd05-fc79dd4b1ce4', '3917b9a9-a856-4f33-a910-6ad73f9fa25b', 'b08ce99d-7a33-4b96-a56f-174633c3eeed', '26bec2c9-84b7-4e97-8246-28dd469f49cd');
INSERT INTO public.notes (id, user_id, title, content, artist, album, release_year, metadata, "references", isPinned, created_at, updated_at) VALUES ('5f2f5bfd-8820-4e25-8476-cb055c92fd4f', '3917b9a9-a856-4f33-a910-6ad73f9fa25b', 'Awari - Ek Villain :', 'INTRO               
Am                                                          -->  5 4 3  (Open)2 2 1 3 2
Am (Pinky on 3rd fret 6 string)           --> 6 4 3  (Open)2 2 1 3 2
Am (Index on 1st fret 6 string)           --> 6 4 3  (Open)2 2 1 3 2
Am (Pinky on 3rd fret 6 string)           --> 6 4 3  (Open)2 2 1 3 2

Teri ba(Am)hon mein jo su(C)koon tha mila
Maine dhoonda bohut par (G)fir na mi(Am)la
(Am)Duniya chhoona chahe mujhko (G)yoon
(Am)jaise unki saari ki saari (C)main
(Am)duniya dekhe roop meraa(G)aaa
(Am)koi na jaane be(C)chaari main

haaye (Am)tooti saari ki saari (G)mein
tere (F)ishq me hui (G)awaari (Am)mein
haaye (C)tooti saari ki saari (G)main.(F)...(G)...
tere (F)ishq main hui awaari (G)main 

Koi (Am)shaam bulaaye
koi (F)daam la(G)gaaye
main bhi (Am)oopar se hasti
par andar se (G)haaye

kyu (G)dard chupaaye (F)baithi (G)hai
(F)kyu tu (G)mujh se (Am)kehti hai
(G)main toh khud hi (E)bikhra hua

Haaye (Am)andar andar se toota (G)mein
tere (F)ishq mein khud hi se (G)rutha (Am)main
haaye (C)andar andar se toota (G)main.(F)...(G)..
tere (F)ishq mein khud hi se (G)rootha (Am)main

(Am)Main jee bhar ke ro loon
teri (F)bahoon me so (G)loon
aa (Am)phir se mujhe mil
mein (F)tujh se yee (G)bolu

Tu (C)anmol (G)thhi
pal pal (C)tolti (G)thi
(C)aise chup tu (F)laga ke (G)gayi
(C)saare khushiyan (F)khaake (G)gayi

Haaye (Am)andar andar se toota (G)mein
tere (F)ishq mein khud hi se (G)rutha (Am)main
haaye (C)teri hu saari ki (F)saari (G)mein
par (F)tere liye (G)bazaari (Am)mein', 'Adnan Dhool, Momina Mustehsan', 'Ek Villain', 2014, 'Capo at 6
D DUDU
Chords used : Am, C, G, F, E', 'https://www.youtube.com/watch?v=sTYbdWRm5Gc', FALSE, '2019-02-10T11:43:19.340000+00:00', '2022-02-06T14:05:14.183000+00:00');
INSERT INTO public.note_tags (id, user_id, note_id, tag_id) VALUES ('de259b6d-29af-4524-937a-815b9eea454b', '3917b9a9-a856-4f33-a910-6ad73f9fa25b', '5f2f5bfd-8820-4e25-8476-cb055c92fd4f', '39d6ed04-fc5c-427e-9060-9041887f4d0e');
INSERT INTO public.note_tags (id, user_id, note_id, tag_id) VALUES ('506a0ef5-cebf-4437-ba7c-a3b94a2128cc', '3917b9a9-a856-4f33-a910-6ad73f9fa25b', '5f2f5bfd-8820-4e25-8476-cb055c92fd4f', '94f83bf8-1cd6-44f7-9e77-dc2d9928b555');
INSERT INTO public.note_tags (id, user_id, note_id, tag_id) VALUES ('4f939368-a95f-471a-9d37-4f9dcddc8ee2', '3917b9a9-a856-4f33-a910-6ad73f9fa25b', '5f2f5bfd-8820-4e25-8476-cb055c92fd4f', '26bec2c9-84b7-4e97-8246-28dd469f49cd');
INSERT INTO public.notes (id, user_id, title, content, artist, album, release_year, metadata, "references", isPinned, created_at, updated_at) VALUES ('16223720-69a5-4d8c-b333-7779e1a2da2f', '3917b9a9-a856-4f33-a910-6ad73f9fa25b', 'Jai Jai Kaara (Dandalayya) - Baahubali 2', '[[INTRO]]
Keep 2nd finger on 3rd string 5th fret,  ring finger on 4th string 7th fret
and little finger on 3rd  string 7th fret only in 4th strum

now hit strings in this sequence :
5---3---4---3---


[[SONG]]
Kya kabhi ambar se, Surya bichhadta hai
```e | - - - - - - - - - - - - - - - - - - - - - - - - - - - - - 
B | - - - - - - - - - - - - - - - - - - - - - - - - - - - - - 
G | -7-9-10-9-7/5-5/7-7 - -7-9-10-9-7/5-5/7-7 -
```

Kya kabhi bin baathi, Deepak jaltha hai
```e | - - - - - - - - - - - - - - - - - - - - - - - - - - - 
B | - - - - - - - - - - - - - - - - - - - - - - - - - - - 
G | -7-9-7-9-7/5-5-5 - - 5-7-5-7-5/3-2-2 - 
```

Kya kabhi ambar se, Surya bichhadta hai
```e | - - - - - - - - - - - - - - - - - - - - - - - - - - - - - 
B | - - - - - - - - - - - - - - - - - - - - - - - - - - - - - 
G | -7-9-10-9-7/5-5/7-7/5/7/5/70 - -7-9-10-9-7/5-5/7-7 -
```

Kya kabhi bin baathi, Deepak jaltha hai

Kaissi hai ye anhoni, Har aank huyi nam
```e | - - - - - - - - - - - - - - - - - - - - - - - - - - - - -
B | - - - - - - - - - 10-10- - 10-11-10-11-10/8-8-8 
G | -7-9-10-9-7- - - - - - - - - - - - - - - - - - - -  
```

Chod gaya jo tu, Kaise jiyenge hum
```e | - - - - - - - - - - - - - - - - - - - - - - - - - - - - - 
B | -6-5 - - - - - - - - - - - - - 10-8-10-8/6-6-6- - - - - - - - - - - - - - - 
G | - - - -7-5-5-7/9-9 - - 10- - - - - - - - - - - - - - - - - - - - - - 
```

Tuhi kinara, tuhi sahara
```e | - - - - - - - - - - - - - - - - - - - - - -
B | -5-5-6-5 - - - - - - -5-6-5 - - - - - 
G | - - - - - - -7-5 - - - - - - - - -7-5 - 
```

Tu jag sara, tuhi humara, Suraj tuhi taara
```e | - - - - - - - - - - - - - - - - - - - - - - - - - - - - - 
B | - - - 5-6-5-6-5-6-5-6-5- - - - - - - - - - - - - - - - - - - - -
G | - 7- - - - - - - - - - - - - - -7-5- -5-7/9-9h - - - - - 
```

Jai jaikara, jai jaikara
```e | - - - - - - - - - - - - - - - - - - - - - - - - - - - - - 
B | - - - - - - - - - - - - - - - - - - - - - - - - - - - - 
G | -2- 2/5- 5/7- 9-7- 5-7-5- -5/2- 2/5- 5/7- 9-7- 7/5 
```

Swami dena saath humaara
```e | - - - - - - - - - - - - - - - - - - - - - - - - - - - - - 
B | - - - - - - - - - - - - - - - - - - - - - - - - - - - - 
G | -2- 2/5- 5/7- 7/10 - 9-10-9 - 7-9-7 - 5-7-5 - 5/2
```

jay jaykara, jay jaykara
Swami dena saath humaara', 'Kailash Kher', 'Baahubali 2: The Conclusion', 2017, NULL, 'https://www.youtube.com/watch?v=GGo6lNGVElU', FALSE, '2018-01-30T13:43:44.607000+00:00', '2021-03-07T12:44:42.060000+00:00');
INSERT INTO public.note_tags (id, user_id, note_id, tag_id) VALUES ('cb377184-2023-4772-a34a-c8f994a1ad78', '3917b9a9-a856-4f33-a910-6ad73f9fa25b', '16223720-69a5-4d8c-b333-7779e1a2da2f', '39d6ed04-fc5c-427e-9060-9041887f4d0e');
INSERT INTO public.note_tags (id, user_id, note_id, tag_id) VALUES ('b7087ead-fd14-42d4-871a-cc25f8e6d4ca', '3917b9a9-a856-4f33-a910-6ad73f9fa25b', '16223720-69a5-4d8c-b333-7779e1a2da2f', '74d4c762-17cd-4377-b23a-52bf90f64c92');
INSERT INTO public.note_tags (id, user_id, note_id, tag_id) VALUES ('8d6ddaa5-a4e4-457d-8d20-5df8dfcff67c', '3917b9a9-a856-4f33-a910-6ad73f9fa25b', '16223720-69a5-4d8c-b333-7779e1a2da2f', '94f83bf8-1cd6-44f7-9e77-dc2d9928b555');
INSERT INTO public.note_tags (id, user_id, note_id, tag_id) VALUES ('abb6758e-e57a-40f9-962c-ad6a77170063', '3917b9a9-a856-4f33-a910-6ad73f9fa25b', '16223720-69a5-4d8c-b333-7779e1a2da2f', '22c9085c-724b-4679-aa10-b79b72f9b0be');
INSERT INTO public.note_tags (id, user_id, note_id, tag_id) VALUES ('eca1612e-a30a-4b6b-80bb-6fd5376c9a30', '3917b9a9-a856-4f33-a910-6ad73f9fa25b', '16223720-69a5-4d8c-b333-7779e1a2da2f', '50e1f043-40b6-42ce-8468-0952aa965c22');
INSERT INTO public.notes (id, user_id, title, content, artist, album, release_year, metadata, "references", isPinned, created_at, updated_at) VALUES ('34fcaeeb-e46a-4c0c-8a69-66ff12687857', '3917b9a9-a856-4f33-a910-6ad73f9fa25b', 'Ikk kudi', 'Intro
```e | - - - - - - - - - - - - - - - - - - - - - - - - - - - - -
B | - -6-6- - 6-3 - -3-6-8-8/9 - 9/11-11-8 - - - - - - - - - - - - - - - - - 
G | -3- - - - - - - - - - - - - - - - - - - - - - - - - - - 8 - - 7- - - - - - - - - - - -7-7- 
D | - - - - - - - - - - - - - - - - - - - - - - - - - - - - - - - - - - -6 - - 6-6h8-8 - - - -
```

Capo on 1st fret
Strum : D D UUU D

Ikk kudi jihda naam mohabbat
A                 Em--            D
Gum hai, gum hai, gum hai
G--              D               A

Oh saad muradi sohni phaabat
Gum hai, gum hai, gum hai

Gum hai, gum hai, gum hai
G--             D              A

.....Ho surat osdi     pariyaan wargi
A             D-- A           F#m--           D
Sirat di    oh....mariyam lagdi
          Bm-F#m-G             A
Hasdi hai taan      phul jharhde ne
        D--      A                     D
Turdi hai taan gazal hai lagdi
            F#m-G                     A
Lamm salammi saru de kadh di haye
Bm--D                                  A
Umar aje hai marke agg di
Bm--D                           A
Par naina di gal samajhdi
        A          D--                  A
Ikk kudi jihda naam mohabbat
Gum hai, gum hai, gum hai', 'Diljit Dosanjh', 'Udta Punjab', 2016, 'Chords used : A, Em, D, G, F#m, Bm', 'https://youtu.be/ME_klLnMeLU', FALSE, '2018-09-30T05:16:20.989000+00:00', '2019-03-04T13:13:10.585000+00:00');
INSERT INTO public.note_tags (id, user_id, note_id, tag_id) VALUES ('1319b507-8bd4-44b6-bec1-e6e91ed38d29', '3917b9a9-a856-4f33-a910-6ad73f9fa25b', '34fcaeeb-e46a-4c0c-8a69-66ff12687857', '39d6ed04-fc5c-427e-9060-9041887f4d0e');
INSERT INTO public.note_tags (id, user_id, note_id, tag_id) VALUES ('92439828-f70a-4334-9559-90705e751271', '3917b9a9-a856-4f33-a910-6ad73f9fa25b', '34fcaeeb-e46a-4c0c-8a69-66ff12687857', '94f83bf8-1cd6-44f7-9e77-dc2d9928b555');
INSERT INTO public.note_tags (id, user_id, note_id, tag_id) VALUES ('06c0f66f-adc2-4529-8243-b97a8c1afdd2', '3917b9a9-a856-4f33-a910-6ad73f9fa25b', '34fcaeeb-e46a-4c0c-8a69-66ff12687857', '26bec2c9-84b7-4e97-8246-28dd469f49cd');
INSERT INTO public.notes (id, user_id, title, content, artist, album, release_year, metadata, "references", isPinned, created_at, updated_at) VALUES ('f207fb51-0023-427f-8d6c-eefdb1cf27ca', '3917b9a9-a856-4f33-a910-6ad73f9fa25b', 'Tu Hai Meri Kiran', '```E|----------------------------------------------------------------||
B|----------------------------------------------------------------||
G|----0---7-----5--7--5--3--2----------5--3--5--3--2--0---||
D|-------------------------------------3------------------------||
```
Jadoo teri nazar.......khusbhu...tera badan

```E|----------------------------------------------------------------||
B|-----------------------------------------------------------------||
G|--------3---2--------2--0-----3-2---2-0--0-0--8---10-8-7--||
D|---0-------------0----------0-----0-----------------------------||
```
tu haan kar...yaa naa kar.

```E|---------------------------------------------------------------||
B|---------------------------------------------------------------||
G|---0-0--8---10-8-7----------------------------------------||
```
tu hai..meri kiran...

piece..
```E|---------------------------------------------------------------||
B|---------------------------------------------------------------||
G|----7-7-5-7-5----3-2-5-----0-0-0-0-2-3-5-5------------||
```

```E|---------------------------------------------------------------||
B|---------------------------------------------------------------||
G|----10-10-8-10-8-8-7-5-8---7-5-3-3-5-7-7-----------||
```


stanza...

```E|-------------------------------------------------------------||
B|-------------------------------------------------------------||
G|----3-5-3--------------------------------------------------||
D|------------3-5-3---5-3-1-5---------------------------||
```
mere khwabo ki tasavir hai tu.........

```E|-------------------------------------------------------------||
B|-------------------------------------------------------------||
G|---------8-10-8-7--5-3-5-3----------||
D|---5-5-------------------------------------------||
```
bekhar meri takadir hai tu...

```E|------------------------------------------------------------||
B|------------------------------------------------------------||
G|---------8-10-8-7-5-7-5-3-5-7---------------------||
```
tu kisi...aur ki ho na jana...

```E|------------------------------------------------------------||
B|------------------------------------------------------------||
G|---------7-8-7-5----5-7-5-3----2-0-2-0 -----------------||
```
kuchh bhi kar...jaunga me diwana.....

```E|----------------------------------------------------------------||
B|-----------------------------------------------------------------||
G|--------3---2--------2--0-----3-2---2-0--0-0--8---10-8-7--||
D|---0-------------0----------0-----0-----------------------------||
```
tu haan kar...yaa naa kar.

```E|---------------------------------------------------------------||
B|---------------------------------------------------------------||
G|---0-0--8---10-8-7----------------------------------------||
```
tu hai..meri kiran...

tu hai..meri kiran...', 'Lata Mangeshkar, Hariharan', 'Darr', 1993, NULL, NULL, FALSE, '2017-11-07T17:01:43.939000+00:00', '2018-02-04T01:21:09.225000+00:00');
INSERT INTO public.note_tags (id, user_id, note_id, tag_id) VALUES ('4f8b3012-3d36-4c21-a7a7-2e1510ff59db', '3917b9a9-a856-4f33-a910-6ad73f9fa25b', 'f207fb51-0023-427f-8d6c-eefdb1cf27ca', '22c9085c-724b-4679-aa10-b79b72f9b0be');
INSERT INTO public.note_tags (id, user_id, note_id, tag_id) VALUES ('acf7b677-81b3-4131-a142-0d0e467dc25e', '3917b9a9-a856-4f33-a910-6ad73f9fa25b', 'f207fb51-0023-427f-8d6c-eefdb1cf27ca', 'f22d1b82-b224-4a44-a581-b5c25015af54');
INSERT INTO public.notes (id, user_id, title, content, artist, album, release_year, metadata, "references", isPinned, created_at, updated_at) VALUES ('a6eda8cd-de60-40b9-90eb-be923e2d8fe0', '3917b9a9-a856-4f33-a910-6ad73f9fa25b', 'Zara Si Dil Mein De Jagah Tu - Jannat', '', 'KK', 'Jannat', 2008, NULL, 'https://www.youtube.com/watch?v=d6bGCWhKt14', FALSE, '2018-09-02T15:50:58.960000+00:00', '2018-09-04T02:19:14.536000+00:00');
INSERT INTO public.note_tags (id, user_id, note_id, tag_id) VALUES ('dc170ef8-a687-4a33-b5f5-57d4474f4e0e', '3917b9a9-a856-4f33-a910-6ad73f9fa25b', 'a6eda8cd-de60-40b9-90eb-be923e2d8fe0', 'ca29fa62-24fc-4ecb-808c-f795c7122529');
INSERT INTO public.note_tags (id, user_id, note_id, tag_id) VALUES ('ea193d03-ae6f-4604-9ea1-64cbd36361bf', '3917b9a9-a856-4f33-a910-6ad73f9fa25b', 'a6eda8cd-de60-40b9-90eb-be923e2d8fe0', '94f83bf8-1cd6-44f7-9e77-dc2d9928b555');
INSERT INTO public.note_tags (id, user_id, note_id, tag_id) VALUES ('74e24d91-8869-4c84-9b06-8a1bfe6f692c', '3917b9a9-a856-4f33-a910-6ad73f9fa25b', 'a6eda8cd-de60-40b9-90eb-be923e2d8fe0', '22c9085c-724b-4679-aa10-b79b72f9b0be');
INSERT INTO public.notes (id, user_id, title, content, artist, album, release_year, metadata, "references", isPinned, created_at, updated_at) VALUES ('a8636456-b93d-4bd5-bda2-6a243f899817', '3917b9a9-a856-4f33-a910-6ad73f9fa25b', 'Emptiness', 'Melody V2   https://youtu.be/vzdr4RKmiDs 
Melody
```B|---1-----1--
G|--2-2---2--2-
D|-3----3----
```

```B|---1-----1--
G|--2-2---2--2-
D|-3----3----
```

```G|---3------3--
D|-0-3--3--0-3--3-
```

```G|---0---0-2-0---
D|--2--2-----2-3-
A|-3-----------
```


```B|--1---1-----1-3-1-
G|-2--2---2-2-2----
```
Oh, love of mine, With a song & a wine

```B|--1-------------
G|---3-2-----0-2-0-0-0-
D|-3-3---3--3--------
```
You’re harsh and divine, Like truths & a lie

```B|--1---1-----1-3-1-
G|-2--2---2-2-2----
```
But the tale ends not here, I have nothing to fear

```B|--1-------------
G|---3-2-----0-2-0-0-0-
D|-3-3---3--3--------
```
For my love is yell of giving and hold on

```E|-0-0-1-0---
B|-----1-1-
```
And the bright emptiness

```E|--1-0----
B|-1---3-1-1-
G|-2------
```
In a room full of it

```E|---3-1-0--3-5-3-
B|-1-1----3----
```
Is a cruel mistress Whoa oh!

```E|-0-0-1-0---
B|-----1-1-
```
I feel this unrest

```E|--1-0----
B|-1---3-1-1-
G|-2-------
```
That nest all hollowness

```E|---3-1-0---3-5-3-
B|-1-1----3-3----
```
For I have nowhere to go and I’m cold.

```E|-----3--5----
B|-1-1-1-1----1-3-
```
And I feel so lonely yeah…

```E|-----------0--
B|-3-1-3-1-3-1-3--3--1-
```
There’s a better place than this Emptiness

```E|-----3--5----
B|-1-1-1-1----1-3-
```
And I’m so lonely yeah…

```E|-----------0--
B|-3-1-3-1-3-1-3--3--1-
```
There’s a better place than this Emptiness

```B|-1-----
G|-3-2-3-2-
```
Yeah!

```E|-------1-
B|---1-1-3--
G|-2-2------
```
Tune mere jaana

```E|-0-1-0---0-
B|----3-1---
```
Kabhi nahi jaana

```E|-------1-0------
B|-3-3-1-3-3---3-1----
D|------------3-2-
```
Ishq mera, dard mera…haaey

```E|-------1-
B|---1-1-3--
G|-2-2------
```
Tune mere jaana

```E|-0-1-0---0-
B|----3-1---
```
Kabhi nahi jaana

```E|-------1-0------
B|-3-3-1-3-3---3-1----
```
Ishq mera, dard mera

```E|-1-1-3/5--3-5h-
```
Aashiq tera

```E|-1-1-1-1-5-3-3-1-3-
```
Bhid me khoya rehta hai

```E|-1-5-3-1--
```
Jaane jahaan

```E|-1-1-1-1-5-3-3-1-3-
```
Poocho to itna kehta hai

```E|-----3--5----
B|-1-1-1-1----1-3-
```
That I feel so lonely yeah…

```E|-----------0--
B|-3-1-3-1-3-1-3--3--1-
```
There’s a better place than this Emptiness

```E|-----3hs5----
B|-1-1-1-1----1-3-
```
And I’m so lonely yeah…

```E|-----------0--
B|-3-1-3-1-3-1-3--3--1-
```
There’s a better place than this Emptiness

```B|-1-----
G|-3-2-3-2-
```
Yeah!', 'Gajendra Verma', 'Emptiness', 2014, NULL, 'http://chordforum.com/viewtopic.php?t=1654', FALSE, '2018-01-09T15:05:51.560000+00:00', '2018-10-18T02:06:21.441000+00:00');
INSERT INTO public.note_tags (id, user_id, note_id, tag_id) VALUES ('fc628a20-6849-48d3-bccd-046efde2d531', '3917b9a9-a856-4f33-a910-6ad73f9fa25b', 'a8636456-b93d-4bd5-bda2-6a243f899817', 'ca29fa62-24fc-4ecb-808c-f795c7122529');
INSERT INTO public.note_tags (id, user_id, note_id, tag_id) VALUES ('c149b89d-a3f5-490d-a48a-3528d2f2c704', '3917b9a9-a856-4f33-a910-6ad73f9fa25b', 'a8636456-b93d-4bd5-bda2-6a243f899817', '94f83bf8-1cd6-44f7-9e77-dc2d9928b555');
INSERT INTO public.note_tags (id, user_id, note_id, tag_id) VALUES ('ae0419d5-3cc2-48f5-a843-73f8e2de2139', '3917b9a9-a856-4f33-a910-6ad73f9fa25b', 'a8636456-b93d-4bd5-bda2-6a243f899817', '22c9085c-724b-4679-aa10-b79b72f9b0be');
INSERT INTO public.notes (id, user_id, title, content, artist, album, release_year, metadata, "references", isPinned, created_at, updated_at) VALUES ('7a2d7f41-e6c1-41a0-ba06-ce2d443ae519', '3917b9a9-a856-4f33-a910-6ad73f9fa25b', 'Narayan mil jayega', '(Em)Prem Prabhu Ka Baras Raha Hai
(Am)Pee Le Amrit Pyase
(D)Saaton Tirath Tere Andar
(Em)Baahar Kise Talaase ... (Am)..(Em)

Kann (Em)Kann Mein Hari
Kshan (Am)Kshan Mein Hari
Mus(D)kanon Mein Ansu(Em)van Mein Hari

(Em) Mann Ki Aankhein Toone Kholi
Toh Hi Darshan (B)Paayega

(B)Pata Nahi Kis (Am)Roop Mein Aa Kar
(D) Narayan Mil (Em)Jayega
(B)Pata Nahi Kis (Am)Roop Mein Aa Kar
(D) Narayan Mil Jayega

------

(Em)Niyati Bhed Nahi Karti
Jo (Am)Leti Hai Woh (Em)Deti Hai
(D)Jo Boyega Woh Kaatega
Yeh (Am)Jag Karmon Ki (Em)Kheti Hai

(Am)..(Em)..

(Em)Niyati Bhed Nahi Karti
Jo (Am)Leti Hai Woh (Em)Deti Hai
(D)Jo Boyega Woh Kaatega
Yeh (Am)Jag Karmon Ki (Em)Kheti Hai

Yadi (Em)Karm Tere Paa(Am)wan Hai Sabhi
Doo(D)begi Nahi Teri (Em)Naav Kabhi
(Em) Teri Baanh Pakadne Ko
Woh (B)Bhes Badal Ke Aayega

(B)Pata Nahi Kis (Am)Roop Mein Aa Kar
(D) Narayan Mil (Em)Jayega
(B)Pata Nahi Kis (Am)Roop Mein Aa Kar
(D) Narayan Mil Jayega

------

(Em)Neki Vyarth Nahi Jaati
Hari (Am)Lekha Jokha (Em)Rakhte Hain
(D)Auron Ko Phool Diye Jisne
Us(Am)ke Bhi Hath Me(Em)hakte Hain

(Am)..(Em)..

(Em)Neki Vyarth Nahi Jaati
Hari (Am)Lekha Jokha (Em)Rakhte Hain
(D)Auron Ko Phool Diye Jisne
Us(Am)ke Bhi Hath Me(Em)hakte Hain

Koyi (Em)Deep Mile Toh (Am)Baati Bann
Tu (D)Bhi Toh Kisi Ka (Em)Saathi Bann
(Em) Mann Ko Mansarovar Karle
(B) Toh Hi Moti Payega

(B)Pata Nahi Kis (Am)Roop Mein Aa Kar
(D) Narayan Mil (Em)Jayega
(B)Pata Nahi Kis (Am)Roop Mein Aa Kar
(D) Narayan Mil Jayega

------

(Em)Kaan Lagake Baatein Sunle
(Am)Sookhe Hue Da(Em)rakhton Ki
Leta Hai Bhag(D)wan Pariksha
(Am)Sabse Pyare (Em)Bhakton Ki

(Em)Ek Prashn Hai Gehra Jiski
(Am)Hari Ko Thaah La(Em)gani Hai
Teri Shradha (D)Sona Hai
Ya (Am)Bas Sone Ka (Em)Paani Hai

(Am)..(Em)..

Jo (Em)Phool Dhare Har (Am)Daali Par
Vish(D)was Toh Rakh Us (Em)Maali Par
(Em)Tere Bhaag Mein Pathar Hai Toh
(B) Pathar Bhi Khil Jayega

(B)Pata Nahi Kis (Am)Roop Mein Aa Kar
(D) Narayan Mil (Em)Jayega
(B)Pata Nahi Kis (Am)Roop Mein Aa Kar
(D) Narayan Mil Jayega
(B)Pata Nahi Kis (Am)Roop Mein Aa Kar
(D) Narayan Mil Jayega', 'Jubin Nautiyal, Payal Dev', 'Narayan Mil Jayega', 2021, 'Capo at 1
Strumming : D DU UDU', 'https://www.youtube.com/watch?v=MhAfCJP5foY&list=RDMhAfCJP5foY', FALSE, '2025-08-16T11:47:18.442000+00:00', '2025-08-16T11:47:34.548000+00:00');
INSERT INTO public.note_tags (id, user_id, note_id, tag_id) VALUES ('14d9f49e-a774-43ed-ae31-0831e2ef5f59', '3917b9a9-a856-4f33-a910-6ad73f9fa25b', '7a2d7f41-e6c1-41a0-ba06-ce2d443ae519', '94f83bf8-1cd6-44f7-9e77-dc2d9928b555');
INSERT INTO public.note_tags (id, user_id, note_id, tag_id) VALUES ('ec7ed732-d37c-4976-8cb5-6887c25811c6', '3917b9a9-a856-4f33-a910-6ad73f9fa25b', '7a2d7f41-e6c1-41a0-ba06-ce2d443ae519', '26bec2c9-84b7-4e97-8246-28dd469f49cd');
INSERT INTO public.note_tags (id, user_id, note_id, tag_id) VALUES ('81cfab0b-d2af-41f2-9274-4ed22a7d6d27', '3917b9a9-a856-4f33-a910-6ad73f9fa25b', '7a2d7f41-e6c1-41a0-ba06-ce2d443ae519', '6a3e1159-3e7b-4145-b202-58429f143d25');
INSERT INTO public.note_tags (id, user_id, note_id, tag_id) VALUES ('c8f873be-d8aa-4734-a532-ff49657c2617', '3917b9a9-a856-4f33-a910-6ad73f9fa25b', '7a2d7f41-e6c1-41a0-ba06-ce2d443ae519', '8d4fc519-7375-432c-8b6a-6cf000e9f287');
INSERT INTO public.notes (id, user_id, title, content, artist, album, release_year, metadata, "references", isPinned, created_at, updated_at) VALUES ('32f0433d-59ce-454a-8b6c-7e80316bc213', '3917b9a9-a856-4f33-a910-6ad73f9fa25b', 'Ek Pyaar ka Nagma Hai', '```e | - - - - - - - - - - - - - - - -  - - - 
B | - - - - - - - - - - - - - - - - - - -
G|--------0------
D|--0-2---3--3-3-2-2-
A|-3------------
```
Ik Pyar Ka Naghma Hai 
```e | - - - - - - - - - - - - - - - -- - - 
B | - - - - - - - - - - - - - - - - - - -
G|------------0-----
D|--0-2-2----3--3-2-2-
A|-3-----------
```
Mojon Ke Rawani Hai
```e | - - - - - - - - - - - - - - - - - - -
B|-----0---------
G|----0----2-0--0-2--
D|-2-3--------3----
```
Zindagi Aur Kuch Bhi Nahi
```e | - - - - - - - - - - - - - - - - - - 
B | - - - - - - - - - - - - - - - - - -
G|-0---0-0--0----
D|--3-0---3--3-2-2-
```
Teri Meri Kahani Hai', 'Lata Mangeshkar, Mukesh', 'Shor', 1972, NULL, NULL, FALSE, '2017-10-28T11:40:37.030000+00:00', '2018-08-31T16:03:29.790000+00:00');
INSERT INTO public.note_tags (id, user_id, note_id, tag_id) VALUES ('3a878c13-d8c8-4b53-aebb-a772dd2316b4', '3917b9a9-a856-4f33-a910-6ad73f9fa25b', '32f0433d-59ce-454a-8b6c-7e80316bc213', '22c9085c-724b-4679-aa10-b79b72f9b0be');
INSERT INTO public.note_tags (id, user_id, note_id, tag_id) VALUES ('96ad0356-d5d6-497d-890b-689ec85df329', '3917b9a9-a856-4f33-a910-6ad73f9fa25b', '32f0433d-59ce-454a-8b6c-7e80316bc213', 'f22d1b82-b224-4a44-a581-b5c25015af54');
INSERT INTO public.notes (id, user_id, title, content, artist, album, release_year, metadata, "references", isPinned, created_at, updated_at) VALUES ('10d78755-b46d-4d62-abf4-ecdcfa37be9f', '3917b9a9-a856-4f33-a910-6ad73f9fa25b', 'Wake me up when september ends', '[Intro]

```e|------------------|------------------|------------------|------------------|
B|-----3------3---|-----3------3---|-----3------3---|-----3------3---|
G|---0------0-----|---0------0-----|---0------0-----|---0------0-----|
D|-5------5-------|-5------5-------|-5------5-------|-5------5-------|
```', 'Green Day', 'American Idiot', 2004, 'DU DU DU
Dd Dd Dd      -Later part (heavypart)', 'https://tabs.ultimate-guitar.com/tab/green_day/wake_me_up_when_september_ends_chords_953997', FALSE, '2019-07-14T02:03:04.781000+00:00', '2019-07-14T02:05:10.284000+00:00');
INSERT INTO public.note_tags (id, user_id, note_id, tag_id) VALUES ('6b119893-b0af-4d45-9a9b-6034c091993d', '3917b9a9-a856-4f33-a910-6ad73f9fa25b', '10d78755-b46d-4d62-abf4-ecdcfa37be9f', 'ca29fa62-24fc-4ecb-808c-f795c7122529');
INSERT INTO public.note_tags (id, user_id, note_id, tag_id) VALUES ('049fc4ba-3079-40b4-8093-c616c90e70a3', '3917b9a9-a856-4f33-a910-6ad73f9fa25b', '10d78755-b46d-4d62-abf4-ecdcfa37be9f', '39d6ed04-fc5c-427e-9060-9041887f4d0e');
INSERT INTO public.note_tags (id, user_id, note_id, tag_id) VALUES ('2a3a52bc-c8d3-434a-9fb3-e8caaa6d0940', '3917b9a9-a856-4f33-a910-6ad73f9fa25b', '10d78755-b46d-4d62-abf4-ecdcfa37be9f', 'eebbc269-be1f-43e9-a641-4b2e91a39ff4');
INSERT INTO public.notes (id, user_id, title, content, artist, album, release_year, metadata, "references", isPinned, created_at, updated_at) VALUES ('c860b825-788f-482d-831a-d0b5235ed446', '3917b9a9-a856-4f33-a910-6ad73f9fa25b', 'Vaishnav Jan Ko (Incomplete)', '```e | - - - - - - - - - - - - - - - - - - - 
B | - 1 - 3 - 1s5 - - 5 - 5 - 6p5- -
```

```e | - - - - - - - 3h - - 3h5p3- 3h5p3 - - - - - - - - - - - - - - - - 
B | - 5h6p5 - - - - - - - - - - - - - - - - - - 5&6p5- - - - - - - - - 
```

```e | - - - - - - - - - - - - - - - - - - - - - - - - - - - - - 
B | - - - - - - - - - - - - - - - - - - - - - - - - - - - - - 
```

```e | - - - - - - - - - - - - - - - - - - - - - - - - - - - - - 
B | - - - - - - - - - - - - - - - - - - - - - - - - - - - - - 
```', 'Various Artists', 'Prarthana Rashtrabhaktigeete Samuhgeete - Bhag 1', 2019, NULL, 'https://www.youtube.com/watch?v=CwTV1fDZxhk', FALSE, '2017-12-27T13:31:26.600000+00:00', '2020-04-28T00:59:06.910000+00:00');
INSERT INTO public.note_tags (id, user_id, note_id, tag_id) VALUES ('fbccc927-1261-4b98-a03c-48a0277bc0af', '3917b9a9-a856-4f33-a910-6ad73f9fa25b', 'c860b825-788f-482d-831a-d0b5235ed446', 'ca29fa62-24fc-4ecb-808c-f795c7122529');
INSERT INTO public.note_tags (id, user_id, note_id, tag_id) VALUES ('643eaed2-f235-4080-b321-fc329b7d57c5', '3917b9a9-a856-4f33-a910-6ad73f9fa25b', 'c860b825-788f-482d-831a-d0b5235ed446', '22c9085c-724b-4679-aa10-b79b72f9b0be');
INSERT INTO public.note_tags (id, user_id, note_id, tag_id) VALUES ('1c78aea9-3271-42b9-ac10-d714dbb41d0f', '3917b9a9-a856-4f33-a910-6ad73f9fa25b', 'c860b825-788f-482d-831a-d0b5235ed446', '6a3e1159-3e7b-4145-b202-58429f143d25');
INSERT INTO public.notes (id, user_id, title, content, artist, album, release_year, metadata, "references", isPinned, created_at, updated_at) VALUES ('a9b01bdd-44ba-4015-bb99-d25886defa4b', '3917b9a9-a856-4f33-a910-6ad73f9fa25b', 'Hasi Ban Gaye', 'Haan aa…
```e | - - 5- 4h5p4 - - - - 5 - 7 - 5 - - 4 - - 5 - - 4h5p4 - - - 
B | -7- - - - - - - - 5 - - - - - - - - - - - - - - - - - - - - - - - - - 5 -
```

```e | - - 5- 4h5p4 - - - - 5 - 7 - 5 - -  
B | -7- - - - - - - - - 5 - - - - - - - - - -
```

Haan hasi ban gaye
```e | - 4/5 - 5 - 4 - 7 - 4 - - 4h5p4 - - - 
B | - - - - - - - - - - - - - - - - - - - - - - - 7- 
```

Haan nami ban gaye
SAME

Tum mere aasmaan
SAME

Meri zameen ban gaye  (x2)
```e | - - - - - - - - - - - - - - - - 
B | - - - 7 - 7/9 - 9 - 9 - 9h - 
G | - 7 - - - - - - - - - - - - - 
```

Haan aa…

=============STANZA=============

Haan hum badalne lage
```e | - - - - - 9 - - 7 - 9 - 7 - - - - - - - 
B | - - - - - - - - - - - - - - - 10 - 9 - -
G | - 7/9 - - - - - - - - - - - - - - - - - 
```

Girne sambhalne lage
SAME

Jab se hai jaana tumhein
SAME

Teri ore chalne lage (x2)
```e | - 7/10 - 10 - 10 - 7 - 7 - 7 - - - - - - 
B | - - - - - - - - - - - - - - - - - - - - -10 - 9 -
```

Har safar har jagah
```e | - 4/5 - 5 - 4 - 7 - 4 - - 4h5p4 - - - 
B | - - - - - - - - - - - - - - - - - - - - - - - 7- 
```

Har kahin ban gaye
SAME

Maante thhe Khuda
SAME

Aur haan wahi ban gaye
```e | - - - - - - - - - - - - - - - - 
B | - - - 7 - 7/9 - 9 - 9 - 9h - 
G | - 7 - - - - - - - - - - - - - 
```

Haan hansi ban gaye...', 'Ami Mishra', 'Hamari Adhuri Kahani', 2015, NULL, 'https://www.youtube.com/watch?v=5D91U-YPfLo', FALSE, '2017-12-24T03:02:18.508000+00:00', '2019-04-04T04:16:13.599000+00:00');
INSERT INTO public.note_tags (id, user_id, note_id, tag_id) VALUES ('b8454d14-ae82-4dda-8595-a8971ff8c85b', '3917b9a9-a856-4f33-a910-6ad73f9fa25b', 'a9b01bdd-44ba-4015-bb99-d25886defa4b', '39d6ed04-fc5c-427e-9060-9041887f4d0e');
INSERT INTO public.note_tags (id, user_id, note_id, tag_id) VALUES ('96d73d2c-a7e4-44f4-bc1f-5c4d61345ec3', '3917b9a9-a856-4f33-a910-6ad73f9fa25b', 'a9b01bdd-44ba-4015-bb99-d25886defa4b', '94f83bf8-1cd6-44f7-9e77-dc2d9928b555');
INSERT INTO public.note_tags (id, user_id, note_id, tag_id) VALUES ('c6ed6f63-5d2b-42d3-bf30-efe9c7a2cc78', '3917b9a9-a856-4f33-a910-6ad73f9fa25b', 'a9b01bdd-44ba-4015-bb99-d25886defa4b', '22c9085c-724b-4679-aa10-b79b72f9b0be');
INSERT INTO public.notes (id, user_id, title, content, artist, album, release_year, metadata, "references", isPinned, created_at, updated_at) VALUES ('eeab82ce-e951-49ad-8c86-8427f09727ec', '3917b9a9-a856-4f33-a910-6ad73f9fa25b', 'Naina - Dangal', '[Intro]
(C)Jhootha jag rain ba(F)sera
(G)Saancha dard me(F)ra
(Dm)Mrig trishna sa moh pi(G)ya
(F)Naata (G)mera (C)tera

[Verse]
(C)Naina.. jo (Am)saanjhe khwab dekhte thhe
(Dm)Naina.. bi(G)chhad ke aaj ro diye hain (C)yoon
(C)Naina.. jo (Am)milke raat jaagte thhe
(Dm)Naina.. se(G)har mein palke meechte hain (C)yoon

(Em)Juda (Am)huye (Em)kadam
(Am)Jinhone (Em)li thi yeh (F)kasam
(Dm)Milke chalenge (G)hardum
(Am)Ab baant''te hain ye (G)gham
Bheege (C)naina..

Jo (Am)khidkiyon se jhaankte thhe
(Dm)Naina.. (G)ghutan mein bandh ho gaye hain (C)yun

(C)Saans hairan hai
(Am)Mann pareshaan hai
(Dm)Ho rahin si kyun ruaansa ye (G)meri jaan hai
(C)Kyun nirasha se hain
(Am)Aas haari huyi
(Dm)Kyun sawaalon ka utha sa
Dil mein (G)toofaan hain

(C)Naina.. thhe (Am)aasmaan ke sitaare
(Dm)Naina.. (G)grahan mein aaj toot''te hain (C)yoon
(C)Naina.. kabhi jo (Am)dhoop senkte thhe 
(Dm)Naina.. (G)thehar ke chhaon dhoondhte hain (C)yoon

(Em)Juda (Am)huye (Em)kadam
(Am)Jinhone (Em)li thi yeh (F)kasam
(Dm)Milke chalenge (G)hardum
(Am)Ab baant''te hain ye (G)gham
Bheege (C)naina..

Jo (Am)khidkiyon se jhaankte thhe
(Dm)Naina.. (G)ghutan mein bandh ho gaye hain (C)yun', 'Arijit Singh', 'Dangal', 2016, 'Capo on 3
D DU UDU
Chords used : C, Am, Dm, G, F', 'https://tabs.ultimate-guitar.com/tab/arijit_singh/naina_chords_1928963', FALSE, '2018-11-01T04:56:45.689000+00:00', '2018-11-01T12:46:53.278000+00:00');
INSERT INTO public.note_tags (id, user_id, note_id, tag_id) VALUES ('474c264a-afbb-4c84-a731-41319eaf3463', '3917b9a9-a856-4f33-a910-6ad73f9fa25b', 'eeab82ce-e951-49ad-8c86-8427f09727ec', '94f83bf8-1cd6-44f7-9e77-dc2d9928b555');
INSERT INTO public.note_tags (id, user_id, note_id, tag_id) VALUES ('a8346a95-e47a-48ac-a028-478fdf24bf85', '3917b9a9-a856-4f33-a910-6ad73f9fa25b', 'eeab82ce-e951-49ad-8c86-8427f09727ec', '26bec2c9-84b7-4e97-8246-28dd469f49cd');
INSERT INTO public.notes (id, user_id, title, content, artist, album, release_year, metadata, "references", isPinned, created_at, updated_at) VALUES ('411f3008-784a-4b2f-9190-0a89f1bf7722', '3917b9a9-a856-4f33-a910-6ad73f9fa25b', 'Perfect -Ed Sheeran', 'Strum 1 : Ddd Ddd Ddd Ddd  (Verse)      https://youtu.be/OCYXDBOZPp8?t=81
Strum 2 : D UD UD UD  (Pre-Chorus)     https://youtu.be/OCYXDBOZPp8?t=105
Strum 3 : D DU D DU  (Chorus)                https://youtu.be/OCYXDBOZPp8?t=264

[Verse]     =====>     Ddd Ddd Ddd Ddd
I found a (G)love for (Em)me
Darling just (C)dive right in
And follow my (D)lead
Well I found a (G)girl beauti(Em)ful and sweet
I never (C)knew you were the someone waiting for (D)me

[Pre-Chorus]              =====>      D UD UD UD
''Cause we were just kids when we (G)fell in love
Not knowing (Em)what it was
I will not (C)give you up this (G)ti-(D)me
Darling, just (G)kiss me slow, your heart is (Em)all I own
And in your (C)eyes you''re holding (D)mine

[Chorus]          =====>           D DU D DU
Baby, (Em)I''m (C)dancing in the (G)dark with (D)you between my (Em)arms
(C)Barefoot on the (G)grass, (D)listening to our (Em)favorite song
When you (C)said you looked a (G)mess, 
I whispered (D)underneath my (Em)breath
But you (C)heard it, darling, (G)you look (D)perfect to(G)night

[Verse]            =====>        Ddd Ddd Ddd Ddd
Well I found a (G)woman, stronger than (Em)anyone I know
She shares my (C)dreams, I hope that someday I''ll share her (D)home
I found a (G)love, to carry (Em)more than just my secrets
To carry (C)love, to carry children of our (D)own

[Pre-Chorus]            =====>        D UD UD UD
We are still kids, but we''re (G)so in love
Fighting a(Em)gainst all odds
I know we''ll (C)be alright this (G)ti-(D)me
Darling, just (G)hold my hand
Be my girl, I''ll (Em)be your man
I see my (C)future in your (D)eyes

[Chorus]             =====>             D DU D DU
Baby, (Em)I''m (C)dancing in the (G)dark with (D)you between my (Em)arms
(C)Barefoot on the (G)grass, (D)listening to our (Em)favorite song
When I (C)saw you in that (G)dress, looking so (D)beautiful
I (Em)don''t de(C)serve this, darling, (G)you look (D)perfect tonight(G)

[Interlude]
G Em C D

[Chorus]       =====>           D DU D DU
Baby, (Em)I''m (C)dancing in the (G)dark with (D)you between my (Em)arms
(C)Barefoot on the (G)grass, (D)listening to our (Em)favorite song
I have (C)faith in what I (G)see
Now I know (D)I have met an (Em)angel in (C)person
And (G)she looks (D)perfect

[Outro]   
I (G)don''t de(C)serve this
(Dadd4)You look (D)perfect to(G)night

G D Em D |  C D | G         =====>    Dd Dd Dd Dd', 'Ed Sheeran', '÷ (Divide)', 2017, 'Capo: 1st fret
Chords used : G, Em, C, D', 'https://www.youtube.com/watch?v=OCYXDBOZPp8', FALSE, '2018-10-21T02:09:29.840000+00:00', '2018-10-31T14:22:37.418000+00:00');
INSERT INTO public.note_tags (id, user_id, note_id, tag_id) VALUES ('b2e422e8-70f7-4185-bd5c-9e65854ac9ba', '3917b9a9-a856-4f33-a910-6ad73f9fa25b', '411f3008-784a-4b2f-9190-0a89f1bf7722', '26bec2c9-84b7-4e97-8246-28dd469f49cd');
INSERT INTO public.note_tags (id, user_id, note_id, tag_id) VALUES ('d8e1ef57-17ad-4aa5-b92b-6b851c5ba90b', '3917b9a9-a856-4f33-a910-6ad73f9fa25b', '411f3008-784a-4b2f-9190-0a89f1bf7722', 'eebbc269-be1f-43e9-a641-4b2e91a39ff4');
INSERT INTO public.notes (id, user_id, title, content, artist, album, release_year, metadata, "references", isPinned, created_at, updated_at) VALUES ('4f6dd436-cbc0-4275-8452-770d782caf01', '3917b9a9-a856-4f33-a910-6ad73f9fa25b', 'Yaara Seeli Seeli', '```E|----------------6-4------4-
B|-6-4--4-6-6- -6-6-7-6---- 6-4-4-4---
G|---6------------------
```
Yaara seeli sili, birha ki raat ka jalna

```E|------------------
B|-6-4--4-6-6-----6-6-4-4--
G|---6------3-6------
```
Yaara seeli sili, yaara sili sili

```E|-4------------------
B|--6-4--4-6-6-----6-6-4-4--
G|-----6------3-6------
```
O yaara sili sili, dhola sili sili

```E|----------------6-4------
B|-6-4--4-6-6- -6-6-7-6---- 6-4-4-4-
G|---6------------------
```
Yaara seeli sili, birha ki raat ka jalna

```E|-11-11-11-11--9-11-9------11-11-
B|-------------11-9-11-----
```
Yeh bhi koi jeena hai? [Play 2 Times]

```E|----11-9-----9----------
B|-9-11-----11-11-----6-4--4-6-6-
G|------------------6-----
```
Yeh bhi koi marna, Yaara seeli sili

```E|-------6-4------
B|-6-6-7-6-----6-4-4-4-
```
Birha ki raat ka jalna…

```E|------------------
B|-6-4--4-6-6-----6-6-4-4--
G|---6------3-6------
```
Yaara seeli sili, dhola sili sili

```E|-------------6-4-------4--
B|--4-6-6-6-6-7-6------6-4-4-4---
G|-6---------------------
```
Tooti hui choodiyon se jodoon yeh kalaai main

```E|-------------6-4------
B|--4-6-6-6-6-7-6------6-4-4-4-
G|-6---------------------
```
Pichhli gali mein jaane kya chhod aayi main

```E|--------------6-4------4--
B|--4-6-6-6-6-7-6-------6-4-4-4---
G|-6-----------------------
```
Tooti hui choodiyon se jodoon yeh kalaai main

```E|--------------6-4------
B|--4-6-6-6-6-7-6-------6-4-4-4-
G|-6---------------------
```
Pichhli gali mein jaane kya chhod aayi main

```E|-11-11-11-11-9-11-9-----11-11-
B|------------11-9-11-----
```
Beeti hui galiyon se [Play 2 Times]

```E|----11-9-----9-----------------
B|-9-11-----11-11-----6-4--4-6-6-----6-6-4-4-
G|------------------6------3-6------
```
Phir se guzarna, Yaara seeli sili, dhola sili sili', 'Lata Mangeshkar', 'Lekin...', 1991, NULL, 'http://tabandchord.com/2015/01/yaara-seeli-seeli-tab-lata-mangeshkar/', FALSE, '2018-08-27T01:43:48.799000+00:00', '2018-09-30T11:40:33.526000+00:00');
INSERT INTO public.note_tags (id, user_id, note_id, tag_id) VALUES ('c3f1539f-b301-4aa4-b284-47dca58a2ce5', '3917b9a9-a856-4f33-a910-6ad73f9fa25b', '4f6dd436-cbc0-4275-8452-770d782caf01', '22c9085c-724b-4679-aa10-b79b72f9b0be');
INSERT INTO public.note_tags (id, user_id, note_id, tag_id) VALUES ('c7a6ec19-4e40-4170-8fc0-4a756aea135f', '3917b9a9-a856-4f33-a910-6ad73f9fa25b', '4f6dd436-cbc0-4275-8452-770d782caf01', 'f22d1b82-b224-4a44-a581-b5c25015af54');
INSERT INTO public.notes (id, user_id, title, content, artist, album, release_year, metadata, "references", isPinned, created_at, updated_at) VALUES ('2986cd02-b4de-469a-99c1-95bb149ece98', '3917b9a9-a856-4f33-a910-6ad73f9fa25b', 'Ik Bagal', 'Ik bagal mein chaand hoga ik bagal mein rotiyan

Ik bagal mein chaand hoga ik bagal mein rotiyan
Ik bagal mein neend hogi ik bagal mein loriyaan
Hum chaand pe..
Hum chaand pe roti ki chaadar daal kar so jayenge
Aur neend se..
Aur neend se keh denge lori kal sunaane aayenge
Aur neend se keh denge lori kal sunaane aayenge (x2)

Ik bagal mein khankhanati seepiyan ho jayengi
Ik bagal mein kuch rulati siskiyan ho jayengi
Hum seepiyon mein..
Hum seepiyon mein bhar ke saare taare chhoo ke aayenge
Aur siskiyon ko..
Aur siskiyon ko gudgudi kar kar ke yun behlayenge
Aur siskiyon ko gudgudi kar kar ke yun behlayenge

Amma teri siskiyon pe koi rone aayega
Koi rone aayega..
Gham naa kar jo aayega wo phir kabhi naa jayega
Wo phir kabhi na jaayega
Yaad rakh par koi anhoni nahi tu laayegi
Laayegi to phir kahaani aur kuch ho jayegi
Yaad rakh par koi anhoni nahi tu laayegi
Laayegi to phir kahaani aur kuch ho jayegi

Honi aur anhoni ki parwah kise hai meri jaan
Hadd se zyada ye hi hoga ke yahin mar jayenge
Hum maut ko..
Hum maut ko sapna bata kar uth khade honge yahin
Aur honi ko..

Aur honi ko thenga dikha kar khilkhilate jayenge (x4)', 'Piyush Mishra', 'Gangs Of Wasseypur', 2012, 'Capo : 4th Fret
Strumming : Dd D D D  dd
Chords used : G, B, D, E, F', 'https://www.pianodaddy.com/hindi-songs/ek-bagal-mein-chand-hoga-piano-notes-piyush-mishra/', FALSE, '2022-01-24T15:04:17.686000+00:00', '2022-01-24T15:06:16.682000+00:00');
INSERT INTO public.note_tags (id, user_id, note_id, tag_id) VALUES ('c477457b-764f-4072-866e-534b867102e5', '3917b9a9-a856-4f33-a910-6ad73f9fa25b', '2986cd02-b4de-469a-99c1-95bb149ece98', '94f83bf8-1cd6-44f7-9e77-dc2d9928b555');
INSERT INTO public.note_tags (id, user_id, note_id, tag_id) VALUES ('db8ad052-7101-4b23-8702-793a4ff4904c', '3917b9a9-a856-4f33-a910-6ad73f9fa25b', '2986cd02-b4de-469a-99c1-95bb149ece98', '26bec2c9-84b7-4e97-8246-28dd469f49cd');
INSERT INTO public.note_tags (id, user_id, note_id, tag_id) VALUES ('a867993d-2e72-43ac-837a-c749b458b020', '3917b9a9-a856-4f33-a910-6ad73f9fa25b', '2986cd02-b4de-469a-99c1-95bb149ece98', '8d4fc519-7375-432c-8b6a-6cf000e9f287');
INSERT INTO public.notes (id, user_id, title, content, artist, album, release_year, metadata, "references", isPinned, created_at, updated_at) VALUES ('d9a92d96-2451-4332-b01d-fc2cc209bedf', '3917b9a9-a856-4f33-a910-6ad73f9fa25b', 'Teri Ungli Pakad Ke Chala', 'NOTE : Can play Bm in place of F#', 'Udit Narayan, Jyotsna Hardikar', 'Laadla', 1994, 'D DUDU
Chords used : Bm, G, A, Em, D, F#, F#m', 'https://sanjaymusicworld.blogspot.com/2019/09/teri-ungli-pakad-ke-laadla-guitar-chords.html?m=1
https://youtu.be/flkDLcPNN4c', FALSE, '2019-10-12T02:22:07.364000+00:00', '2019-10-12T02:24:30.773000+00:00');
INSERT INTO public.note_tags (id, user_id, note_id, tag_id) VALUES ('4864389d-6d6a-4a20-9b8e-12edd38b3646', '3917b9a9-a856-4f33-a910-6ad73f9fa25b', 'd9a92d96-2451-4332-b01d-fc2cc209bedf', 'ca29fa62-24fc-4ecb-808c-f795c7122529');
INSERT INTO public.note_tags (id, user_id, note_id, tag_id) VALUES ('ba4271ad-01d5-4845-bd23-a5acf0e11caf', '3917b9a9-a856-4f33-a910-6ad73f9fa25b', 'd9a92d96-2451-4332-b01d-fc2cc209bedf', '26bec2c9-84b7-4e97-8246-28dd469f49cd');
INSERT INTO public.note_tags (id, user_id, note_id, tag_id) VALUES ('c179d2de-9e5d-4f2c-a166-bcfc988bce62', '3917b9a9-a856-4f33-a910-6ad73f9fa25b', 'd9a92d96-2451-4332-b01d-fc2cc209bedf', 'f22d1b82-b224-4a44-a581-b5c25015af54');
INSERT INTO public.notes (id, user_id, title, content, artist, album, release_year, metadata, "references", isPinned, created_at, updated_at) VALUES ('7bef3c5f-8d5e-41c7-99f1-80baecbed2b3', '3917b9a9-a856-4f33-a910-6ad73f9fa25b', 'Saware - Phantom', '(C)....(G)....(C)....(G)...

(Em) Pehle (Bm) kyun na (C) mile hum
(Em) Tanha (Bm) hi kyun (C) jale hum
(Am) Milke (G) muqammal (C) hue hain
(Em) Yaa the (Bm) tanha (C) bhale hum

(C) Saware (Am).....(G) Saware
(D) Saware (D)

Na (G) hamara (Bm) hua, Na (Em) tumhara (Bm) hua
Ishq (C) ka ye (D) sitam, Na (G) gawara (D) hua...............(x2)

Sun (Em) bairiya (C) (G) Sanware
Sun (C) bairiya (D) (G) Sanware

(Em) Pal pal (Bm) ginke (C) guzara
(Em) Maano (D) karza (C) utaara
(Am) Tum se (Bm) munaasib (C) hua hai
(Em) Phir se (Bm) jeena (C) humaara

(C) Saware (Am).....(G) Saware
(D) Saware (D)

Na (G) hamara (Bm) hua, Na (Em) tumhara (Bm) hua
Ishq (C) ka ye (D) sitam, Na (G) gawara (D) hua...............(x2)

Sun (Em) bairiya (C) (G) Sanware
Sun (C) bairiya (D) (G) Sanware

(G) Dhalti raat (D) ka ik (Em) musaafir (Bm)
(C) Subah (D) alvida keh (G) chala (D)
(G) Jeete jee (D) tera ho (Em) saka na (D)
(C) Marke haq (D) adaa kar (G) chalaa (D)

(G) Ooohooooooo… (Em) Ooooohooooo

Sun (Em) bairiya (C) (G) Sanware
Sun (C) bairiya (D) (G) Sanware', 'Pritam, Arijit Singh', 'Phantom', 2015, 'Capo - 2nd Fret
Strum : D D UDU DU
Chords used : Em, Bm, C, Am, G, D', 'https://www.youtube.com/watch?v=Rv80t8dTTh0', FALSE, '2022-02-14T07:46:40.056000+00:00', '2022-02-15T08:36:11.767000+00:00');
INSERT INTO public.note_tags (id, user_id, note_id, tag_id) VALUES ('69fafeb0-50df-496e-92f1-f1e3b9c4d4d0', '3917b9a9-a856-4f33-a910-6ad73f9fa25b', '7bef3c5f-8d5e-41c7-99f1-80baecbed2b3', '94f83bf8-1cd6-44f7-9e77-dc2d9928b555');
INSERT INTO public.note_tags (id, user_id, note_id, tag_id) VALUES ('9ee51eb9-dc5d-4e9d-b664-343533bcbc45', '3917b9a9-a856-4f33-a910-6ad73f9fa25b', '7bef3c5f-8d5e-41c7-99f1-80baecbed2b3', '26bec2c9-84b7-4e97-8246-28dd469f49cd');
INSERT INTO public.notes (id, user_id, title, content, artist, album, release_year, metadata, "references", isPinned, created_at, updated_at) VALUES ('e477346d-8292-42af-b034-250c3c73c255', '3917b9a9-a856-4f33-a910-6ad73f9fa25b', 'Ekla Cholo Re', '(D)Open thy (A)mind walk (D)alone
(D)Be not (A)afraid, walk (D)alone

Jodi tor (D)đak shune keu (A)na ashe tôbe (D)êkla chôlo re..........x2
Tôbe (D)êkla chôlo, (Em)êkla chôlo, (Am)êkla chôlo, (D)êkla chôlo re..........x2

(D)Open thy (A)mind walk (D)alone
(D)Be not (A)afraid, walk (D)alone

Jodi (D)keu kôtha na kôe, ore (A)ore o ôbhaga
(D)Keu kôtha na kôe
Jodi (D)shôbai thake (Em)mukh firaee (Am)shôbai kôre (D)bhôe
Tôbe (D)pôran khule..........x2
O tui, (Em)mukh fuţe tor (Am)moner kôtha (D)êkla bôlo re..........x2

Jodi tor (D)đak shune keu (A)na ashe tôbe (D)êkla chôlo re

Jodi (D)shôbai fire jae, ore (A)ore o ôbhaga
(D)Shôbai fire jae,
Jodi (D)gôhon pôthe (Em)jabar kale (Am)keu fire na (D)chae
Tôbe (D)pôther kãţa..........x2
O tui, (Em)rôktomakha (Am)chôrontôle (D)êkla dôlo re..........x2

Jodi tor (D)đak shune keu (A)na ashe tôbe (D)êkla chôlo re

Jodi (D)alo na dhôre, ore (A)ore o ôbhaga
(D)Alo na dhôre,
Jodi (D)jhôŗ-badole (Em)ãdhar rate (Am)duar dêe (D)ghôre
Tôbe (D)bojranôle..........x2
Apon, (Em)buker pãjor (Am)jalie nie (D)êkla jôlo re..........x2

Jodi tor (D)đak shune keu (A)na ashe tôbe (D)êkla chôlo re

(D)Open thy (A)mind walk (D)alone
(D)Be not (A)afraid, walk (D)alone...', 'Rabindranath Tagore', 'Single', 1905, 'Fingerstyle : 4   3 2 3
Strumming : D DUDU', 'https://www.youtube.com/watch?v=6sCyCwcpEB4&feature=emb_title', FALSE, '2020-10-01T15:49:01.081000+00:00', '2020-10-03T03:21:52.167000+00:00');
INSERT INTO public.note_tags (id, user_id, note_id, tag_id) VALUES ('266f866e-5987-4dbd-9c4c-74002aadef7a', '3917b9a9-a856-4f33-a910-6ad73f9fa25b', 'e477346d-8292-42af-b034-250c3c73c255', 'da9a1522-98fb-4b92-bae9-f41c00333985');
INSERT INTO public.note_tags (id, user_id, note_id, tag_id) VALUES ('cfcc5a35-ee20-41ff-8bb3-d2ea5a3aa4a5', '3917b9a9-a856-4f33-a910-6ad73f9fa25b', 'e477346d-8292-42af-b034-250c3c73c255', '26bec2c9-84b7-4e97-8246-28dd469f49cd');
INSERT INTO public.notes (id, user_id, title, content, artist, album, release_year, metadata, "references", isPinned, created_at, updated_at) VALUES ('de09397a-55c6-44b1-aa55-3d380c896258', '3917b9a9-a856-4f33-a910-6ad73f9fa25b', 'Challa (Intro)', '```e | - - - - - - - - - - - - - - - - - - - - - - - - - - - - -
B | - - - - - - - - - - - - - - - - - - - - - - - - - - - - - 
G | - - - - - - - - - - - - - - - - - - - - - - - - - - - - -
D | - - - 7 - 10 -7 -7 -7 - - - - - -7 - 10 -7 -7 -7 - 
A | -10 - - - - - - - - - - - - - -10 - - - - - - - - - - - 
```

```e | - - - - - - - - - - - - - - - - - - - - -
B | - - - - - - - - - - - - - - - - - - - - -
G | - - - - - - - - - - - - - - - - - - - - -
D | - - - 7 - 9 -  - - - - - - - - - - - - -
A | -10 - - - - -10 - 8 -10 -10 -8 -7 -
```', 'Rabbi Shergill', 'Jab Tak Hai Jaan', 2012, NULL, NULL, FALSE, '2017-10-28T11:46:06.741000+00:00', '2017-10-28T12:28:32.450000+00:00');
INSERT INTO public.note_tags (id, user_id, note_id, tag_id) VALUES ('16a8f21c-4b6b-4b02-9ce0-c3868f82360e', '3917b9a9-a856-4f33-a910-6ad73f9fa25b', 'de09397a-55c6-44b1-aa55-3d380c896258', '39d6ed04-fc5c-427e-9060-9041887f4d0e');
INSERT INTO public.note_tags (id, user_id, note_id, tag_id) VALUES ('9754905b-be4a-4b40-8f24-9467f44a4696', '3917b9a9-a856-4f33-a910-6ad73f9fa25b', 'de09397a-55c6-44b1-aa55-3d380c896258', '94f83bf8-1cd6-44f7-9e77-dc2d9928b555');
INSERT INTO public.note_tags (id, user_id, note_id, tag_id) VALUES ('edcf971b-8bc8-4a9f-b294-a987ef27902b', '3917b9a9-a856-4f33-a910-6ad73f9fa25b', 'de09397a-55c6-44b1-aa55-3d380c896258', '22c9085c-724b-4679-aa10-b79b72f9b0be');
INSERT INTO public.notes (id, user_id, title, content, artist, album, release_year, metadata, "references", isPinned, created_at, updated_at) VALUES ('3ac39ca2-56a4-4524-8143-461f95b529c2', '3917b9a9-a856-4f33-a910-6ad73f9fa25b', 'Ek Ajnabee Haseena Se', '0-9-7-9-9-7-9-10e - 

10-10-9-7-0-9-7-5e - 

0-9-7-9-9-7-9-10e -
 
10-10-9-7-0-9-7-5e -

12-10-9-9-9-9-9-9-12-10-9-12-7-7-7-7e - 

7-11-11-11-12-14-12-10-9-7-9-9e - 

10-9-10-9-7-7-9-7-9-7-5-5e - 

10-9-7-4-4-5', 'Kishore Kumar', 'Ajanabee', 1974, NULL, NULL, FALSE, '2017-10-06T14:16:06.946000+00:00', '2017-12-10T07:49:56.901000+00:00');
INSERT INTO public.note_tags (id, user_id, note_id, tag_id) VALUES ('23381c7d-02c7-4f15-8c1c-a57edafa2e26', '3917b9a9-a856-4f33-a910-6ad73f9fa25b', '3ac39ca2-56a4-4524-8143-461f95b529c2', '484fde0b-53ea-4d62-82d9-dff38182c04c');
INSERT INTO public.note_tags (id, user_id, note_id, tag_id) VALUES ('061176cb-1f43-4db7-96bc-79d63d9aaf8e', '3917b9a9-a856-4f33-a910-6ad73f9fa25b', '3ac39ca2-56a4-4524-8143-461f95b529c2', '22c9085c-724b-4679-aa10-b79b72f9b0be');
INSERT INTO public.note_tags (id, user_id, note_id, tag_id) VALUES ('aa9557fb-2e2b-4901-9fb1-7e4e0569525f', '3917b9a9-a856-4f33-a910-6ad73f9fa25b', '3ac39ca2-56a4-4524-8143-461f95b529c2', 'f22d1b82-b224-4a44-a581-b5c25015af54');
INSERT INTO public.notes (id, user_id, title, content, artist, album, release_year, metadata, "references", isPinned, created_at, updated_at) VALUES ('f93b7988-4919-4a70-a903-4021b6e2b045', '3917b9a9-a856-4f33-a910-6ad73f9fa25b', 'Give Me Some Sunshine', '[Intro]
| C F   |   C F   |   C F   |   C G |
| C F   |   C F   |   C F   |   C G |

(C)Sari umra (G)hum, mar-(C)mar ke jee li(G)ye              |

Ek (C)pal to Ab hu(G)me jee(F)ne do, jeene (G)do…        |....x2

(C)Na na na-na(G)… na-na (C)na na na-na(G)
(C)Na na na-na(G)… na na (F)na na na na-(G)naaa..

(C)Give me some (G)sunshine                   |
(C)Give me some (G)rain                             |
(C)Give me (G)another chance                   |
i wanna (F)grow up once a(G)gain…          |........x2

(C) …
(F)Kandho ko (C)kitabo ke bojh ne jhukaya(F)
Rishwat(C) dena to khud papa ne sikhaya(F)
(C)99% marks (F)laoge to (G)ghadi, (C)warna chadi (F)
(C)likh-likh kar padha (F)hateli par
aplha, (C)beta, gamma ka(F) chala
(C)conc. H2SO4(F) ne pura, (C)pura bach(F)pan jala dala(G)

(C)bachpan to ga(G)ya, ja(C)wani bhi ga(G)yi
ek (C)pal to ab hu(G)me jee(F)ne do jeene (G)do

[Chorus]
(C)bachpan to ga(G)ya, ja(C)wani bhi ga(G)yi
ek (C)pal to ab hu(G)me jee(F)ne do jeene (G)do oooooo

[Melody] (Piano)
```E|------------------------------------------------------------|
B|-13-13-10-11---11-10-13-13-10-11--------|
```

```E|----------------------------------------------------------------|
B|--11h13-13-10-11---11-10-13-12-13-13------|
G|-----------------------------------------------------------14-|
```

(C)Sari umra (G)hum, mar-(C)mar ke jee li(G)ye
Ek (C)pal to ab hu(G)me jee(F)ne do, jeene (G)do…
(C)Na na na-na(G)… na-na (C)na na na-na(G)
(C)Na na na-na(G)… na na (Fbar)na na na na-(Gbar)naaa..

(C)Give me some (G)sunshine                     |
(C)Give me some (G)rain                              |
(C)Give me (G)another chance                    |
i wanna (F)grow up once a(G)gain…           |........x2

(C)Na na na-na(G)… na-na (C)na na na-na(G)
(C)Na na na-na(G)… na na (F)na na na na-(G)naaa..', 'Suraj Jagan, Sharman Joshi', '3 Idiots', 2009, 'D D UUD DU
Chords used : C, F, G', 'https://tabs.ultimate-guitar.com/tab/3_idiots/give_me_some_sunshine_chords_909099', FALSE, '2019-04-27T05:45:13.025000+00:00', '2019-06-10T14:42:36.444000+00:00');
INSERT INTO public.note_tags (id, user_id, note_id, tag_id) VALUES ('21b0cdc4-5ab8-4640-bf34-93733760c10f', '3917b9a9-a856-4f33-a910-6ad73f9fa25b', 'f93b7988-4919-4a70-a903-4021b6e2b045', '39d6ed04-fc5c-427e-9060-9041887f4d0e');
INSERT INTO public.note_tags (id, user_id, note_id, tag_id) VALUES ('f721a062-d529-4260-aea4-26515a1f4c5f', '3917b9a9-a856-4f33-a910-6ad73f9fa25b', 'f93b7988-4919-4a70-a903-4021b6e2b045', '94f83bf8-1cd6-44f7-9e77-dc2d9928b555');
INSERT INTO public.note_tags (id, user_id, note_id, tag_id) VALUES ('c9313316-3269-452a-ae3c-dd7d0a024dde', '3917b9a9-a856-4f33-a910-6ad73f9fa25b', 'f93b7988-4919-4a70-a903-4021b6e2b045', '26bec2c9-84b7-4e97-8246-28dd469f49cd');
INSERT INTO public.notes (id, user_id, title, content, artist, album, release_year, metadata, "references", isPinned, created_at, updated_at) VALUES ('9cfeffc1-b5d2-42d5-9b46-b5b1fb0d4fe7', '3917b9a9-a856-4f33-a910-6ad73f9fa25b', 'Tere bina zindagi se koi', 'TBD - Arrange notes
```E|--------------
B|---1-3-1---1-------
G|-0-1----1---1-0-0---
D|-------------1-
```
Tere bina zindagi se koi

```E|--------------
B|--------------
G|-3-3-0-0-3-3-1--
```
Shikwa to nahi

```E|------------------------
B|--------------1----------
G|-0---0-0----0-1-3-3---3-1-0---1-1-0-
D|--1-3----3-3----------3-----
```
Shikwa nahi, shikwa nahi, shikwa nahi

```E|---------------
B|---1-3-1---1-------
G|-0-1----1---1-0-0---
D|-------------1-
```
Tere bina zindagi bhi lekin

```E|---------
B|---------
G|-3-3-0-0-3-3-1--
```
Zindagi to nahi

```E|------------------------
B|--------------1----------
G|-0---0-0----0-1-3-3---3-1-0---1-1-0-
D|--1-3----3-3----------3-----
```
Zindagi nahi, zindagi nahi, zindagi nahi

```E|---------------
B|---1-3-1---1-------
G|-0-1----1---1-0-0---
D|-------------1-
```
Tere bina zindagi se koi

```E|---------
B|---------
G|-3-3-0-0-3-3-1--
```
Shikwa to nahi

```E|----------------
B|-1-1-0-0-1-1-1-1----1-
G|----------3-3---
```
Kash aisa ho tere kadmo se

```E|-----------
B|-1-1----1-1----
G|---2-2----2-
```
Chun ke manzil chale

```E|-----------
E|---1--------
B|--1--3----1--
G|-2-----3-3----
```
Aur kahi door kahi

```E|---------------
B|-3-3-----3-------
G|---3-3-3---2-2-2-0---
D|------------3-
```
Tum gar saath ho

```E|---------------
B|-----------1---
G|--0-2---0-2-0-0-1---0-
D|-3----3---------
```
Manzilo ki kami to nahi

```E|---------------
B|---1-3-1---1-------
G|-0-1----1---1-0-0---
D|-------------1-
```
Tere bina zindagi se koi

```E|--------------
B|--------------
G|-3-3-0-0-3-3-1--
```
Shikwa to nahi

```E|------------------------
B|--------------1----------
G|-0---0-0----0-1-3-3---3-1-0---1-1-0-
D|--1-3----3-3----------3-----
```
Shikwa nahi, shikwa nahi, shikwa nahi




=============OLD======================

Tere bina zindagi se koi shikwa to nahin,
e--------------------------------------------------
B-------7-9--7---7------------------5-5---5-5----
G-6-7----------7---7--6-6---------------6------7-
D--------------------------------7---------------------

Shikwa nahin, shikwa nahin, shikwa nahin...
e-----------------------------------------------------
B---------------------------------5-3s5-------------------
G--6----6-6-6-4----4-6-7--------------7-4--7-7-6---
D-----7----------------------------------------------

Kaash aisa ho, tere kadmon se chunke manzil chalein -
e-----------------------------------------------
B-----------------------------------------------2-----
G-6-6-5-5-6---6-6-4-4-6---6-6-3-3----3--

Aur kahin, door kahin.
e------2--------------
B---2---4------4-2--
G-3----------4-------

Tum ''gar saath ho, manzilon ki kami to nahin.
e----------------------------------------------------
B-4---------2----------------------------------1---
G---4-4--4-------3------1-3-----1--3-1-1---1---0-
D--------------------4-4-------4-------------------

Tere bina zindagi se koi
e-----------------------------
B------1-3-1---1-------------
G-0-1--------1---1-0-0------
D------------------------1---

Shikwa.... to nahi
e-----------------------
B-----------------------
G-3-3-0-----3-3-1----

Shikwa nahi, shikwa nahi, shikwa nahi
e--------------------------------------------
B--------------------------------------------
G-0-----0---------0-1-3-3-----1---1-1-0---
D---1-3---3-----3----------------3---------', 'Lata Mangeshkar, Kishore Kumar', 'Aandhi', 1975, NULL, 'http://tabandchord.com/2014/09/tere-bina-zindagi-se-koi-guitar-tabs/', FALSE, '2018-01-24T14:39:09.521000+00:00', '2020-04-19T07:36:58.958000+00:00');
INSERT INTO public.note_tags (id, user_id, note_id, tag_id) VALUES ('2693ab93-f2cc-4045-b1cd-0f6c454ca0f3', '3917b9a9-a856-4f33-a910-6ad73f9fa25b', '9cfeffc1-b5d2-42d5-9b46-b5b1fb0d4fe7', 'ca29fa62-24fc-4ecb-808c-f795c7122529');
INSERT INTO public.note_tags (id, user_id, note_id, tag_id) VALUES ('573fc2ab-a7c9-4ca6-b728-05a2ee55c819', '3917b9a9-a856-4f33-a910-6ad73f9fa25b', '9cfeffc1-b5d2-42d5-9b46-b5b1fb0d4fe7', '22c9085c-724b-4679-aa10-b79b72f9b0be');
INSERT INTO public.note_tags (id, user_id, note_id, tag_id) VALUES ('c14d64fb-3929-4b77-bdf9-9eff7c5c26f9', '3917b9a9-a856-4f33-a910-6ad73f9fa25b', '9cfeffc1-b5d2-42d5-9b46-b5b1fb0d4fe7', 'f22d1b82-b224-4a44-a581-b5c25015af54');
INSERT INTO public.notes (id, user_id, title, content, artist, album, release_year, metadata, "references", isPinned, created_at, updated_at) VALUES ('182ed5db-9ee9-457d-9e96-db1a6b8b6459', '3917b9a9-a856-4f33-a910-6ad73f9fa25b', 'Castle of glass', '[Intro]
Am 

[Verse]
(Am)Take me down to the river bend,
(Am)Take me down to the fighting end,
(G)Wash the poison from off my skin
(Am)Show me how to be whole again

(Am)Fly me up on a silver wing
(Am)Past the black where the siren sing
(G)Warm me up in a nova''s glow
(Am)And drop me down to the dream below

[Chorus]
Cause I''m (F)only a (C)crack in this (G)castle of (Am)glass
Hardly (F)anything (C)there for you to (G)see.
For you to (Am)see

[Verse]
(Am)Bring me home in blinding dream
(Am)Through the secrets that I have seen
(G)Wash the sorrow from off my skin
(Am)And show me how to be whole again

[Chorus]
Cause I''m (F)only a (C)crack in this (G)castle of (Am)glass
Hardly (F)anything (C)there for you to (G)see.
For you to (Am)see

[Bridge]
Cause I''m (F)only a (C)crack in this (G)castle of (Am)glass
Hardly (F)anything (C)else I need to (G)be.

[Chorus]
Cause I''m (F)only a (C)crack in this (G)castle of (Am)glass
Hardly (F)anything (C)there for you to (G)see.
For you to (Am)see', 'Linkin Park', 'Living Things', 2012, 'Capo on 4
Strum : D D UUD DU    OR 
              D D UDU (https://www.youtube.com/watch?v=77ihel3gspQ)
Chords used : Am, G, F, C', 'https://tabs.ultimate-guitar.com/tab/linkin_park/castle_of_glass_chords_1162454', FALSE, '2018-10-25T03:06:10.638000+00:00', '2019-10-25T02:44:35.841000+00:00');
INSERT INTO public.note_tags (id, user_id, note_id, tag_id) VALUES ('6d19c11c-8644-4ffa-8dab-4fa80b5e3fe8', '3917b9a9-a856-4f33-a910-6ad73f9fa25b', '182ed5db-9ee9-457d-9e96-db1a6b8b6459', '26bec2c9-84b7-4e97-8246-28dd469f49cd');
INSERT INTO public.note_tags (id, user_id, note_id, tag_id) VALUES ('f093e031-2b16-41a7-956f-1a944b5b8e69', '3917b9a9-a856-4f33-a910-6ad73f9fa25b', '182ed5db-9ee9-457d-9e96-db1a6b8b6459', 'eebbc269-be1f-43e9-a641-4b2e91a39ff4');
INSERT INTO public.notes (id, user_id, title, content, artist, album, release_year, metadata, "references", isPinned, created_at, updated_at) VALUES ('fd67ce24-7015-4ba2-9624-bc2e27c8b876', '3917b9a9-a856-4f33-a910-6ad73f9fa25b', 'Genda Phool - Badshah', 'Boroloker bitilo,  Lomba lomba chul
```e | - - - - - - - - - - - - - - - - - - - - - - - - - - - - - 
B | - 4- -4h6 - 6-6- -4-6-4 - - - - - - 4-6 - 6-6- -4-6-4 - - 
G | - - - - - - - - - - - - - - - - - 6- - - - - - - - - - - - - - - - - - -6-
```

Emon matchaye bedhe debo,    Laal genda phool
```e | - - - - - - - - - - - - - - - - - - - - - - - - - - - -
B | - - - - - - - - - 4-4- -6-7 - -6-4- -4-4-4 -
G | -3-3- -6-6- - - - - - - - - - - - - - - - - - - - 
```', 'Badshah, Payal Dev', 'Genda Phool', 2020, NULL, 'https://guitartwitt.com/genda-phool-tab-badshah/', FALSE, '2020-04-13T15:04:40.209000+00:00', '2020-04-17T03:02:56.019000+00:00');
INSERT INTO public.note_tags (id, user_id, note_id, tag_id) VALUES ('c8d3d58b-8505-4352-a1f7-0f62574d4a37', '3917b9a9-a856-4f33-a910-6ad73f9fa25b', 'fd67ce24-7015-4ba2-9624-bc2e27c8b876', '94f83bf8-1cd6-44f7-9e77-dc2d9928b555');
INSERT INTO public.note_tags (id, user_id, note_id, tag_id) VALUES ('e1da4dff-52b7-497e-a1bc-386c7c38e497', '3917b9a9-a856-4f33-a910-6ad73f9fa25b', 'fd67ce24-7015-4ba2-9624-bc2e27c8b876', '22c9085c-724b-4679-aa10-b79b72f9b0be');
INSERT INTO public.notes (id, user_id, title, content, artist, album, release_year, metadata, "references", isPinned, created_at, updated_at) VALUES ('43c1a90e-68d6-415b-95fa-2436f83e1a69', '3917b9a9-a856-4f33-a910-6ad73f9fa25b', 'Ek do teen', 'Ding DOng DIng, ding dong ding dong.. (X2)
```e|--3--5--7---5--7--5--7--5--3-3---5--6--5--6--5--3------|
```

Ek do teen char panch chheh saat, aath nau das gyarah baarah terah (X2)
```e|--3--5--7---5--7--5--7--5--3-3---5--6--5--6--5--3-----|
```

Tera karoon, tera karoon din gin gin 
```e|-----------6--6------------6--6--5------3---5--3--2-------|
B|---3--3-------------3--3----------------------------------|
```

ke intezar, Aaja piya aayi bahaar
```e|--0--2--0-------------6--6--5-----3--5--2--3--------------|
B|-------------3-------3---------------------------------------|
```', 'Alka Yagnik', 'Tezaab', 1988, NULL, NULL, FALSE, '2019-01-04T03:51:16.097000+00:00', '2019-01-04T03:56:42.054000+00:00');
INSERT INTO public.note_tags (id, user_id, note_id, tag_id) VALUES ('8234ab5a-17bb-4499-bca8-cacea2027335', '3917b9a9-a856-4f33-a910-6ad73f9fa25b', '43c1a90e-68d6-415b-95fa-2436f83e1a69', '22c9085c-724b-4679-aa10-b79b72f9b0be');
INSERT INTO public.note_tags (id, user_id, note_id, tag_id) VALUES ('918c97a4-a3fd-4d9c-8a28-0e843f02e049', '3917b9a9-a856-4f33-a910-6ad73f9fa25b', '43c1a90e-68d6-415b-95fa-2436f83e1a69', 'f22d1b82-b224-4a44-a581-b5c25015af54');
INSERT INTO public.notes (id, user_id, title, content, artist, album, release_year, metadata, "references", isPinned, created_at, updated_at) VALUES ('85658d68-287b-40d0-8744-5b8dbea4f4cb', '3917b9a9-a856-4f33-a910-6ad73f9fa25b', 'Merry Christmas & Happy New Year', 'We wish you a merry christmas
```e | - - - - - - - - - - - - - - 
B | - - 1-1-3-1-0- - - - -
G | -0 - - - - - - - - -2-2-
```

We wish you a merry christmas
```e | - - - - - - 0- - - - - - - -
B |  - - 3-3- - 3-1- 0- - - 
G | -2 - - - - - - - - - - -0-
```

We wish you a merry christmas
```e |  - - -0-0-1-0-- - - - - - - -
B |  - - - - - - - - - - 3 - 1- - - 
G | -0 - - - - - - - - - - - - - 2-
```

And a happy new year
```e | - - - - - - - - - - - - 
B | - - - - - -3- 0- 1-
G | -0-0-2- - - - - - - 
```', 'Various Artists', 'Christmas & New Year Songs', 2023, NULL, 'https://www.youtube.com/watch?v=skjvNWtCSjM', FALSE, '2018-12-21T03:03:14.387000+00:00', '2018-12-22T08:57:12.201000+00:00');
INSERT INTO public.note_tags (id, user_id, note_id, tag_id) VALUES ('168bf238-8a37-48bf-8ff8-f931c47ef6e4', '3917b9a9-a856-4f33-a910-6ad73f9fa25b', '85658d68-287b-40d0-8744-5b8dbea4f4cb', '22c9085c-724b-4679-aa10-b79b72f9b0be');
INSERT INTO public.note_tags (id, user_id, note_id, tag_id) VALUES ('396beae0-217b-4153-81b1-4bcfc8d1dab7', '3917b9a9-a856-4f33-a910-6ad73f9fa25b', '85658d68-287b-40d0-8744-5b8dbea4f4cb', 'eebbc269-be1f-43e9-a641-4b2e91a39ff4');
INSERT INTO public.notes (id, user_id, title, content, artist, album, release_year, metadata, "references", isPinned, created_at, updated_at) VALUES ('eaed7052-e6df-4f96-a5e0-1178bf7d3a44', '3917b9a9-a856-4f33-a910-6ad73f9fa25b', 'Kabhi Kabhi Aditi', 'INTRO - Gif attached

Kabhi ka(Em)bhi Aditi Zindagi mein yuhi koi (Am)Apna lagta hai
Kabhi ka(Em)bhi Aditi Wo bichad jaaye to ek (Am)Sapna lagta hai

Aise mein koi (Em)kaise apne aansuon ko (C) Behne se roke
Aur (D) kaise koi (Bm)sochle Every(Em)thing’s gonna be ok

Kabhi ka(Em)bhi to lage Zindagi mein rahi na Khu(Am)shi aur na maza
Kabhi ka(Em)bhi to lage Har din mushkil aur (Am) Har pal ek saza

Aise mein koi (Em) kaise muskuraye, Kaise (C) hasde khush hoke
Aur (D) kaise koi (Bm)sochle Every(Em)thing’s gonna be ok

(Em) (C) (G)

===========FINGERSTYLE===============
(G) Soch zara jaane jaa (D) tujhko hum (G) Kitna chahte hai
(C) Rote hai hum bhi a(D)gar teri ankhon mein (G) Aansu aate hai
(Em) Gaana to aata na(Bm)hi hai magar phir (Am) bhi hum Gaate (E) hai

===========STRUMMING===============
Ke Aditi (Am) mana kabhi, kabhi saare jahan mein An(D)dhera hota hai
Lekin (F) raat ke (Am)baad hi to Sa(Bm)vera hota hai

Kabhi ka(Em)bhi Aditi Zindagi mein yuhi koi (Am)Apna lagta hai
Kabhi ka(Em)bhi Aditi Wo bichad jaaye to ek (Am)Sapna lagta hai

Hey aditi (Em)hass de, hass de, hass de (D) Hass de, hass de, (Am)hass de tu zara
Nahi to bass (D)thoda thoda thoda (Bm)Thoda thoda (Em)thoda muskura

===========FINGERSTYLE===============
(G) Tu khush hai to la(D)ge ki jahan mein (G) Chaayi hai khushi
(C) Suraj nikle (D) baadlon se aur (G) Baate zindagi
(Em) Sun to zara mad(Bm)hosh hawa Tujh(Am)se kehne la(E)gi

===========STRUMMING===============
Ke Aditi (Am) wo jo bichadte hai ek na ek din (D) Phir mil jaate hai
Aditi (F) jaane tu ya (Am)jaane naPhool (Bm) phir khil jaate hai

Kabhi ka(Em)bhi Aditi Zindagi mein yuhi koi (Am)Apna lagta hai
Kabhi ka(Em)bhi Aditi Wo bichad jaaye to ek (Am)Sapna lagta hai

Hey aditi (Em)hass de, hass de, hass de (D) Hass de, hass de, (Am)hass de tu zara
Nahi to bass (D)thoda thoda thoda (Bm)Thoda thoda (Em)thoda muskura', 'Rashid Ali', 'Jaane Tu... Ya Jaane Na', 2008, 'Capo at 4
D U  Chuck  D   D D    D U. (https://youtu.be/Nvv5jCUCcXw?t=308)', 'https://www.youtube.com/watch?v=Nvv5jCUCcXw', FALSE, '2020-03-01T14:54:45.699000+00:00', '2020-03-07T02:56:44.879000+00:00');
INSERT INTO public.note_tags (id, user_id, note_id, tag_id) VALUES ('64c7f84e-a77d-4ce0-8f15-4dca92064676', '3917b9a9-a856-4f33-a910-6ad73f9fa25b', 'eaed7052-e6df-4f96-a5e0-1178bf7d3a44', '39d6ed04-fc5c-427e-9060-9041887f4d0e');
INSERT INTO public.note_tags (id, user_id, note_id, tag_id) VALUES ('77fe097c-4b11-4b26-b89c-ca27ca79cda5', '3917b9a9-a856-4f33-a910-6ad73f9fa25b', 'eaed7052-e6df-4f96-a5e0-1178bf7d3a44', '94f83bf8-1cd6-44f7-9e77-dc2d9928b555');
INSERT INTO public.note_tags (id, user_id, note_id, tag_id) VALUES ('a454857b-19dd-4a81-aa6f-d2eb64c48cd6', '3917b9a9-a856-4f33-a910-6ad73f9fa25b', 'eaed7052-e6df-4f96-a5e0-1178bf7d3a44', '26bec2c9-84b7-4e97-8246-28dd469f49cd');
INSERT INTO public.notes (id, user_id, title, content, artist, album, release_year, metadata, "references", isPinned, created_at, updated_at) VALUES ('6bbf9a4a-bbca-4acf-84b4-3a41283d2ed7', '3917b9a9-a856-4f33-a910-6ad73f9fa25b', 'Humko humeesey chura lo', '```E |-------9----7--9---7----5-7-------------7---5-7----5-----4-5------------
B |----7--------------------------9----5---------------------------7-------
```
Humko humi se chura lo, Dil mein kahin tum chupa lo

```E |-------------------------------------------------------------------
B |----10---9--7/9\7----7---------------9----7---5/7\5--5--------
```
Hum akeeeeeley, kho na jaaaayen,

```E |---------------------------------------------------------------
B |----10---9--7/9\7----7---------------9----7---5/7\5--5----
```
Door toooooomseyyy, ho na jaaaaaayen

```E |---------------5-----5-5---7--9-----------------
B |-----2-2---4---------------------9----7--------
```
Paas aao gale se laga lo

```E |-----------------------------------------------------------------------
B |----10--9--9-----7--5----7----------9---7-----5-5-4-----5---------
```
Ye dil dhadka do, zulfein bikhra do,

```E |------------------------------------------------------------------------
B |----7--7--5----4-----4-4-5-------10--9------7-7-5-----7-----------
```
Sharma ke apnaaaa, aanchal lehraaa do.

```E |--------------------9----------------------------------10--9--------------
B |----9----10---12------12-10----12------9---10---12-----------11-12--
```
Hum zulfein to bikhra dein, din mein raat na ho jaaye,

```E |-----------------------------------------------------9---7-------------------
B |----7---9---10--12-10-9----10-------7---9----10--------9---10------
```
Hum aanchal to lehra dein, par barsaat na ho jaaye

```E |---9-9-10----12------------10--9-----9-9-------------------------------------
B |----------------------12-12---------------10----12---9-9------5---7----------
```
Hone do barsaatein, karni hain kuch baatein.

```E |----------------5-----5-5---7--9---------------------
B |-----2-2----4---------------------9----7------------
```
Paas aao gale se laga lo

```E |-------9----7--9---7----5-7-------------7---5-7----5-----4-5-----
B |----7--------------------------9----5---------------------------7---
```
Humko humi se chura lo, Dil mein kahin tum chupa lo', 'Lata Mangeshkar, Udit Narayan', 'Mohabbatein', 2000, NULL, NULL, FALSE, '2017-11-09T01:58:33.364000+00:00', '2017-11-09T02:07:31.751000+00:00');
INSERT INTO public.note_tags (id, user_id, note_id, tag_id) VALUES ('df687fb7-e1ed-4adc-b7fa-b825980ff979', '3917b9a9-a856-4f33-a910-6ad73f9fa25b', '6bbf9a4a-bbca-4acf-84b4-3a41283d2ed7', '22c9085c-724b-4679-aa10-b79b72f9b0be');
INSERT INTO public.note_tags (id, user_id, note_id, tag_id) VALUES ('a7338fb8-9746-4006-b4b8-b3a305f4c962', '3917b9a9-a856-4f33-a910-6ad73f9fa25b', '6bbf9a4a-bbca-4acf-84b4-3a41283d2ed7', 'f22d1b82-b224-4a44-a581-b5c25015af54');
INSERT INTO public.notes (id, user_id, title, content, artist, album, release_year, metadata, "references", isPinned, created_at, updated_at) VALUES ('50b579f5-c8c3-4356-84bb-19b2fea54dbd', '3917b9a9-a856-4f33-a910-6ad73f9fa25b', 'Moh Moh Ke Dhaage', 'hmmm…
```e | - - - - - - - - - - - - - - - - - - - - - - - - - - - - - - - - - - -
B | -5/7--5-7--5-7-5-7--5- - - - - - - 5/7--5-7--5-7-5-7- 
G | - - - - - - - - - - - - - - - -7-6- - - - - - - - - - - - - - - - - 
D | - - - - - - - - - - - - - - - - - - -7- - - - - - - - - - - - - - - -
```

Yeh moh moh ke dhaage, Teri ungliyon se ja uljhe (x2)
```e | - - - - - - - - - - - - - - - - - }- - - - - 5- - - - - - - - - - - - - - -
B | -2-5-5/7-7-7-7-8-5-3-2-} -2-5- - -5-5/7--5-3-2-3-3- - 
```

Koi toh toh na laage, Kis tarah girah ye suljhe

Hai rom rom iktaara
```e | -5-5-4/2-2-2/4--4/5-5--5/6-6--4/2--2p4-
```

Hai rom rom iktaara, 
```e | -5-5-4/2-2-2/4--4/5-5--5/6-6-
```

Jo baadalon mein se guzre
```e | -9-9-9/6--6-6/10-9-6-5-5---4/2--2p4-
```

Yeh moh moh ke dhaage, Teri ungliyon se ja uljhe
Koi toh toh na laage, Kis tarah girah ye suljhe

Tu hoga zara paagal, tune mujhko hai chuna (x2)
```e | - - - - - - -5/7--7/10-9 - - - - - - - - - - - - - - -
B | -3h/5-7- - - - - - - - - - -10/7-5-5/7-5--3-3 -
```

Kaise tune ankahaa, tune ankahaa sab sunaa
```e | - - - - - - - - - - - - - - - - - - - - - 2-5- - - - - - - 
B | -3-2- - - - - 2-3-5- - 5-3-3-5 - - - - - -5-3-3 - 
G | - - - - 2-2 - - - - - - - - - - - - - - - - - - - - - - - 
```

Tu hoga zara paagal, tune mujhko hai chuna

Tu din sa hai, main raat aa na dono
```e | -5-4/2--2p4--2-4-5-5/6--4/2--2p4 - 
```

 mill jaayein shaamon ki tarah
```e | -5/9-9-9- - - - - -10---9- - - - - - - - - - -
B | - - - - - - -10-10- - - - - -11-10---9---7- -
```

Yeh moh moh ke dhaage
Teri ungliyon se ja uljhe
Koi toh toh na laage
Kis tarah girah ye suljhe

Ki aisa beparwah mann pehle toh na tha
Ki aisa beparwah mann pehle toh na tha
Chitthiyon ko jaise mill gaya
Jaise ik naya sa pataa
Ki aisa beparwah mann pehle toh na tha

Khaali raahein, hum aankh moonde jaayein
Pahunche kahin toh bewajah

Yeh moh moh ke dhaage
Teri ungliyon se ja uljhe
Koi toh toh na laage
Kis tarah girah ye suljhe', 'Papon, Monali Thakur', 'Dum Laga Ke Haisha', 2015, NULL, 'https://www.youtube.com/watch?v=oo4is7ArOy0', FALSE, '2018-01-17T12:18:38.261000+00:00', '2020-04-07T02:58:14.889000+00:00');
INSERT INTO public.note_tags (id, user_id, note_id, tag_id) VALUES ('2cb1c7fd-9077-4b7a-8a01-a3cda0fe56e8', '3917b9a9-a856-4f33-a910-6ad73f9fa25b', '50b579f5-c8c3-4356-84bb-19b2fea54dbd', '39d6ed04-fc5c-427e-9060-9041887f4d0e');
INSERT INTO public.note_tags (id, user_id, note_id, tag_id) VALUES ('2a16ac6f-48aa-44bb-9bed-7cc9d225e9b1', '3917b9a9-a856-4f33-a910-6ad73f9fa25b', '50b579f5-c8c3-4356-84bb-19b2fea54dbd', '94f83bf8-1cd6-44f7-9e77-dc2d9928b555');
INSERT INTO public.note_tags (id, user_id, note_id, tag_id) VALUES ('54098b6d-9f4d-47b0-b93b-8a4755b80bdb', '3917b9a9-a856-4f33-a910-6ad73f9fa25b', '50b579f5-c8c3-4356-84bb-19b2fea54dbd', '22c9085c-724b-4679-aa10-b79b72f9b0be');
INSERT INTO public.notes (id, user_id, title, content, artist, album, release_year, metadata, "references", isPinned, created_at, updated_at) VALUES ('57467e8b-4461-41aa-90f2-d5184cfb2ad3', '3917b9a9-a856-4f33-a910-6ad73f9fa25b', 'Yu Hi Re (Kanave Kanave / Love Failure)', 'Laakh Roka, Par Ruka Na
e-887810~12-887810~12-
Ishq Yeh Sarsor Hai
e-887810~12----12-10-12

Apni Chahat Aur Kuchh Hai
e-887810~12-887810~12-

Ishq Ki Kuchh Aur Hai
e-887810~12----12-10-12

Tere Mere Bas Mein Kya Hai
e-5-5-12---10~12108-5-5-12---10~12108-

Ho Raha Hai Jo Likha Hai
e-5-5-12---10~12108---5-8--7

Is Lamhe Ki Khwaahishon Mein
e-5-5-12---10~12108-5-5-12---10~12108-

Zindagani Ki Raza Hai
e-5-5-12---10~12108---5-8--7


Yun Hi Re, Yun Hi Re Mile Rahein Hum
e-5-7-8--5-7-8---5-7-8-7-3

Tujhi Mein Tujhi Mein Rangey Rahe Hum
e-5-7-8--5-7-8---5-7-8-7-3

Yun Hi Re, Yun Hi Re Mile Rahein Hum
e-5-7-8--5-7-8---5-7-8-7-3

Tujhi Mein Tujhi Mein Rangey Rahe Hum
e-5-7-8--5-7-8---5-7-8-7-3

Na Ganwara Tha Mujhe Jo
e-1212--10-1212--10-12-10-8

Dil Ko Woh Manzoor Hai
e-1212--10-1212--10-12-10-8

Tujh Se Mil Ke Dil Yeh Jaan
e-55-7-5~7---7---55-7-5~7

Kis Nashe Mein Choor Hai
e-55-7-5~7---5-7--555

Oho Saath Mil Ke Dil Se Tere
Ho Gaya Hoon Ba-Khuda Main
Teri Gurbat Se Bhi Kaisi
Reh Sakoongi Ab Juda

Tere Nigahon Ki Baho Main Rahungi
e-78---5875------78------5875

Chahate Hamesa Raaho Main Rahungi
e-78---5875------78------5875

Yun Hi Re, Yun Hi Re Mile Rahein Hum
e-5-7-8--5-7-8---5-7-8-7-3

Tujhi Mein Tujhi Mein Rangey Rahe Hum
e-5-7-8--5-7-8---5-7-8-7-3

Yun Hi Re, Yun Hi Re Mile Rahein Hum
e-5-7-8--5-7-8---5-7-8-7-3

Tujhi Mein Tujhi Mein Rangey Rahe Hum.
e-5-7-8--5-7-8---5-7-8-7-3', 'Anirudh Ravichander, Shruti Haasan', 'David', 2013, NULL, 'https://www.indianguitartabs.com/chords/threads/love-failure-tabs-david-full-tabs-lead.63187/', FALSE, '2018-08-03T02:44:01.313000+00:00', '2018-09-30T13:50:43.460000+00:00');
INSERT INTO public.note_tags (id, user_id, note_id, tag_id) VALUES ('08aae185-5ce1-4d33-965d-a8b190b94b3b', '3917b9a9-a856-4f33-a910-6ad73f9fa25b', '57467e8b-4461-41aa-90f2-d5184cfb2ad3', 'ca29fa62-24fc-4ecb-808c-f795c7122529');
INSERT INTO public.note_tags (id, user_id, note_id, tag_id) VALUES ('5eb0ce4c-e6f3-475a-b901-68444a71020e', '3917b9a9-a856-4f33-a910-6ad73f9fa25b', '57467e8b-4461-41aa-90f2-d5184cfb2ad3', '74d4c762-17cd-4377-b23a-52bf90f64c92');
INSERT INTO public.note_tags (id, user_id, note_id, tag_id) VALUES ('678cfe0d-3a54-4a3f-8ace-d2c611f57d3b', '3917b9a9-a856-4f33-a910-6ad73f9fa25b', '57467e8b-4461-41aa-90f2-d5184cfb2ad3', '94f83bf8-1cd6-44f7-9e77-dc2d9928b555');
INSERT INTO public.note_tags (id, user_id, note_id, tag_id) VALUES ('e539799c-a732-4159-9028-89aa8a96e3d1', '3917b9a9-a856-4f33-a910-6ad73f9fa25b', '57467e8b-4461-41aa-90f2-d5184cfb2ad3', '484fde0b-53ea-4d62-82d9-dff38182c04c');
INSERT INTO public.note_tags (id, user_id, note_id, tag_id) VALUES ('d53603a9-dfb5-4553-a40f-31b34d3293c3', '3917b9a9-a856-4f33-a910-6ad73f9fa25b', '57467e8b-4461-41aa-90f2-d5184cfb2ad3', '22c9085c-724b-4679-aa10-b79b72f9b0be');
INSERT INTO public.note_tags (id, user_id, note_id, tag_id) VALUES ('3b035f72-6f78-478b-b9c5-2f81af469e0e', '3917b9a9-a856-4f33-a910-6ad73f9fa25b', '57467e8b-4461-41aa-90f2-d5184cfb2ad3', '50e1f043-40b6-42ce-8468-0952aa965c22');
INSERT INTO public.notes (id, user_id, title, content, artist, album, release_year, metadata, "references", isPinned, created_at, updated_at) VALUES ('450e355d-114f-4e5a-be5e-ddc981d788b3', '3917b9a9-a856-4f33-a910-6ad73f9fa25b', 'Ek Hasina Thi (Karz)', '```E|-----------------
B|-4-3-1-3-0--3-1-0-1--
G|---------------1-
```
ek hasina thi, ek deewana tha

```E|------------------1--
B|-----1-1-0--1-0-1-3-4---4-
G|-1-1-0--- -----------
```
kya umar, kya samaa, kya zamana tha

```E|------------
B|---------1--
G|-0-0-1h3-3-1-1--1-
```
ek din woh mile

```E|----------
B|----------
G|----1-1-0-
D|-3-3-3-----
```
roz milne lage

```E|-----------
B|---------1--
G|-0-0-1h3-3-1-1--1-
```
phir mohabbat huyi,

```E|----------
B|----------
G|----1-1-0-
D|-3-3-3-----
```
bas qayamat huyi

```E|----------
B|-1-0-1-3-3-4-
```
kho gaye tum kahan

```E|----------
B|-1-0-1-3-3-4-
```
sunke yeh dastaan

```E|----------
B|-1-0-1-3-3-4--1-0-1-3-3-4---
```
log hairaan hain, kyunki anjaan hain

```E|----------
B|-4-3-1------1-4--4-3-1-----
G|----3-1-1--3--------1h3-1-0-
```
ishq ki woh gali, baat jiski chali

```E|-----------------
B|-3-1-3-4--3-1-3-4--3-1-3-4-1-
```
us gali mein, mera aana, jaana tha

```E|----------------
B|-1-1--1-3-0--0-1-3-1h3-1-1-
G|---2--------------
```
ek hasina thi, ek deewana tha

```E|-----------------
B|-3-1-3-4--3-1-3-4--3-1-3-4-1-
```
kya umar thi, kya samaa tha, kya zamana tha

```E|----------
B|-1-1--1-3-0--0-1-3-1h3-1-1-
G|---2-----------
```
ek hasina thi, ek deewana tha

```E|----------
B|----------
G|-2-2-3-2---0-
D|------3--
```
oos hasin ne kaha

```E|----------
B|----------
G|-2-2-3-2---0-
D|------3--
```
suno jaanewafa

```E|-------------------
B|-------------------
G|-2-2-3-2---0---2-2-3-2---0-
D|------3---------3--
```
yeh falak, yeh zameen, tere bin kuch nahin

```E|----------
B|-3-3------
G|---2-3-2-2-
```
tujhpe marti hoon main

```E|----------
B|-3-3-----
G|--2-3-2-2-
```
pyaar karti hoon main

```E|----------
B|-3-3-----3-3-----
G|--2-3-2-2---2-3-2-2-
```
baat kuch aur thi, woh nazar chor thi

```E|-1-0------1---1-0-------
B|---3-1---1-3------3-1--1---
G|-----3-3----------3--3-2-
```
uske dil mein chupi, chaah daulat ki thi

```E|----------
B|-3-1-3-4--3-1-3-4--3-1-3-4-1-
```
pyaar ka woh fakat, ek bahana tha

```E|----------
B|-1-1--1-3-0--0-1-3-1h3-1-1-
G|--2-----------
```
ek hasina thi, ek deewana tha

```E|----------
B|-3-1-3-4--3-1-3-4--3-1-3-4-1-
```
kya umar thi, kya samaa tha, kya zamana tha

```E|----------
B|-1-1--1-3-0--0-1-3-1h3-1-1-
G|---2-----------
```
ek hasina thi, ek deewana tha


SINGLE STRING

8 6 8 9
8 6 8 9
8 6 8 9 6
6 5 6 8 5
5 6 8 8 6', 'Kishore Kumar, Asha Bhosle', 'Karz', 1980, NULL, 'http://tabandchord.com/2013/01/ek-hasina-thi-guitar-tab-karz/', FALSE, '2018-01-24T13:21:11.899000+00:00', '2019-04-04T13:35:06.003000+00:00');
INSERT INTO public.note_tags (id, user_id, note_id, tag_id) VALUES ('20c7cca8-7a36-4575-9221-161b03ffa62a', '3917b9a9-a856-4f33-a910-6ad73f9fa25b', '450e355d-114f-4e5a-be5e-ddc981d788b3', '484fde0b-53ea-4d62-82d9-dff38182c04c');
INSERT INTO public.note_tags (id, user_id, note_id, tag_id) VALUES ('43fd8798-91ae-49b7-b6d1-9acac2b74ada', '3917b9a9-a856-4f33-a910-6ad73f9fa25b', '450e355d-114f-4e5a-be5e-ddc981d788b3', 'f6f1fa22-4ebb-4dfc-8a00-65f2e520dc91');
INSERT INTO public.note_tags (id, user_id, note_id, tag_id) VALUES ('de7fb209-c659-4adb-bc93-8d985d4405d2', '3917b9a9-a856-4f33-a910-6ad73f9fa25b', '450e355d-114f-4e5a-be5e-ddc981d788b3', '22c9085c-724b-4679-aa10-b79b72f9b0be');
INSERT INTO public.note_tags (id, user_id, note_id, tag_id) VALUES ('09c69f13-1087-4c58-8d09-571ecc65dff3', '3917b9a9-a856-4f33-a910-6ad73f9fa25b', '450e355d-114f-4e5a-be5e-ddc981d788b3', 'f22d1b82-b224-4a44-a581-b5c25015af54');
INSERT INTO public.notes (id, user_id, title, content, artist, album, release_year, metadata, "references", isPinned, created_at, updated_at) VALUES ('d97d2ee0-afae-40c6-aa95-615bd15c6e67', '3917b9a9-a856-4f33-a910-6ad73f9fa25b', 'Dil Chahta Hai', '', 'Shankar Mahadevan, Clinton Cerejo', 'Dil Chahta Hai', 2001, NULL, 'https://www.acousterr.com/tab/dil-chahta-hai', FALSE, '2019-08-18T05:52:38.147000+00:00', '2019-08-18T05:52:42.940000+00:00');
INSERT INTO public.notes (id, user_id, title, content, artist, album, release_year, metadata, "references", isPinned, created_at, updated_at) VALUES ('753db830-67f5-4339-bf6b-4c19cce68597', '3917b9a9-a856-4f33-a910-6ad73f9fa25b', 'Bin Tere Sanam', '(Em)Bin tere sanam
(C)Mar mitenge hum
(A)Aa meri zinda(D)gi
(Em)Aana hi pada (D)sajana
(Bm)Zaalim hai dil ki la(Em)gi
(Em)Aana hi pada (D)sajana
(Bm)Zaalim hai dil ki la(Em)gi

(Em)Tere hi dum se (G)hogi
Dil ki muraad (A)poori
(D)Tere bagair jaanam
(Bm)Hai zindagi a(Em)dhoori

(Em)Aye mere hanseen
(C)Ab na ja kahin
(A)Aa meri zinda(D)gi
(Em)Aana hi pada (D)sajana
(Bm)Zaalim hai dil ki la(Em)gi

(Em)Bin tere sanam
(C)Mar mitenge hum
(A)Aa meri zinda(D)gi
Ho.. (Em)Aana hi pada (D)sajana
(Bm)Zaalim hai dil ki la(Em)gi

(Em)Yeh jaankar ba(G)lam jee
Thaami hai teri (A)baahein
(D)Sehani padengi sabki
(Bm)Kaanton bhari ni(Em)gaahein

(Em)Sab sahenge hum
(C)Aur hansenge hum
(A)Aa meri zinda(D)gi
O ho ho (Em)Aana hi pada (D)sajana
(Bm)Zaalim hai dil ki la(Em)gi

(Em)Bin tere sanam
(C)Mar mitenge hum
(A)Aa meri zinda(D)gi
Ho.. (Em)Aana hi pada (D)sajana
(Bm)Zaalim hai dil ki la(Em)gi

(Em)Tum ho mere to (G)ab hai
Mausam ghulam (A)apna
(D)Shabnam ne likh diya hai
(Bm)Phoolon pe naam (Em)apna

(Em)Sun hawa yehi (C)geet ga rahi
(A)Aa meri zinda(D)gi
Ho (Em)Aana hi pada (D)sajana
(Bm)Zaalim hai dil ki la(Em)gi

(Em)Bin tere sanam
(C)Mar mitenge hum
(A)Aa meri zinda(D)gi
Ho.. (Em)Aana hi pada (D)sajana
(Bm)Zaalim hai dil ki la(Em)gi', 'Udit Narayan, Kavita Krishnamurthy', 'Yaara Dildara', 1991, 'D DU UDU
Chords used : Em, C, A, D, G, Bm', 'https://tabs.ultimate-guitar.com/tab/udit_narayan/bin_tere_sanam_chords_2384057', FALSE, '2019-01-12T02:47:52.075000+00:00', '2019-01-13T10:50:45.422000+00:00');
INSERT INTO public.note_tags (id, user_id, note_id, tag_id) VALUES ('3213a1a6-d04d-4bf3-9bf2-a8701e3f617b', '3917b9a9-a856-4f33-a910-6ad73f9fa25b', '753db830-67f5-4339-bf6b-4c19cce68597', '94f83bf8-1cd6-44f7-9e77-dc2d9928b555');
INSERT INTO public.note_tags (id, user_id, note_id, tag_id) VALUES ('96c0c7e5-dc95-448f-b0e2-34e89d2cadfd', '3917b9a9-a856-4f33-a910-6ad73f9fa25b', '753db830-67f5-4339-bf6b-4c19cce68597', '26bec2c9-84b7-4e97-8246-28dd469f49cd');
INSERT INTO public.notes (id, user_id, title, content, artist, album, release_year, metadata, "references", isPinned, created_at, updated_at) VALUES ('fd6f8321-fe11-483e-9a46-0000c8c0e2c4', '3917b9a9-a856-4f33-a910-6ad73f9fa25b', 'Tune Jo Na Kaha', 'Line 1
```G|----------------5-------------------------------------|
D|------5-7-8--------5---------------------------------|
A|-8----------------------------------------------------|
```

Line 2
```D|-5-7---------5-8-7----------------------------------|
A|---------8--------------------------------------------|
```

Line 3
```G|----------------5-------------------------------------|
D|------5-7-8--------5---------------------------------|
A|-8----------------------------------------------------|
```

Line 4
```D|-5-7---------5-8-7----------------------------------|
A|---------8--------------------------------------------|
```

Line 5
```B|------5-6-6---5----5--------------------------------|
G|--7--------------7-------5-5-7----5---------------------|
D|--------------------------------------8-5--------------|
```

Line 6
```B|------5-6-6---5----5--------------------------------|
G|--7--------------7-------5-5-7----5---------------------|
D|--------------------------------------8-5--------------|
```

Line 7
```G|----------------5-------------------------------------|
D|------5-7-8--------5---------------------------------|
A|-8----------------------------------------------------|
```

Line 8
```D|-5-7---------5-8-7----------------------------------|
A|---------8--------------------------------------------|
```

Line 9
```G|----------------5-------------------------------------|
D|------5-7-8--------5---------------------------------|
A|-8----------------------------------------------------|
```

Line 10
```D|-5-7---------5-8-7----------------------------------|
A|---------8--------------------------------------------|
```

Second Para

Line 11
```G|--5---------------------------------------------------|
D|--------8-5-8---7777--------------------------------|
```

Line 12
```G|--5---------------------------------------------------|
D|--------8-5-8---7777--------------------------------|
```

Line 13
```B|-------------5------6-5-------------------------------|
G|------7777--------------7-5-5---------------------|
D|-----------------------------------------------------|
A|-8---------------------------------------------------|
```

Line 14
```G|--5---------------------------------------------------|
D|--------8-5-8---7777--------------------------------|
```

Line 15
```G|--5---------------------------------------------------|
D|--------8-5-8---7777--------------------------------|
```

Line 16
```B|-------------5------6-5-------------------------------|
G|------7777--------------7-5-5---------------------|
D|-----------------------------------------------------|
A|-8---------------------------------------------------|
```

Line 17
```B|------5-6----5------5--------------------------------|
G|--7--------------7-------5-5-7----5---------------------|
D|--------------------------------------8-5--------------|
```

Line 18
```B|------5-6-6---5----5--------------------------------|
G|--7--------------7-------5-5-7----5---------------------|
D|--------------------------------------8-5--------------|
```

Line 19
```G|----------------5-------------------------------------|
D|------5-7-8--------5---------------------------------|
A|-8----------------------------------------------------|
```

Line 20
```D|-5-7---------5-8-7----------------------------------|
A|---------8--------------------------------------------|
```

Line 21
```G|----------------5-------------------------------------|
D|------5-7-8--------5---------------------------------|
A|-8----------------------------------------------------|
```

Line 22 (Khwab Bunta Raha)
```D|-5-7---------5-8-7----------------------------------|
A|---------8--------------------------------------------|
```

Third Para

Line 23
```G|--5---------------------------------------------------|
D|--------8-5-8---7777--------------------------------|
```

Line 24
```G|--5---------------------------------------------------|
D|--------8-5-8---7777--------------------------------|
```

Line 25
```B|----------------5-6-5-------------------------------|
G|------7777--------------7-5-5---------------------|
D|-----------------------------------------------------|
A|-8---------------------------------------------------|
```

Line 26
```G|--5---------------------------------------------------|
D|--------8-5-8---7777--------------------------------|
```

Line 27
```G|--5---------------------------------------------------|
D|--------8-5-8---7777--------------------------------|
```

Line 28
```B|----------------5-6-5-------------------------------|
G|------7777--------------7-5-5---------------------|
D|-----------------------------------------------------|
A|-8---------------------------------------------------|
```

Line 29
```B|------5-6-6-5-------5--------------------------------|
G|--7--------------7-------5-5-7-5---------------------|
D|--------------------------------------8-5--------------|
```

Line 30
```B|------5-6-6-5-------5--------------------------------|
G|--7--------------7-------5-5-7-5---------------------|
D|--------------------------------------8-5--------------|
```

Line 31
```G|----------------5-------------------------------------|
D|------5-7-8--------5---------------------------------|
A|-8----------------------------------------------------|
```

Line 32
```D|-5-7---------5-8-7----------------------------------|
A|---------8--------------------------------------------|
```

Line 33
```G|----------------5-------------------------------------|
D|------5-7-8--------5---------------------------------|
A|-8----------------------------------------------------|
```

Line 34
```D|-5-7---------5-8-7----------------------------------|
A|---------8--------------------------------------------|
```', 'Mohit Chauhan', 'New York', 2009, 'TBD : Add text', NULL, FALSE, '2017-11-12T04:39:01.393000+00:00', '2018-09-12T01:45:07.431000+00:00');
INSERT INTO public.note_tags (id, user_id, note_id, tag_id) VALUES ('05750454-462b-4d59-98bc-419e49ff1d5b', '3917b9a9-a856-4f33-a910-6ad73f9fa25b', 'fd6f8321-fe11-483e-9a46-0000c8c0e2c4', 'ca29fa62-24fc-4ecb-808c-f795c7122529');
INSERT INTO public.note_tags (id, user_id, note_id, tag_id) VALUES ('c0b1ead3-bb1f-4923-81bb-40f3b05e349f', '3917b9a9-a856-4f33-a910-6ad73f9fa25b', 'fd6f8321-fe11-483e-9a46-0000c8c0e2c4', '94f83bf8-1cd6-44f7-9e77-dc2d9928b555');
INSERT INTO public.note_tags (id, user_id, note_id, tag_id) VALUES ('5af89c46-d258-412f-9f00-e8584741e42c', '3917b9a9-a856-4f33-a910-6ad73f9fa25b', 'fd6f8321-fe11-483e-9a46-0000c8c0e2c4', '22c9085c-724b-4679-aa10-b79b72f9b0be');
INSERT INTO public.notes (id, user_id, title, content, artist, album, release_year, metadata, "references", isPinned, created_at, updated_at) VALUES ('cced6ab3-1a19-4e7b-bf24-bd47dbd6af98', '3917b9a9-a856-4f33-a910-6ad73f9fa25b', 'Tu Saath Hai To', 'INTRO
(Em)

VERSE
B(C)echain si leh(G)ron ko
Sa(C)ahil koi m(G)ila
Tu(C)jhse mulaqa(G)t mein
Har w(D)aqt yeh la(D)ga (Bm)

INSTRUMENTAL
(C) (D) (Em) (D)
CHORUS

Tu saath h(C)ai toh
Jeene(D) ke
Kab(Em)il hai yeh jaha(D)an
Tu saath ha(C)i toh
Jee(D)ne ke
Kab(Em)il hai yeh jah(D)aan

Tera k(C)aram hai zi(D)ndagi mein
Sha(Em)mil mujhe kiya(D)

Tere(G) bina kar rah(D)a tha
Ras(Am)m e zingadi a(Bm)daa ..... x2

Haan ban ga(C)ya fir
Teri k(D)haatir
Man(Em)zil ka tu pata


CHORUS
Tu saath h(C)ai toh
Je(D)ene ke
Ka(Em)bil hai yeh jaha(D)an

INSTRUMENTAL
(C) (D) (Em) (D) x2
(Em)

VERSE
(Em)Tu paas ho toh
Su(C)koon dil ke
Pa(D)as hota hai

Un(D)hi lamho ka
Ha(Bm)r ek lamha
K(C)haas hota (Em)hai

(Em)Tu paas ho toh
Su(C)koon dil ke
Pa(D)as hota hai

Un(D)hi lamho ka
Ha(Bm)r ek lamha
K(C)haas hota (Em)hai

Haan tujhse(Am) milke hota(D) hoon
Jis p(B)al bhi main (Em)judaa
Haan tujhse m(Am)ilke hot(D)a hoon
Jis p(B)al bhi main j(Em)udaa

CHORUS
Mere zeh(C)en mein
Hai reh ja(D)ati
Ka(C)til teri (Em)adaa

Tu saath (C)hai toh
Jeen(D)e ke
Kab(Em)il hai yeh jaha(D)an

Tu saath h(C)ai toh
Je(D)ene ke
K(Em)abil hai yeh jaha(D)an
K(C)aabil hai yeh j(D)ahaan
Kaa(Em)bil hai yeh jaha(D)an

BRIDGE
M(C)aahi mere maahi mere
S(D)unle sadayein
La(Em)fzon mein jo dhal ke
Zu(D)baan pe naa aaye

Kaabil hai yeh jahaan

Tu(C)jhko hi safar mein
Ch(D)aahe meri baahein
Ma(Em)ahi mere maahi mere
Su(D)nle sadayein

Kaabil hai yeh jahaan

(C)Maahi mere maahi mere
S(D)unle sadayein
La(Em)fzon mein jo dhal ke
Zub(D)aan pe naa aaye

Maahi mere maahi mere
Sunle sadayein

Tu saath hai toh
Jeene ke
Kabil hai yeh jahaan', 'A.R. Rahman', 'I', 2015, 'Original Key: G# Minor
Time Signature: 4/4
Tempo: 115
Capo : 4
Strumming: D Chuck DU Chuck', 'https://www.chordzone.org/2025/05/vishal-mishra-mithoon-tu-saath-hai-toh-chords-for-piano-guitar.html', FALSE, '2025-07-19T11:41:48.685000+00:00', '2025-07-20T02:20:20.041000+00:00');
INSERT INTO public.note_tags (id, user_id, note_id, tag_id) VALUES ('d415e9ac-caf2-4bfa-b1a7-0271eafceaab', '3917b9a9-a856-4f33-a910-6ad73f9fa25b', 'cced6ab3-1a19-4e7b-bf24-bd47dbd6af98', '94f83bf8-1cd6-44f7-9e77-dc2d9928b555');
INSERT INTO public.note_tags (id, user_id, note_id, tag_id) VALUES ('3b232d7f-10ea-48ff-a071-7447a2f33229', '3917b9a9-a856-4f33-a910-6ad73f9fa25b', 'cced6ab3-1a19-4e7b-bf24-bd47dbd6af98', '26bec2c9-84b7-4e97-8246-28dd469f49cd');
INSERT INTO public.notes (id, user_id, title, content, artist, album, release_year, metadata, "references", isPinned, created_at, updated_at) VALUES ('da039fff-9c24-4f38-a469-d438191877c2', '3917b9a9-a856-4f33-a910-6ad73f9fa25b', 'Requiem For A Dream Theme', '[Intro]
```e|-6-5-3----6-5-3-----6-5-3------8-6-5-6-|
B|--------3--------3-----------3--------------|
```

```e|-6-5-3-----6-5-3-----6-5-3-----8-6-5-3-|
B|--------3---------3-----------3-------------|
```

[Next]
```e|-6--3---6-3-6-3---6-3-6-3---6-3-6-3-6-3-6-3-6-3---|
```

```e|-6--5---6-5-6-5---6-5-6-5---6-5-6-5-6-5-6-5-6-5---|
```

```e|-6--3---6-3-6-3-3---6-3-6-3-3----6-3-6-3-6-3-6-3-6-3---|
```

```e|-6-5-5---6-5-6-5-5---6-5-6-5-5----6-5-6-5-6-5-6-5-6-5-
```

[Then]
```e|-6-5-3---6-6-6--5-5p3---3--6-6-6--5-5p3--3---|
```

```e|-3-3-3---5--5h6---6-6---|
```

```e|-6-6-6---5-5p3--3----|       (x3)
```

```e|-3-3-3---5--5h6---6-6---|
```

(Gradually slow down notes)
```e|-6-5-3----6-5-3-----6-5-3-------|
B|----------3-----------3-----------3---|
```', 'Clint Mansell', 'Requiem for a Dream (Original Motion Picture Soundtrack)', 2000, NULL, 'https://tabs.ultimate-guitar.com/tab/misc_soundtrack/requiem_for_a_dream_theme_tabs_801548', FALSE, '2019-03-29T14:11:06.941000+00:00', '2025-09-12T15:02:15.981000+00:00');
INSERT INTO public.note_tags (id, user_id, note_id, tag_id) VALUES ('3fa41ff8-0199-4094-b156-1afa6162fde1', '3917b9a9-a856-4f33-a910-6ad73f9fa25b', 'da039fff-9c24-4f38-a469-d438191877c2', '39d6ed04-fc5c-427e-9060-9041887f4d0e');
INSERT INTO public.note_tags (id, user_id, note_id, tag_id) VALUES ('88a2fe35-b353-447b-a634-176d79d6ffb8', '3917b9a9-a856-4f33-a910-6ad73f9fa25b', 'da039fff-9c24-4f38-a469-d438191877c2', '22c9085c-724b-4679-aa10-b79b72f9b0be');
INSERT INTO public.note_tags (id, user_id, note_id, tag_id) VALUES ('cb383312-6d19-4616-ab7d-8de779164172', '3917b9a9-a856-4f33-a910-6ad73f9fa25b', 'da039fff-9c24-4f38-a469-d438191877c2', 'eebbc269-be1f-43e9-a641-4b2e91a39ff4');
INSERT INTO public.notes (id, user_id, title, content, artist, album, release_year, metadata, "references", isPinned, created_at, updated_at) VALUES ('a27cdee9-041b-4243-9b7a-ec3ddfddd08f', '3917b9a9-a856-4f33-a910-6ad73f9fa25b', 'Chaand Sifarish', '7-8-7-7-12-8-7-5-5-5-10-2-3-2-2-7-2-0', 'Shaan, Kailash Kher', 'Fanaa', 2006, NULL, NULL, FALSE, '2017-10-06T03:09:13.694000+00:00', '2017-10-07T04:56:34.822000+00:00');
INSERT INTO public.note_tags (id, user_id, note_id, tag_id) VALUES ('9423af32-0fbf-4b15-a12c-7be569bee6db', '3917b9a9-a856-4f33-a910-6ad73f9fa25b', 'a27cdee9-041b-4243-9b7a-ec3ddfddd08f', '94f83bf8-1cd6-44f7-9e77-dc2d9928b555');
INSERT INTO public.note_tags (id, user_id, note_id, tag_id) VALUES ('1080beda-db61-498a-adbb-e24e83cb834d', '3917b9a9-a856-4f33-a910-6ad73f9fa25b', 'a27cdee9-041b-4243-9b7a-ec3ddfddd08f', '484fde0b-53ea-4d62-82d9-dff38182c04c');
INSERT INTO public.note_tags (id, user_id, note_id, tag_id) VALUES ('af879e53-3d8f-47aa-bf90-18ee517e61ff', '3917b9a9-a856-4f33-a910-6ad73f9fa25b', 'a27cdee9-041b-4243-9b7a-ec3ddfddd08f', '22c9085c-724b-4679-aa10-b79b72f9b0be');
INSERT INTO public.notes (id, user_id, title, content, artist, album, release_year, metadata, "references", isPinned, created_at, updated_at) VALUES ('1b6682aa-2ee0-4143-95a3-0d75f93d8096', '3917b9a9-a856-4f33-a910-6ad73f9fa25b', 'Aur Ahista Kijiye Baatein - Pankaj Udhas', 'Aur (C)aahista kijiye (Am)baatein, dhad(C)kane koi sun (G)raha hoga
Aur (C)aahista kijiye (Am)baatein, dhad(C)kane koi sun (G)raha hoga
Labz (F)girane na paaye honton (G)se, 
Waqt (Am)ke haath inako (G)chun lenge 
Kaan (C)rakhate hain ye dar(Am)-odiva, raaz (F)ki saari baat sun (G)lenge 
Aur (C)aahista kijiye (G)baatein
 
Aise (C)bolo ki dil ka (G)afasaana, dil (F)sune aur nigaah (G)doharaaye
Aise (C)bolo ki dil ka (G)afasaana, dil (F)sune aur nigaah (G)doharaaye
(C)Apane chaaro ta(G)raf ki ye (F)duniya 
(Am)Saans ka (G)shor bhi (F)Na sun paaye, (G)na sun paaye 
 
Aur (C)aahista kijiye (Am)baatein, dhad(C)kane koi sun (G)raha hoga
Labz (F)girane na paaye honton (G)se, 
Waqt (Am)ke haath inako (G)chun lenge 
Kaan (C)rakhate hain ye dar(Am)-odiva, raaz (F)ki saari baat sun (G)lenge 
Aur (C)aahista kijiye (G)baatein

Aayi(C)ye band karale (G)darwaaje, raat (F)sapane chura na (G)le jaaye
Aayi(C)ye band karale (G)darwaaje, raat (F)sapane chura na (G)le jaaye
(C)Koi jhonka (G)hawa ka (F)awaara
(Am)dil ki baaton ko (G)uda
(F)Na le jaye, (G)na le jaye 

Aur (C)aahista kijiye (Am)baatein, dhad(C)kane koi sun (G)raha hoga
Labz (F)girane na paaye honton (G)se, 
Waqt (Am)ke haath inako (G)chun lenge 
Kaan (C)rakhate hain ye dar(Am)-odiva, raaz (F)ki saari baat sun (G)lenge 
Aur (C)aahista kijiye (G)baatein

Aaj (C)itane karib (Am)aa jaao , duri(C)yon ka kahi ni(G)shaan na rahe
Aaj (C)itane karib (Am)aa jaao , duri(C)yon ka kahi ni(G)shaan na rahe
(C)Aise ek dusa(G)re me ghum ho (F)jayen,
(Am)faasala koi (G)darmiya 
(F)Na rah jaye, (G)na rah jaye

Aur (C)aahista kijiye (Am)baatein, dhad(C)kane koi sun (G)raha hoga
Labz (F)girane na paaye honton (G)se, 
Waqt (Am)ke haath inako (G)chun lenge 
Kaan (C)rakhate hain ye dar(Am)-odiva, raaz (F)ki saari baat sun (G)lenge 
Aur (C)aahista kijiye (G)baatein', 'Pankaj Udhas', 'Stolen Moments', 1998, 'Capo : at 3
Strum : D U Chuck  D U Chuck
Chords used : C, Am, G, F', 'https://www.youtube.com/watch?v=R0vkevAsTCI
https://tabs.ultimate-guitar.com/tab/pankaj-udhas/aur-ahista-kijiye-baatein-chords-1033742', FALSE, '2022-11-21T13:23:20.628000+00:00', '2022-11-21T14:06:51.104000+00:00');
INSERT INTO public.note_tags (id, user_id, note_id, tag_id) VALUES ('f13f1d20-7f82-4827-8545-7af289ff0233', '3917b9a9-a856-4f33-a910-6ad73f9fa25b', '1b6682aa-2ee0-4143-95a3-0d75f93d8096', '26bec2c9-84b7-4e97-8246-28dd469f49cd');
INSERT INTO public.note_tags (id, user_id, note_id, tag_id) VALUES ('af0479eb-14f5-4419-adc4-5b911ed5a711', '3917b9a9-a856-4f33-a910-6ad73f9fa25b', '1b6682aa-2ee0-4143-95a3-0d75f93d8096', 'f22d1b82-b224-4a44-a581-b5c25015af54');
INSERT INTO public.notes (id, user_id, title, content, artist, album, release_year, metadata, "references", isPinned, created_at, updated_at) VALUES ('eb87bbf8-fc12-492c-b925-3f68b43ac9e7', '3917b9a9-a856-4f33-a910-6ad73f9fa25b', 'Chhathi Maiya Bulaye', '[Intro]
G........Am..G........

(G)Ban pardesiya je gai(C)la shahar tu
(G)Bisra ke log aapan (C)gaon ke ghar tu
(Am)Uhe gharwa uhe galiyaa pu(G)kare
Jai ho (C)Chhathi Maiyaa rasta ni(G)hare

[CHORUS]
Jai ho (Em)chhathi mai(C)yaa
Bulawe chhathi Mai(G)yaa

[Shehnai]
G......

[CHORUS]
(G)Angana me jiji sang (C)mausi
Chhathi maai (D)ke geet (G)gaaye ....x2
(G)Saj dhaj ke nayiki dulhin(C)
Parv(Bm) ke thekua (G)banaye..(C)

[CHORUS]
Hey chhati (Em)maiya ho u na (C)sahaye
Hey chhathi (A)maiya ho u na (G)sahaye

[Flute]
G.......Em...C..D..G.......Dm.....C..

(G)Babu ji gelthun kelwa kinaye
Patna bajarwa se nemua le (A)aaye
(E)Phalwa se (B)babuni bahangi sa(Em)jaye
Oooho (C)Phalwa ke (B)bharwa se (G)lachkat (Bm)jaaye

[CHORUS]
Bahangi (C)lachkat (G)jaaye
Bahangi (C)lachkat (G)jaaye

[CHORUS]
(G)Paani me khada hoke (C)varti
Maange aa(G)shish apaar
(G)Sabke suhagin rakhih..(C)..
Dihaa (D)umir ha(G)jar

[CHORUS]
(G)Hey dinanath sun la pukar
(G)Hey dinanath vinti ha(C)mar ....x4

(G)Pura jag se (D)haare
(C)Aaye tere (D)dware
(G)Suna hain ki (D)chhathi Maayi
(G)bhaag sa(D)ware', 'Sharda Sinha', 'Chhathi Maiya', 2002, 'Capo : 3rd Fret
Song Scale/Key: Em (original C#m)
Chords Used: G, C, Em, D, Bm
Strumming: Ddd DUDU', NULL, FALSE, '2025-07-13T06:20:58.433000+00:00', '2025-07-13T06:21:17.462000+00:00');
INSERT INTO public.note_tags (id, user_id, note_id, tag_id) VALUES ('a465f553-f1d9-46bf-a18f-d1c3a8c4a0a9', '3917b9a9-a856-4f33-a910-6ad73f9fa25b', 'eb87bbf8-fc12-492c-b925-3f68b43ac9e7', '94f83bf8-1cd6-44f7-9e77-dc2d9928b555');
INSERT INTO public.note_tags (id, user_id, note_id, tag_id) VALUES ('01893a7d-a0f4-4e18-aad8-8da939d975b8', '3917b9a9-a856-4f33-a910-6ad73f9fa25b', 'eb87bbf8-fc12-492c-b925-3f68b43ac9e7', '2478154f-b5c6-43c0-86a6-9c5190154ada');
INSERT INTO public.note_tags (id, user_id, note_id, tag_id) VALUES ('9badf76c-751a-4437-a31c-1a4d8372b238', '3917b9a9-a856-4f33-a910-6ad73f9fa25b', 'eb87bbf8-fc12-492c-b925-3f68b43ac9e7', '26bec2c9-84b7-4e97-8246-28dd469f49cd');
INSERT INTO public.note_tags (id, user_id, note_id, tag_id) VALUES ('1ec3a141-d685-4375-b4a8-140d33219ff4', '3917b9a9-a856-4f33-a910-6ad73f9fa25b', 'eb87bbf8-fc12-492c-b925-3f68b43ac9e7', '6a3e1159-3e7b-4145-b202-58429f143d25');
INSERT INTO public.note_tags (id, user_id, note_id, tag_id) VALUES ('d81665a6-9a4a-4b8d-ab87-17a793df5b89', '3917b9a9-a856-4f33-a910-6ad73f9fa25b', 'eb87bbf8-fc12-492c-b925-3f68b43ac9e7', '8d4fc519-7375-432c-8b6a-6cf000e9f287');
INSERT INTO public.notes (id, user_id, title, content, artist, album, release_year, metadata, "references", isPinned, created_at, updated_at) VALUES ('54c316c7-857e-42bd-a210-ac01c0680f9f', '3917b9a9-a856-4f33-a910-6ad73f9fa25b', 'Humsafar (Badrinath Ki Dulhania)', 'Sun mere humsafar
```e | - - - - - - - - - - - - - - - - - -
B | - 8 - 8 - 7 - 7h8p7 - - - - - 
G | - - - - - - - - - - - - - -  7- 9 - -
```

Kya tujhe itni si bhi khabar
```e | - - - - - - - - - - - - - - - - - - - - - - - - - - - 
B | - 7p8 - - - - - 8 - 8 - 7 - 7 - 10 - 7-7 - - - 
G | - - - - - 7 - 9 - - - - - - - - - - - - - - - - - -9 - 
```

Ki teri saanse chalti jidhar
```e | - - - - - - - - - - - - - - - - - - - - - - - - 
B | - 7p8 - - - - - 8 - 8 - 7 - 7 - - - - - - -
G | - - - - - 7 - 9 - - - - - - - - - - 7 - 7 - 9 - 
```

Rahunga bas wahi umrr bhar
```e | - - - - - - - - - - - - - - - - - - - - - - -
B | - - - - - - 7 - 7-7 - - - - - - - - - - - - 
G | - 9-9-9 - - - - - - - 9 - 5 - 5/7 - - - - 
```

Rahunga bas wahi umrr bhar haaye
```e | - - - - - - - - - - - - - - - - - - - - - - - - - - - - - 
B | - - - - - - 7 - 7-7 - 10 - 7 - 8 - - - - - - - - - - -  
G | - 9-9-9 - - - - - - - - - - - - - - 7 - 9/11/9 - 7 -
```

=======================================
Jitni haseen ye mulakatein hai
```e | - 10-10 - 8-8 - 7-7 - 7 - 8 - - - - 8/10 - 10 - -
B | - - - - - - - - - - - - - - - - - - - -10 - - - - - - - - - - 
```

Unse bhi pyari teri baatein hai
```e | - 10-10 - 8-8 - 7-7 - 7 - 8 - - - - 7-7 - - - - - - 
B | - - - - - - - - - - - - - - - - - - - -10 - - - - - - - - - -
```

Baaton mein teri jo kho jaate hai
```e | - 10-10 - 8-8 - 7-7 - 7 - 8 - - - - 8/10 - 10 - -
B | - - - - - - - - - - - - - - - - - - - 10 - - - - - - - - - - 
```

Aaun na hosh mein main kabhi
```e | - - - - - - 7 - - - - - - - -7 - - - - 8 - 7-7 - - - - -
B | - 8-8-8 - - 10 - - 10 - - - 10 - - - - - - - - - - -
```

Baahon mein hai teri zindagi haaye
```e | - - - - - - 7 - - - - - - - -7 - - - - - - - - - - - - - - - - - -
B | - 8-8-8 - - 10 - - 10 - - - 10 - 7 - 8 - - - - - - - - - - -  
G | - - - - - - - - - - - - - - - - - - - - - - - - - -  7 - 9/11/9 - 7 - 
```

Sun mere humsafar
```e | - - - - - - - - - - - - - - - - - -
B | - 8 - 8 - 7 - 7h8p7 - - - - - 
G | - - - - - - - - - - - - - 7- 9 - -
```

Kya tujhe itni si bhi khabar
```e | - - - - - - - - - - - - - - - - - - - - - - - - - - - 
B | - 7p8 - - - - - 8 - 8 - 7 - 7 - 10 - 7-7 - - - 
G | - - - - - 7 - 9 - - - - - - - - - - - - - - - -  - -9 - 
```', 'Akhil Sachdeva, Mansheel Gujral', 'Badrinath Ki Dulhania', 2017, NULL, 'https://www.youtube.com/watch?v=3jFLPniCjA4', FALSE, '2017-12-31T09:49:37.780000+00:00', '2019-04-14T09:53:57.694000+00:00');
INSERT INTO public.note_tags (id, user_id, note_id, tag_id) VALUES ('90bf4588-7032-4e1d-a381-57c7d2b99090', '3917b9a9-a856-4f33-a910-6ad73f9fa25b', '54c316c7-857e-42bd-a210-ac01c0680f9f', '94f83bf8-1cd6-44f7-9e77-dc2d9928b555');
INSERT INTO public.note_tags (id, user_id, note_id, tag_id) VALUES ('6af54fe2-e87a-497b-a768-0dd24857fc87', '3917b9a9-a856-4f33-a910-6ad73f9fa25b', '54c316c7-857e-42bd-a210-ac01c0680f9f', '22c9085c-724b-4679-aa10-b79b72f9b0be');
INSERT INTO public.notes (id, user_id, title, content, artist, album, release_year, metadata, "references", isPinned, created_at, updated_at) VALUES ('611436f2-3c37-40b4-9ba5-a631c112296d', '3917b9a9-a856-4f33-a910-6ad73f9fa25b', 'JIngle bell', '4 4 4  4 4 4  4 7 0 2 4

5 5 5  4 4 4  2 2 2 4 0', 'James Lord Pierpont', 'Christmas Songs', 1857, NULL, NULL, FALSE, '2017-10-06T03:04:47.554000+00:00', '2017-10-06T03:05:13.407000+00:00');
INSERT INTO public.note_tags (id, user_id, note_id, tag_id) VALUES ('ac879dbf-de1b-464b-90dc-cb9ba5204d49', '3917b9a9-a856-4f33-a910-6ad73f9fa25b', '611436f2-3c37-40b4-9ba5-a631c112296d', '484fde0b-53ea-4d62-82d9-dff38182c04c');
INSERT INTO public.note_tags (id, user_id, note_id, tag_id) VALUES ('3034f3bc-2862-462f-b4cc-5b90adfa7187', '3917b9a9-a856-4f33-a910-6ad73f9fa25b', '611436f2-3c37-40b4-9ba5-a631c112296d', '22c9085c-724b-4679-aa10-b79b72f9b0be');
INSERT INTO public.note_tags (id, user_id, note_id, tag_id) VALUES ('14ffb45e-fe18-4605-b6d5-86a872b1edc1', '3917b9a9-a856-4f33-a910-6ad73f9fa25b', '611436f2-3c37-40b4-9ba5-a631c112296d', 'eebbc269-be1f-43e9-a641-4b2e91a39ff4');
INSERT INTO public.notes (id, user_id, title, content, artist, album, release_year, metadata, "references", isPinned, created_at, updated_at) VALUES ('b1071f29-b9de-4245-be6f-bee065c65211', '3917b9a9-a856-4f33-a910-6ad73f9fa25b', 'Chookar Mere Man Ko', '[F]Chukar Mere [C]Man Ko
Kiya [Am]Tune Kya I[F]shara

[F]Chukar Mere [C]Man Ko
Kiya [Am]Tune Kya I[F]shara
[F]Badla Ye [Bb]Mausam
[C]Lage Pyaara Jag [F]Saara.........x2

[F]Chukar Mere [C]Man Ko
Kiya [Am]Tune Kya I[F]shara

[F]Tu Jo Kahe Jeevan Bhar
[Am]Tere Liye Me Gaa[Bb]oo
[Am]Tere Liye Me Gaa[Bb]oo
[F]Geet Tere Bolo Pe
[Am]Likhta Chala Jaa[Bb]oo
[Am]Likhta Chala Jaa[Bb]oo

[F]Mere Gee[Bb]tome
[C]Tujhe Dhoonde Jag [F]Saara

[F]Chukar Mere [C]Man Ko
Kiya [Am]Tune Kya I[F]shara

[F]Aaja Tera Aanchal Yeh
[Am]Pyaar Se Me Bhar [Bb]Du
[Am]Pyaar Se Me Bhar [Bb]Du
[F]Khushiya Jahan Bhar Ki
[Am]Tujhko Nazar Kar [Bb]Du
[Am]Tujhko Nazar Kar [Bb]Du

[F]Tu Hi Mera [C]Jeevan
[Am]Tu Hi Jeene Ka Sa[F]hara

[F]Chukar Mere [C]Man Ko
Kiya [Am]Tune Kya I[F]shara
[F]Badla Ye [Bb]Mausam
[C]Lage Pyaara Jag [F]Saara

[F]Chukar Mere [C]Man Ko
Kiya [Am]Tune Kya I[F]shara', 'Kishore Kumar', 'Yaarana', 1981, 'D DU UDU
OR  D DUDU
Chords used : F, C, Am, Bb', 'http://tabandchord.com/2013/02/chookar-mere-man-ko-guitar-chords-yaarana/', FALSE, '2018-11-16T18:57:32.129000+00:00', '2019-03-15T02:38:49.611000+00:00');
INSERT INTO public.note_tags (id, user_id, note_id, tag_id) VALUES ('e9bcb4fa-aef9-4101-bb35-de2877176275', '3917b9a9-a856-4f33-a910-6ad73f9fa25b', 'b1071f29-b9de-4245-be6f-bee065c65211', '26bec2c9-84b7-4e97-8246-28dd469f49cd');
INSERT INTO public.note_tags (id, user_id, note_id, tag_id) VALUES ('bb6c40c7-9e7b-4785-8a67-b2645b207d9c', '3917b9a9-a856-4f33-a910-6ad73f9fa25b', 'b1071f29-b9de-4245-be6f-bee065c65211', 'f22d1b82-b224-4a44-a581-b5c25015af54');
INSERT INTO public.notes (id, user_id, title, content, artist, album, release_year, metadata, "references", isPinned, created_at, updated_at) VALUES ('0a9c40b9-0dfe-4c96-a536-c53df44be567', '3917b9a9-a856-4f33-a910-6ad73f9fa25b', 'Jaane De - Qarib Qarib Single', 'Woh jo (D) tha khwaab (Bm) saa
Kya ka(Am)hein jaane (D) de
Yeh jo (D) hai kam se (Bm) kam
Yeh ra(Am)he ke jaane (D) de

(Bm) Kyun na rok kar khudko
(G) Ek mashwara karlein
Ma(Am)gar jaane (D) de
(Bm) Aadatan toh sochenge
(G) Hota yun toh kya hota
Ma(Am)gar jaane (D) de

Woh jo (D) tha khwaab (Bm) saa
Kya ka(Am)hein jaane (D) de
Yeh jo (D) hai kam se (Bm) kam
Yeh ra(Am)he ke jaane (D) de

Bee(D)ta jo bee(Bm)te na haye (F#m) kyun
Aaye (G) yun (A) aankhon (D) mein
Hum(D)ne toh be(Bm)mann bhi socha (F#m) na
Kyun aa(G)ye (A) tum baaton (D) mein

(Bm) Poochte jo humse tum
(G) Jaane kya kya hum kehte
Ma(Am)gar jaane (D) de
(Bm) Aadatan toh sochenge
(G) Hota yun toh kya hota
Ma(Am)gar jaane (D) de

Woh jo (D) tha khwaab (Bm) saa
Kya ka(Am)hein jaane (D) de
Yeh jo (D) hai kam se (Bm) kam
Yeh ra(Am)he ke jaane (D) de

(A) Aasaan nahi hai ma(D)gar
(A) Jaana nahi ab u(D)dhar

Ma(Bm)loom hai jahaan (D) dard hai
Wahi (G) phir bhi kyun jaa(A)yein
Wahi (D) kashmakash wahi (Bm) uljhane
Wahi (G) tees kyun laa(A)yein

(Bm) Behtar toh ye hota
(G) Hum mile hi na hote
Ma(Am)gar jaane (D) de
(Bm) Aadatan to sochenge
(G) Hota yun to kya hota
Ma(Am)gar jaane (D) de

Woh jo (D) tha khwaab (Bm) saa
Kya ka(Am)hein jaane (D) de
Yeh jo (D) hai kam se (Bm) kam
Yeh ra(Am)he ke jaane (D) de', 'Atif Aslam', 'Qarib Qarib Singlle', 2017, 'Strumming : Ddd DUDU
Fast Strumming : D UU D UU D DU   (kyun na rok kar khud ko...)', 'https://www.youtube.com/watch?v=4SrMaKL0Fvc
https://wrytin.com/gauravbhatt/jaane-de-chords-qarib-qarib-single-jda8hfvl', FALSE, '2023-07-30T01:52:12.324000+00:00', '2023-07-30T01:56:07.909000+00:00');
INSERT INTO public.note_tags (id, user_id, note_id, tag_id) VALUES ('aae795af-2aee-437a-a9a4-c6071e265232', '3917b9a9-a856-4f33-a910-6ad73f9fa25b', '0a9c40b9-0dfe-4c96-a536-c53df44be567', '94f83bf8-1cd6-44f7-9e77-dc2d9928b555');
INSERT INTO public.note_tags (id, user_id, note_id, tag_id) VALUES ('c5f78fa0-e3b6-4961-a9ef-30bbc47075a0', '3917b9a9-a856-4f33-a910-6ad73f9fa25b', '0a9c40b9-0dfe-4c96-a536-c53df44be567', '26bec2c9-84b7-4e97-8246-28dd469f49cd');
INSERT INTO public.notes (id, user_id, title, content, artist, album, release_year, metadata, "references", isPinned, created_at, updated_at) VALUES ('18568d38-33df-403e-966c-945b40d7f7dd', '3917b9a9-a856-4f33-a910-6ad73f9fa25b', 'Dilbar Mere', '(Em)Dilbar mere (C)kab tak mu(Em)jhe (Em)aise hi tadpao(D)ge
(C)Mai aag dil me laga dunga (D)woh ke (B)pal me pighal jao(Em)ge

(E)Ik din aaye(A)ga,Pyar (E)ho ja(A)yega
(C)Mai aag dil me laga dunga (D)woh ke (B)pal me pighal jao(Em)ge

(Em)Sochoge jab mere bare me (A)tanhaiyon me     |
(D)Ghir jaoge aur bhi meri parchai(G)yon me             |........x2
(D)Dil machal ja(Am)yega pyar (C)ho ja(Em)yega

(Em)Dilbar mere (C)kab tak mu(Em)jhe (Em)aise hi tadpao(D)ge
(C)Mai aag dil me laga dunga (D)woh ke (B)pal me pighal jao(Em)ge

(Em)Dil se milega jo dil to mehekne la(A)goge          |
(D)Tum meri bahon me akae behekne la(G)goge      |...........x2
(D)Hosh kho ja(Am)yega,pyar (C)ho ja(Em)yega

(Em)Dilbar mere (C)kab tak mu(Em)jhe (Em)aise hi tadpao(D)ge
(C)Mai aag dil me laga dunga (D)woh ke (B)pal me pighal jao(Em)ge', 'Kishore Kumar, Anette Pinto', 'Satte Pe Satta', 1982, 'Capo at 2
D DUDU', 'http://indichords.com/songDetails.jsp?songId=1380&titleExtra=Dilbar-mere-kab-tak-mujhe-Sandhya', FALSE, '2019-03-04T13:44:21.210000+00:00', '2019-04-17T06:53:15.988000+00:00');
INSERT INTO public.note_tags (id, user_id, note_id, tag_id) VALUES ('2782cd4c-7c2f-47cd-a0a8-bb24b2789a16', '3917b9a9-a856-4f33-a910-6ad73f9fa25b', '18568d38-33df-403e-966c-945b40d7f7dd', '26bec2c9-84b7-4e97-8246-28dd469f49cd');
INSERT INTO public.note_tags (id, user_id, note_id, tag_id) VALUES ('212ae9da-c10d-4651-90b1-555c0f5a8e3d', '3917b9a9-a856-4f33-a910-6ad73f9fa25b', '18568d38-33df-403e-966c-945b40d7f7dd', 'f22d1b82-b224-4a44-a581-b5c25015af54');
INSERT INTO public.notes (id, user_id, title, content, artist, album, release_year, metadata, "references", isPinned, created_at, updated_at) VALUES ('16d895e4-a608-483a-93b2-e66cefebbd85', '3917b9a9-a856-4f33-a910-6ad73f9fa25b', 'Jahan Daal Daal Par', '```E|-----------------
B|-------------1-1-1-
G|---0-3-3-3-3-0-3-3-----
D|-1-3-------------
```
Jahan daal daal pe sone ki

```E|-----------------
B|-1--1-4-4-3-3-1-1------
G|--3----------3-3-2-3-
```
chidiyaan karti hain basera

```E|-----------------
B|----------------
G|---0-3-3-0-0------0-0-
D|-1-3-------3-1-3-3---
```
Vo bhaarat desh hai mera

```E|-----------------
B|----------------
G|---0-3-3-0-0------
D|-1-3-------3-1-3-1-1-
```
Vo bhaarat desh hai mera

```E|-----------------
B|-------------1-1-1-
G|---0-3-3-3-3-0-3-3-----
D|-1-3-------------
```
Jahaan satya ahinsaa aur dharam kaa

```E|-----------------
B|-1--1-4-4-3-3-1-1------
G|--3---------3-3-2-3-
```
pug pug lagtaa deraa

```E|-----------------
B|-----------------
G|---0-3-3-0-0------0-0-
D|-1-3-------3-1-3-3---
```
Vo bhaarat desh hai mera

```E|-----------------
B|-----------------
G|---0-3-3-0-0------
D|-1-3-------3-1-3-1-1-
```
Vo bhaarat desh hai mera

```E|-------3------------6-3-3-3-
B|-4-4-4----4-4-4--4-4-4-------
G|-----3------------3-----
```
Jai bhaarti, jai bhaarti, jai bhaarti, jai bhaarti

```E|----------1----
B|---4-4-4-4-3---4-4-4-
G|-0-3------------
```
Yeh dharati woh jahaan rishi muni

```E|-----------------
B|-4-3-3-3-3-3-1-1-3-3---
G|-------------3-
```
Japate prabhu naam ki maalaa
hari om (4)

```E|----------1----
B|---4-4-4-4-3---4-4-4-
G|-0-3------------
```
Jahan har baalak ek mohan hai

```E|-----------------
B|-4-3-3-3-3-3-1-1-3-3---
G|-------------3-
```
aur raadha har ek baala

```E|-----------------
B|------------1-1-1-
G|---0-3-3-3-3-0-3-3-----
D|-1-3-------------
```
jahaan suraj sabse pehle aa kar

```E|-----------------
B|-1---1-4-4-3-3-1-1------
G|--3----------3-3-2-3-
```
daale apnaa pheraa

```E|-----------------
B|-----------------
G|----0-3-3-0-0------0-0-
D|-1-3--------3-1-3-3---
```
Vo bhaarat desh hai mera

```E|-----------------
B|-----------------
G|----0-3-3-0-0------
D|-1-3--------3-1-3-1-1-
```
Vo bhaarat desh hai mera', 'Mohammed Rafi', 'Sikander-E-Azam', 1965, NULL, 'http://tabandchord.com/2014/08/jahan-daal-daal-par-tab-deshbhakti-song-tab/', FALSE, '2018-08-27T01:33:33.745000+00:00', '2019-01-08T13:49:07.573000+00:00');
INSERT INTO public.note_tags (id, user_id, note_id, tag_id) VALUES ('f4547d6a-a6aa-46a7-b37a-0b600c3fef0f', '3917b9a9-a856-4f33-a910-6ad73f9fa25b', '16d895e4-a608-483a-93b2-e66cefebbd85', 'ae6a7dff-8c54-4846-bf93-deb177ecbb68');
INSERT INTO public.note_tags (id, user_id, note_id, tag_id) VALUES ('6b02f5e6-3b8e-4674-9deb-7b168ff0d39f', '3917b9a9-a856-4f33-a910-6ad73f9fa25b', '16d895e4-a608-483a-93b2-e66cefebbd85', '22c9085c-724b-4679-aa10-b79b72f9b0be');
INSERT INTO public.notes (id, user_id, title, content, artist, album, release_year, metadata, "references", isPinned, created_at, updated_at) VALUES ('0d2c0be8-3c69-4463-a5be-afde0f61ce38', '3917b9a9-a856-4f33-a910-6ad73f9fa25b', 'Tere Naam (sad) (G, Em, D)', '(G)
```E|--------------------------------------------7--6--9--7---6h-7p6-----------
B|-----------7--9---7h-9p7--7-----7---------------------------------9-----9--
G|--8--9-----------------------------------------------------------
```

```E|---------------------------------------7--6--------------------------------------
B|-----------7--9---7/9--9-----9-----------9--7--7-----9---7h-9p7--------------
G|--8--9-------------------------------------------------------------------------9--8-------- 
```

Tere (G)ishq ne (Em)saathiya, 
tera (G)haal kya kar diya.................x2

(G)Gulshan bhi to ab veerana (D)lagta hai
(G)Har aapna hum ko begana (Em)lagta hai
(G)Hum teri yaadon mein khoye (D)rehte hai
(G)Log hume pagal deewana (Em)kehte hai
(Am)Tere bina (G)tere bina

(G)Tere bina (Em)naamumkin hai 
(C)zindagi ka (D)guzara (G)sanam
Ho… (C)zindagi ka (D)guzara (G)sanam

Intro - G Em C D

(G)Tere naam (Em)Hamne kiya hai 
(C)Jeevan apana (D)saara (G)sanam
Ho… (C)Jeevan apana (D)saara (G)sanam
(G)Pyaar bahut (Em)karte hai tumse, 
(C)Ishk hai tu (D)hamaara (G)sanam
Ho… (C)Ishk hai tu (D)hamaara (G)sanam

Tere (G)ishq ne (Em)saathiya,
tera (G)haal kya kar diya.................x2

(G)Naino se behte ashqo ke (D)dharo mein
(G)Humne tujhko dekha chand (Em)sitaro mein
(G)Virhaki agni mein pal pal (D)tapti hai
(G)Ab to sasein teri mala (Em)japti hai
(Am)Tere liye (G)tere liye

(G)Tere liye (Em)is duniya ka 
(C)Har sitam hai (D)gawara (G)sanam
Ho… (C)Har sitam hai (D)gawara (G)sanam
(G)Tere naam (Em)Hamne kiya hai
(C)Jeevan apana (D)saara (G)sanam
Ho… (C)Jeevan apana (D)saara (G)sanam

(G)Tere naam (Em)tere naam (Am)tere naam', 'Udit Narayan', 'Tere Naam', 2003, 'Capo at 4
D DU UDU', 'https://www.youtube.com/watch?v=hdSc8FbYDrw', FALSE, '2018-12-29T08:25:42.213000+00:00', '2018-12-31T12:31:36.663000+00:00');
INSERT INTO public.note_tags (id, user_id, note_id, tag_id) VALUES ('017d3a56-4fc7-4568-aea0-3b41ebba851c', '3917b9a9-a856-4f33-a910-6ad73f9fa25b', '0d2c0be8-3c69-4463-a5be-afde0f61ce38', '39d6ed04-fc5c-427e-9060-9041887f4d0e');
INSERT INTO public.note_tags (id, user_id, note_id, tag_id) VALUES ('3d6cdd88-ec66-4b1d-bbff-b6e883bd8999', '3917b9a9-a856-4f33-a910-6ad73f9fa25b', '0d2c0be8-3c69-4463-a5be-afde0f61ce38', '94f83bf8-1cd6-44f7-9e77-dc2d9928b555');
INSERT INTO public.note_tags (id, user_id, note_id, tag_id) VALUES ('1f3f7f8d-383e-4d41-a4de-6030f09351d5', '3917b9a9-a856-4f33-a910-6ad73f9fa25b', '0d2c0be8-3c69-4463-a5be-afde0f61ce38', '26bec2c9-84b7-4e97-8246-28dd469f49cd');
INSERT INTO public.notes (id, user_id, title, content, artist, album, release_year, metadata, "references", isPinned, created_at, updated_at) VALUES ('289cee83-79d3-47c5-a7f4-bcba6f45ee4f', '3917b9a9-a856-4f33-a910-6ad73f9fa25b', 'Bewajah - Coke Studio', '(A)Hijr-i yaa(G)raan (A)na sata (D)be-wajah
(D)Hijr-i yaa(G)raan (A)na sata (D)be-wajah
(D)Ban gaya (G)tu kyoon wajah (A)be-wajah
(D)Ban gaya (G)tu kyoon wajah (A)be-wajah

(D)Dil se kah waqt (Bm)ruk ja paagal(G)
(D)Dil se kah waqt (Bm)ruk ja paagal(G)
(D)Chal pada karne (Bm)ye wafa (A)be-wajah

(A)Hijr-i yaa(G)raan (A)na sata (D)be-wajah
(D)Ban gaya (G)tu kyoon wajah (A)be-wajah

(D)Main use (Bm)bhool chukka, (G)bhool chuka(D) .... (x3)
(A)Baat ay (Bm)dil na (A)badha be-wajah
(D)Baat ay (Bm)dil na (A)badha be-wajah

(A)Hijr-i yaa(G)raan (A)na sata (D)be-wajah
(D)Ban gaya (G)tu kyoon wajah (A)be-wajah

(D)Naam le(G)ne ka iraa(A)da bhi na tha  .... (x3)
(A)Chal paṛa (Bm)zikr tera (A)be-wajah
(D)Chal paṛa (G)zikr tera (A)be-wajah

(A)Hijr-i yaa(G)raan (A)na sata (D)be-wajah
(D)Ban gaya (G)tu kyoon wajah (A)be-wajah

(D)Un se mil(Bm)ne ki wajah (G)koyi (D)naheen .... (x3)
(A)Dhoondata kyoon (Bm)hai wajah (A)be-wajah
(D)Dhoondata kyoon (Bm)hai wajah (A)be-wajah

(A)Hijr-i yaa(G)raan (A)na sata (D)be-wajah
(D)Ban gaya (G)tu kyoon wajah (A)be-wajah', 'Nabeel Shaukat Ali', 'Coke Studio Season 8', 2015, 'Capo at 2
Strumming : D UU D UU D (DU)
Chords used : A, G, D, Bm', 'https://www.youtube.com/watch?v=O92hNfI1A8M
https://tabs.ultimate-guitar.com/tab/nabeel-shaukat-ali/bewajah-chords-1775081', FALSE, '2022-05-09T15:20:08.845000+00:00', '2022-05-09T15:31:41.865000+00:00');
INSERT INTO public.note_tags (id, user_id, note_id, tag_id) VALUES ('e132d702-2369-4611-b5d0-bff383f45dfb', '3917b9a9-a856-4f33-a910-6ad73f9fa25b', '289cee83-79d3-47c5-a7f4-bcba6f45ee4f', '94f83bf8-1cd6-44f7-9e77-dc2d9928b555');
INSERT INTO public.note_tags (id, user_id, note_id, tag_id) VALUES ('62e6527f-6cd0-447f-8037-d193f9520f99', '3917b9a9-a856-4f33-a910-6ad73f9fa25b', '289cee83-79d3-47c5-a7f4-bcba6f45ee4f', '26bec2c9-84b7-4e97-8246-28dd469f49cd');
INSERT INTO public.notes (id, user_id, title, content, artist, album, release_year, metadata, "references", isPinned, created_at, updated_at) VALUES ('957d5e90-3691-4972-a71e-822d0ee68a58', '3917b9a9-a856-4f33-a910-6ad73f9fa25b', 'Bholenath (A Love Story)', 'Main (Em)Bhola Parbat Ka
Re Tu (D)Rani Mehla Ki
Teri (C)Meri Paar Pade Na
Beshak (D)Likhi Pehla Ki

Main Bhola Parbat Ka
Re Tu Rani Mehla Ki
Teri Meri Paar Pade Na
Beshak Likhi Pehla Ki

Kise Raja Te Byah Karwale
Meri Gel Mein Reh Pachtavegi
Teri Kaaya Padjya Kaali Re
Tanne Yaad Mehal Ki Aavegi

Mera Kambal Tak Ka Byont Nahi
Jaade Main Tharr Tharr Kambegi
Main Aankh Teesri Aala Su
Mere Chho Ne Kyukar Sambhegi

Hatth Chhod De Ne Gori
Meri Rehn N Gelya Ki
Main Zindagi Na De Sakta
Tanne Raja Chaila Ki

Main Bhola Parbat Ka
Re Tu Rani Mehla Ki
Teri Meri Paar Pade Na
Beshak Likhi Pehla Ki

Tere Haath Mein Chhale Padjyange
Jad Bhang Meri Tu Ghotegi
Mere Pyar Ke Ras Mein Khoke
Tu Sab Hasde Hasde Otegi

Mere Bhaag Mein Likha Kaalkoot Ka
Zeher Padega Peena Re
Tu Dekh Dekh Ke Rovegi
Yo Jeena Bhi Ke Jeena Re

Parivaar Nahi Mera
Yaari Bhoot Ar Bella Ki
Kyun Chhod Ke Aave Sukh Chhori
Tu Raani Maina Ki

Main Bhola Parbat Ka
Re Tu Rani Mehla Ki
Teri Meri Paar Pade Na
Beshak Likhi Pehla Ki

Gal Nag Rahwe Nirbhaag Rahwe
Mere Chautarfe Ke Aag Rahwe
Mera Guru Angira Rishi Hoya
Albella Tandav Raag Rahwe

Ek Damru Se Ek Lota Se
Aur Ek Yo Kundi Sota Se
Tu Preet Lagawe Kade Bata
Mera Bhaag Kasuta Khota Se

Main Samjh Saku Saari
Peeda Tere Naina Ki
Kyu Bhaagi Bane Is Jeevan Main
Tu Kali Raina Ki

Main Bhola Parbat Ka
Re Tu Rani Mehla Ki
Teri Meri Paar Pade Na
Beshak Likhi Pehla Ki

Main Bhola Parbat Ka
Re Tu Rani Mehla Ki
Teri Meri Paar Pade Na
Beshak Likhi Pehla Ki', 'Kaka WRLD', 'Bholenath', 2020, 'Capo at 1
Strumming : D D UUD D DU
Chords : Em D C D  -> keep repeating this
Chords used : A', 'https://www.youtube.com/watch?v=wKW30VhAEXg&list=RDwKW30VhAEXg&start_radio=1', FALSE, '2025-09-12T14:06:23.599000+00:00', '2025-09-19T02:36:00.184000+00:00');
INSERT INTO public.note_tags (id, user_id, note_id, tag_id) VALUES ('6f1518b6-9d61-4a85-a8cd-77972b47032a', '3917b9a9-a856-4f33-a910-6ad73f9fa25b', '957d5e90-3691-4972-a71e-822d0ee68a58', '94f83bf8-1cd6-44f7-9e77-dc2d9928b555');
INSERT INTO public.note_tags (id, user_id, note_id, tag_id) VALUES ('ad130413-17cb-4628-a704-6b8c2ac22c66', '3917b9a9-a856-4f33-a910-6ad73f9fa25b', '957d5e90-3691-4972-a71e-822d0ee68a58', '26bec2c9-84b7-4e97-8246-28dd469f49cd');
INSERT INTO public.note_tags (id, user_id, note_id, tag_id) VALUES ('7581e406-43cc-4c30-9117-e2063b0448ec', '3917b9a9-a856-4f33-a910-6ad73f9fa25b', '957d5e90-3691-4972-a71e-822d0ee68a58', '6a3e1159-3e7b-4145-b202-58429f143d25');
INSERT INTO public.notes (id, user_id, title, content, artist, album, release_year, metadata, "references", isPinned, created_at, updated_at) VALUES ('990985d3-b30c-49f5-a539-685a5a422c6c', '3917b9a9-a856-4f33-a910-6ad73f9fa25b', 'Aa chal ke tujhe', 'Aa chal ke tujhe main le ke chaluun
```e | - - - - - - - - - - - - - - - - - - - - - - - - - - 
B | - - - - - - - -6 - - - - - - - - - - - - -6 - - -
G | - - -8 - - 8- - -8 - - - -  - -8 - - 8- - -8 - 
D | - 8- - - - - - - - - - - - - 8- - - - - - - - - -
```

Ik aise gagan ke tale
```e | - - - - - - - - - - - - - - - - - - - - -
B | - - - - - - - - -6-8- -9-8-9-8-6 -
G | - - - -8 - - 8- - - - - - - - - - - - -
D | -8-8 - - - - - - - - - - - - - - - - - 
```

Jahan gam bhi na ho, aansoo bhi na ho
```e | - - - - - - - - - - - - - - - - - - - - - - - - -
B | - - - - -6 - 6-8-6- - - - - - -6 - 6-8-6- 
G | - - - - - - - - - - - - - - - - - - -- - - - - -
D | -8-8 - - - - - - - - - - - -8 - - - - - - - - -
```

Bas pyaar hi pyaar pale
```e | - - - - - - - - - - 6- - - - - - 
B | - 6 - - - - - - - - - - -9-8 -
G | - - -8-7 - - -8- - -  - - - -
```

Ik aise gagan ke tale
```e | - - - - - - - - - - - - - - - - - - - 
B | - - - - - - - - -6-8- -9-8- - - -
G | - - - -8 - - 8- - - - - - - - -8h - 
D | -8-8 - - - - - - - - - - - - - - - -  
```

Suraj ki pehli kiran se, 
```e | - - -6 - - - - - - - - - - -6-6 - -8-6 - - -
B | - 8- - -8-6 - - -6 - -8 - - - - - - - - 8- 
G | - - - - - - - - -8 - - - - - - - - - - - - - - 
```

aashaa kaa savera jaage
```e | - - - -6 - 6 - - -8 -6 - - 8 - 6 - - 
B | -8-9- - - - -8 - - - - 8- - - - -8 -
```

Suraj ki pehli kiran se, aashaa kaa savera jaage

Chandaa kii Kiran se dhul kar,
```e | - - 8-8 - 8-7- - - 8- - - - - - - - - - 
B | -8 - - - - - - - - - - -9-8-9-6-6- 
```

 ghanaghor andhera bhaage
```e | -6-6 - - - - - - - - - - - - - - -
B | - - - -9-8-6-9-8- - 6 - - - - 
G | - - - - - - - - - - - - - - 8-8 - 
D | - - - - - - - - - - - - - - - - - -
```

Chandaa kii Kiran se dhul kar,  ghanaghor andhera bhaage



Kabhi dhuup khile kabhi chhaav mile
Lambii sii Dagar na khale
Jahan gam bhi na ho, aansoo bhi na ho
Bas pyaar hi pyaar pale
Ik aise gagan ke tale', 'Kishore Kumar', 'Door Gagan Ki Chhaon Mein', 1964, NULL, 'https://youtu.be/Blj4Wh9MKCA', FALSE, '2018-09-26T15:13:31.468000+00:00', '2018-09-27T03:56:27.639000+00:00');
INSERT INTO public.note_tags (id, user_id, note_id, tag_id) VALUES ('f0018fbd-d911-47ff-94db-1c879e2a1cd2', '3917b9a9-a856-4f33-a910-6ad73f9fa25b', '990985d3-b30c-49f5-a539-685a5a422c6c', '22c9085c-724b-4679-aa10-b79b72f9b0be');
INSERT INTO public.note_tags (id, user_id, note_id, tag_id) VALUES ('76827b55-7266-4c80-876c-a727559c7208', '3917b9a9-a856-4f33-a910-6ad73f9fa25b', '990985d3-b30c-49f5-a539-685a5a422c6c', 'f22d1b82-b224-4a44-a581-b5c25015af54');
INSERT INTO public.notes (id, user_id, title, content, artist, album, release_year, metadata, "references", isPinned, created_at, updated_at) VALUES ('1b48e57e-6d35-412e-b2d6-630ae5e64551', '3917b9a9-a856-4f33-a910-6ad73f9fa25b', 'Hosh Walon Ko Khabar Kya', '(G)हम .. आ ..(C) हा हा हा  (G) हा हा हा

(G)होशवालों  (C)को खबर क्या, (D)बेखुदी क्या (G)चीज़ है   x2 
(G)इश्क कीजिये (C)फिर समझिये      x2
(D)ज़िन्दगी क्या (G)चीज़ है

✪✪✪✪✪✪ INTERLUDE ✪✪✪✪✪✪

(G)उनसे नज़रें (C)क्या मिलीं, (D)रौशन फिज़ाएँ (G)हो गयीं
(G)हम .......
(C)आह .. हा .. . हा हा हा
(D)ला .. ला.. ला .. (G)ला .. ला .. ला
(G)उनसे नज़रें (C)क्या मिलीं, (D)रौशन फिज़ाएँ (G)हो गयीं
(G)आज जाना (C)प्यार की  (D)जादूगरी क्या (G)चीज़ है   x2
(G)इश्क कीजिये (C)फिर समझिये x2
(D)ज़िन्दगी क्या (G)चीज़ है

✪✪✪✪✪✪ INTERLUDE ✪✪✪✪✪✪

(G)खुलती जुल्फों (C)ने सिखाई (D)मौसमों को (G)शायरी
(G)हम .......
(C)आह .. हा .. . हा हा हा
(D)ला .. ला.. ला .. (G)ला .. ला .. ला
(G)खुलती जुल्फों (C)ने सिखाई (D)मौसमों को (G)शायरी
(G)झुकती आँखों (C)ने बताया (D)मैकशी क्या (G)चीज़ है   x2
(G)इश्क कीजिये (C)फिर समझिये x2
(D)ज़िन्दगी क्या (G)चीज़ है

✪✪✪✪✪✪ INTERLUDE ✪✪✪✪✪✪

(G)हम लबों से (C)कह ना पाए (D)उनसे हाल ए (G)दिल कभी
(G)हम .......
(C)आह .. हा .. . हा हा हा
(D)ला .. ला.. ला .. (G)ला .. ला .. ला
(G)हम लबों से (C)कह ना पाए (D)उनसे हाल ए (G)दिल कभी
(G)और वो सम(C)झे नहीं ये (D)ख़ामोशी क्या (G)चीज़ है
(G)इश्क कीजिये (C)फिर समझिये x2
(D)ज़िन्दगी क्या (G)चीज़ है

(G)होशवालों (C)को खबर क्या, (D)बेखुदी क्या (G)चीज़ है
(G)इश्क कीजिये (C)फिर समझिये
(D)ज़िन्दगी क्या (G)चीज़ है', 'Jagjit Singh', 'Sarfarosh', 1999, 'Strumming : DD DD D
Chords used : G, C, D, G', 'https://tabs.ultimate-guitar.com/tab/jagjit_singh/hoshwalon_ko_khabar_kya_chords_1785478', FALSE, '2018-10-10T03:15:23.451000+00:00', '2018-11-09T02:46:12.085000+00:00');
INSERT INTO public.note_tags (id, user_id, note_id, tag_id) VALUES ('55f336be-8f75-478c-b85f-cb72ce752991', '3917b9a9-a856-4f33-a910-6ad73f9fa25b', '1b48e57e-6d35-412e-b2d6-630ae5e64551', '26bec2c9-84b7-4e97-8246-28dd469f49cd');
INSERT INTO public.note_tags (id, user_id, note_id, tag_id) VALUES ('87eebf2e-bcf0-4478-a586-324f2234fd31', '3917b9a9-a856-4f33-a910-6ad73f9fa25b', '1b48e57e-6d35-412e-b2d6-630ae5e64551', 'f22d1b82-b224-4a44-a581-b5c25015af54');
INSERT INTO public.notes (id, user_id, title, content, artist, album, release_year, metadata, "references", isPinned, created_at, updated_at) VALUES ('a213bbc8-798e-4a9e-859e-da9550df3c37', '3917b9a9-a856-4f33-a910-6ad73f9fa25b', '12 Bollywood Hit Songs - Am G F E', 'Chahu main ya na  [D D UUD DDU]
(Am)Tu hi ye mujhko ba(G)ta de
(F)Chahun main ya naa(Am)
(Am)Apne tu dil ka pa(G)ta de
(F)Chahun main ya naa(Am)
(Am)Itna bata doon tujhko
(G)Chaahat pe apni mujhko
(F)Yun tto nahi ikhti(Am)yaar
(Am)Phir bhi yeh socha dil ne
(G)Ab jo laga hoon milne
(F)Poochhu tujhe ek (Am)baar
=======================================

Hale Dil [D D UUD DDU]
(Am)Hale Dil Tujhko Sunata 
(G)Dil Agar Ye Bol Pata 
(F)Bakhuda Tujhko Hai Chahta (E)Jaaa
(Am)Tere Sang Jo Pal Bitata
(G)Waqt Se Mai Wo Mang Lata
(F)Yaad Karke Mushkurata (E)Haaa
Ohoo ho..(Am G F E)
=======================================

Aa bhi jaa sanam [D UDUD UDUD (DU)]
(Am)Aa bhi ja sanam (G) yun na kar sitam
(F)Teri baahon mein (Am)marr mitenge hum
=======================================

Tere Liye - Prince [D UDUD UDUD (DU)]
(Am) Jannate sajayi maine (G)tere liye
(Am) Chod di khudai maine (G)tere liye
(Am) Jannate sajayi maine (G)tere liye
(Am) Chod di khudai(G)iiii
(Am) Ab tere liyeeeee

(Am)Tere liye (G)jhoomoon deewana banke (Am)tere liye
(G)Vaada hai mera main hoon (Am)tere liye
(G)Hona kabhi tu ju(Am)daaaa(G)....
=======================================

Woh Lamhe [D UDUD UDUD (DU)]
wo (Am) lamhey woh (G) batein koi na (F) jane
ye kasi (Am)ratein woo (G)barsatein (F)..
wo bheegi bheegi (Am)yaadein
wo bheegi bheegi (G) yaadein  (F)

Na main (Am)jaanu
Na tu (G)jaane
(aaah)
Kaisa hai ye (F)mausam
Koi na (Am)jaane
Kahi se hai fi(G)zaa aayi
Ghamon ki dhoop (F)sang laayi
Khafaa ho(Am)gaye hum
Judaa ho(G)gaye hum
=======================================

O Mere Dil Ke Chain [D UDUD UDUD (DU)]
(Am) Apna Hi Saaya (G) Dekh Ke Tum
(F) Jaane Jahan Shar(Am)ma Gaye
(Am) Abhi To Yeh Pehli (G) Manzil Hai
(F) Tum To Abhi Se Ghab(Am)ra Gaye
Mera (Am) Kya Ho(G)ga So(F)cho To Za(Am)ra
Haay Aise Na (Am)Aanhe Bhara Kijiye(G)…(F)

O Me(Am)re Dil Ke (G)Chain
Chaen Aaye Mere (F)Dil Ko Dua Kijiye(Am)
=======================================

Hume Tumse Pyaar Kitna [D UDUD UDUD (DU)]
(Am)Tumhe Koyi (G)Aur Dekhe (F)To Jalta Hai (Am)Dil
(Am)Badi Mushki(G)lon Se Phir (F)Sambhalta Hai (Am)Dil
(Am)Kya Kya Ja(G)tan Karte Hai (F)Tumhe Kya Pa(Am)taa
(Am)Yeh Dil Beq(G)raar Kitna (F) Yeh Hum Nahin (Am) Jaante
(Am)Magar Jee Na(G)hin Sakte (F)Tumhaare Bi(Am)na
(Am)Hume Tumse (G)Pyaar Kitna (F)Yeh Hum Nahin (Am)Jaante
(Am)Magar Jee Na(G)hin Sakte (F)Tumhaare Bi(Am)na
=======================================

Teri galliyan [D D UUD DDU]
[pluck down each string one by one and pluck up last string]
(Am)Kaisa hai, rishta te(G)ra-mera
(F)Be-chehra, phir bhi kit(E)na gehra
(Am)Ye lamhe, lamhe ye (G)resham se
(F)Kho jaayein.. kho na (E)jaayein humse
[Normal strumming]
Kaafi(Am)la..(G)...Tu me(F)re…(E)…waqt (Am)ka...(G)... 
Ab (F) dil se juda na (E) ho

Teri (Am)galliyan... galliyan, teri (G) galliyan..
Mujhko (F) bhaave galiyan, teri (E) galiyan
=======================================

Dil ko tumse pyaar hua [D D UUD DDU]
Dil (Am)ko tumse pyaar hua(G), pehli baar hua(F)
Tumse pyaar hua(E)
Main (Am)bhi aashiq yaar hua(G), pehli baar hua(F)
Tumse pyaar hua(E)
Chhaayi (Am)hai beta(G)bi
Meri (F)jaan, kaho main kya ka(E)roon      x2
=======================================

Chura liya [D D UUD DDU]
(Am)Chura liya hai tumne jo (G)dil ko
(F)Nazar nahin churaana (E)sanam
(Am)Badalke meri tum zinda(G)gaani
(F)Kahin badal na jaana (E)sanam
Oh, le li(Am)ya dil, oh haai me(G)ra dil
Haai dil (F)lekar mujhko na behlaana
(E)Chura liya…
=======================================

Gulabi Ankhein [D UDUD UDUD (DU)] OR [D UUD UUD (DU)]
Gulabi (Am)Ankhein jo teri (G)dekhi
Sharabi (F)ye dil ho gaya(E)
Sambhalo (Am)mujhko o mere (G)yaaron 
samhalna (F)mushkil ho gaya(E)
=======================================

Bhula do [D UDUD UDUD (DU)]   OR  [D UUD UUD (DU)]
(Am)Wo kaisy (G)subha thi
(F)Khushiyoun ka tha sa(E)far
(Am)Sab yaaar
(G)Sang thay (F)koi thi na (E)fiker
(Am)Dukh aya (G)sukh khoya
(F)Gham ban gaya humsa(E)far

Bhu(Am)la do bhula do
Wo (G)batein purani
Jo (F)dil ko jalaty ra(E)hi
Wo (Am)yaadein Wo (G)batein
Jo (F)humko sataty ra(E)hin', 'Various Artists', 'Various Albums', 2021, NULL, 'https://www.youtube.com/watch?v=cjn9W1S3Wm0', FALSE, '2018-10-19T10:49:42.941000+00:00', '2018-12-24T03:44:41.602000+00:00');
INSERT INTO public.note_tags (id, user_id, note_id, tag_id) VALUES ('66b6af9f-19dc-4fb4-97c3-49034aa2e76a', '3917b9a9-a856-4f33-a910-6ad73f9fa25b', 'a213bbc8-798e-4a9e-859e-da9550df3c37', '07483aae-aaf2-498a-ad00-7abd0a0d46c3');
INSERT INTO public.note_tags (id, user_id, note_id, tag_id) VALUES ('bf1baca2-f99a-44a3-b2ae-54d60c8430e8', '3917b9a9-a856-4f33-a910-6ad73f9fa25b', 'a213bbc8-798e-4a9e-859e-da9550df3c37', '94f83bf8-1cd6-44f7-9e77-dc2d9928b555');
INSERT INTO public.note_tags (id, user_id, note_id, tag_id) VALUES ('fa780fdc-74ee-4db8-b622-a2ec9aa1ed75', '3917b9a9-a856-4f33-a910-6ad73f9fa25b', 'a213bbc8-798e-4a9e-859e-da9550df3c37', '26bec2c9-84b7-4e97-8246-28dd469f49cd');
INSERT INTO public.note_tags (id, user_id, note_id, tag_id) VALUES ('e3126369-6158-4dd0-8668-6e4a3194efae', '3917b9a9-a856-4f33-a910-6ad73f9fa25b', 'a213bbc8-798e-4a9e-859e-da9550df3c37', 'f22d1b82-b224-4a44-a581-b5c25015af54');
INSERT INTO public.notes (id, user_id, title, content, artist, album, release_year, metadata, "references", isPinned, created_at, updated_at) VALUES ('90b99bcd-ad51-41a2-b5dc-b05d4748e2ba', '3917b9a9-a856-4f33-a910-6ad73f9fa25b', 'Jaane dil main kab se hai tu', 'E----------------------------------
B--0--5--7--8--7--5--8--12-
Jaane dil main kab se hai tuuu
E----------------------------------
B--0--5--7--8--7-5--7--5--3-
Jabse main hoon tabse hai tuu

E----------------------------------
B--0--3--5--7--5-3--7--10-
Mujko mere rab ki kasam

E-----------------------------
B--1--1--3--5--1--8--7--5---
Yaara rab se pehle hai tu

E-------------------------------
B--1--1--3--5--1--8--10--5--
Yaara rab se pehle haaaai tu…', 'Lata Mangeshkar, Sonu Nigam', 'Mujhse Dosti Karoge!', 2002, NULL, NULL, FALSE, '2017-11-07T17:29:18.701000+00:00', '2017-11-07T17:38:13.212000+00:00');
INSERT INTO public.note_tags (id, user_id, note_id, tag_id) VALUES ('e83c6e47-feec-4e2f-a3e2-19bd6a0987e7', '3917b9a9-a856-4f33-a910-6ad73f9fa25b', '90b99bcd-ad51-41a2-b5dc-b05d4748e2ba', '94f83bf8-1cd6-44f7-9e77-dc2d9928b555');
INSERT INTO public.note_tags (id, user_id, note_id, tag_id) VALUES ('fdc1bb74-ab6a-41cd-91b9-d40ddbdee749', '3917b9a9-a856-4f33-a910-6ad73f9fa25b', '90b99bcd-ad51-41a2-b5dc-b05d4748e2ba', '22c9085c-724b-4679-aa10-b79b72f9b0be');
INSERT INTO public.notes (id, user_id, title, content, artist, album, release_year, metadata, "references", isPinned, created_at, updated_at) VALUES ('d916ee54-4e80-4241-80ca-fff0c26acd2b', '3917b9a9-a856-4f33-a910-6ad73f9fa25b', 'Aadat Se Majboor (Tune Only)', '```e | - - - 11 - 12 - 11 - - - - 
B | - 9 - - - - - - - - - - - -
```

```e | - - - 11 - 14 - 12 - - - - 
B | - 9 - - - - - - - - - - - -
```

```e | - - - 11 - 12 - 11 - - - - - - 
B | - 9 - - - - - - - - - 12 - 9 -
```', 'Benny Dayal, Ranveer Singh', 'Ladies vs Ricky Bahl', 2011, NULL, NULL, FALSE, '2017-11-01T05:39:24.212000+00:00', '2017-11-01T05:44:11.120000+00:00');
INSERT INTO public.note_tags (id, user_id, note_id, tag_id) VALUES ('25ed488b-923c-47b8-9e45-77276825570e', '3917b9a9-a856-4f33-a910-6ad73f9fa25b', 'd916ee54-4e80-4241-80ca-fff0c26acd2b', '94f83bf8-1cd6-44f7-9e77-dc2d9928b555');
INSERT INTO public.note_tags (id, user_id, note_id, tag_id) VALUES ('fa6663f3-fb4c-447f-943c-bd77a894943b', '3917b9a9-a856-4f33-a910-6ad73f9fa25b', 'd916ee54-4e80-4241-80ca-fff0c26acd2b', '22c9085c-724b-4679-aa10-b79b72f9b0be');
INSERT INTO public.notes (id, user_id, title, content, artist, album, release_year, metadata, "references", isPinned, created_at, updated_at) VALUES ('a8a66a43-58dd-4a7e-8972-edbe677d0617', '3917b9a9-a856-4f33-a910-6ad73f9fa25b', 'Ke Tui Bol', '(Am)Mon amar tor kinare
(E)Haralo din-dahare
(F)Se-to ar manche na re
(E)Ebar valo(Am)bashte aye

(Am)Tor chayar songee hobo
(E)DU haate prem kurobo
(F)Amake chupti kore
(E)MOner kotha (Am)bolte aye

(Am)Ami jete pari, (E)Heshei perote pari
(F)Onek onek (E)otol
(Am)Tor kotha othey, (E)Amar kopale jote
(F)Darun khushir (E)dool

(E)Ke Tui (Am)BOL
(E) Ke Tui (Am)BOL
Ke Tui (E)BOL(E) 
Ke Tui BOL(Am)

(Am)Urte chawar ichhe hotei
(E)Elam kache tor
Urte boshe tui takale
(E)Moneri (Am)sohor
Ektu durei daakche jibon
Jachhi chole tai
Vabchi toke aankchi koto
Rongin bahanay

Jodi mone vabe, Amay songee kore
Megher muluke chol
Tor kotha othey Amar kopale jote
Darun khushir dool
Ke Tui BOL Ke Tui BOL
Ke Tui BOL Ke Tui BOL', 'Arijit Singh', 'Herogiri', 2015, 'Capo at 3
D UU D UU D (DU)', 'http://www.uniquechords.com/ke-tui-bol-herogiri-chords/
https://www.youtube.com/watch?v=peboMi4kabo', FALSE, '2019-01-20T11:26:28.139000+00:00', '2019-01-20T11:33:09.069000+00:00');
INSERT INTO public.note_tags (id, user_id, note_id, tag_id) VALUES ('3bd1f943-5e7d-435f-8b67-136943794e51', '3917b9a9-a856-4f33-a910-6ad73f9fa25b', 'a8a66a43-58dd-4a7e-8972-edbe677d0617', 'da9a1522-98fb-4b92-bae9-f41c00333985');
INSERT INTO public.note_tags (id, user_id, note_id, tag_id) VALUES ('636d6ce1-1907-402a-97f0-430bbe56af5f', '3917b9a9-a856-4f33-a910-6ad73f9fa25b', 'a8a66a43-58dd-4a7e-8972-edbe677d0617', '26bec2c9-84b7-4e97-8246-28dd469f49cd');
INSERT INTO public.notes (id, user_id, title, content, artist, album, release_year, metadata, "references", isPinned, created_at, updated_at) VALUES ('5d2dfcd4-08d9-4107-9bdf-5e308aa89f99', '3917b9a9-a856-4f33-a910-6ad73f9fa25b', 'Tum Mile Dil Khile - Raj Barman', '(Am)Tum Mile (G)Dil Khile Aur (C)Jeene Ko Kya Chaahi(Am)ye
Haan, (Am)Tum Mile (G)Dil Khile Aur (C)Jeene Ko Kya Chaahi(Am)ye

Na Ho (C)Tu Udaas Tere Paas Paas Main Ra(Am)hunga Zindagi Bhar
Na Ho (C)Tu Udaas Tere Paas Paas Main Ra(Am)hunga Zindagi Bhar
Saare (Em)Sansar Ka Pyar (F)Maine Tujhi Mein Paya
(Am)Tum Mile (G)Dil Khile Aur (C)Jeene Ko Kya Chaahi(Am)ye

(Am) Pyar Kabhi (Em)O.o.. (C) Marta Nahi (D) Hum Tum Marte(G) Hain
Haan...(Am) Hote Hain Wo(Em)o..o... (C) Log Amar (D) Pyar Jo Karte(G) Hain

(C) Jitni Adaa (G) Utni Wafa
(C) Jitni Adaa (G) Utni Wafa
Ik Na(Em)zar Pyar Se Dekh (F)Lo Phir Se Zinda Kardo

(Am)Tum Mile (G)Dil Khile Aur (C)Jeene Ko Kya Chaahi(Am)ye
Haan, (Am)Tum Mile (G)Dil Khile Aur (C)Jeene Ko Kya Chaahi(Am)ye

Na Ho (C)Tu Udaas Tere Paas Paas Main Ra(Am)hunga Zindagi Bhar
Na Ho (C)Tu Udaas Tere Paas Paas Main Ra(Am)hunga Zindagi Bhar
Saare (Em)Sansar Ka Pyar (F)Maine Tujhi Mein Paya
(Am)Tum Mile (G)Dil Khile Aur (C)Jeene Ko Kya Chaahi(Am)ye', 'Raj Barman', 'Tum Mile Dil Khile (Raj Barman Version)', 2018, 'Capo : at 5
Strum : D UUD UUD DU', 'https://www.musicalsafar.com/tum-mile-dil-khile-guitar-chords/
https://www.youtube.com/watch?v=LsfaknhuGOo', FALSE, '2022-11-20T13:15:49.002000+00:00', '2022-11-21T14:07:01.401000+00:00');
INSERT INTO public.note_tags (id, user_id, note_id, tag_id) VALUES ('99acb8b3-6560-4d0c-8b16-b6592ecec0af', '3917b9a9-a856-4f33-a910-6ad73f9fa25b', '5d2dfcd4-08d9-4107-9bdf-5e308aa89f99', '94f83bf8-1cd6-44f7-9e77-dc2d9928b555');
INSERT INTO public.note_tags (id, user_id, note_id, tag_id) VALUES ('394c5fb7-a7c0-4004-9644-505a6be7d8d0', '3917b9a9-a856-4f33-a910-6ad73f9fa25b', '5d2dfcd4-08d9-4107-9bdf-5e308aa89f99', '26bec2c9-84b7-4e97-8246-28dd469f49cd');
INSERT INTO public.note_tags (id, user_id, note_id, tag_id) VALUES ('aef10d03-bc59-4d5d-b7a1-35f0d914f82a', '3917b9a9-a856-4f33-a910-6ad73f9fa25b', '5d2dfcd4-08d9-4107-9bdf-5e308aa89f99', 'f22d1b82-b224-4a44-a581-b5c25015af54');
INSERT INTO public.note_tags (id, user_id, note_id, tag_id) VALUES ('60948377-8fa9-4d93-939d-c7a809cf6448', '3917b9a9-a856-4f33-a910-6ad73f9fa25b', '5d2dfcd4-08d9-4107-9bdf-5e308aa89f99', '8d4fc519-7375-432c-8b6a-6cf000e9f287');
INSERT INTO public.notes (id, user_id, title, content, artist, album, release_year, metadata, "references", isPinned, created_at, updated_at) VALUES ('e8fd146b-a06e-4d93-a487-669c46733156', '3917b9a9-a856-4f33-a910-6ad73f9fa25b', 'Chehra Hai Ya Chand Khila Hai', 'E--0----------0-------------0------------0---------------0-1-0---0-1-0---0-1-0-1-0-1-0-
B----1-0--------1-0----------1-0---------1-0----------------------------------------------------
G----------2-----------2-------------2------------2------------------------------------------------
D DU UDU

Ho, (Am)Chehra Hai Ya (E)Chand Khila Hai
(Am)Zulf Ghaneri (D)Shaam Hai (G)Kya
(G)Saagar Jaisi (C)Aankhon Vaali
(Am)Ye To Bataa Tera (C)Naam Hai (Am)Kyaa

(Am)Tu Kya Jaane (E)Teri Khaatir
(G)Kitna Hai Be(C)taab Ye Dil
(Am)Tu Kya Jaane (E)Dekh Raha Hai
(G)Kaise Kaise (C)Khwaab Ye Dil

(Am)Dil Kehta Hai (E)Tu Hai Yahaan To
(Am)Jaata Lamha (D)Tham Jaa(G)ye
(A)Waqt Ka Dariya (D)Behte Behte
(G)Is Manzar Mein (Am)Jam Jaaye

(Am)Toone Deewana (E)Dil Ko Banaaya
(Am)Is Dil Par Il(D)zaam Hai (G)Kya
(G)Saagar Jaisi (C)Aankhon Vaali
(Am)Ye To Bataa Tera (C)Naam Hai (Am)Kyaa

Ho, (Am)Chehra Hai Ya (E)Chand Khila Hai
(Am)Zulf Ghaneri (D)Shaam Hai (G)Kya
(G)Saagar Jaisi (C)Aankhon Vaali
(Am)Ye To Bataa Tera (C)Naam Hai (Am)Kyaa

Ho, (Am)Aaj Main Tujhse (E)Door Sahi
Aur (Am)Tu Mujhse An(D)jaan Sa(G)hi
(A)Tera Saath Na(D)hin Paaun To
(G)Khair Tera Ar(Am)maan Sahi

(Am)Ye Armaan Hain (E)Shor Nahin Ho
(Am)Khamoshi Ke (D)Mele (G)Hon
(G)Is Duniya Mein (C)Koi Nahin Ho
(Am)Hum Dono Hi A(C)kele (Am)Hon

(Am)Tere Sapne (E)Dekh Raha Hoon
(Am)Aur Mera Ab (D)Kaam Hai (G)Kya
(G)Saagar Jaisi (C)Aankhon Vaali
(Am)Ye To Bataa Tera (C)Naam Hai (Am)Kyaa', 'Kishore Kumar', 'Saagar', 1985, 'Chords used : Am, E, D, C', 'http://tabandchord.com/2013/03/chehra-hai-ya-chand-khila-guitar-hai-chords/', FALSE, '2018-11-16T15:41:36.640000+00:00', '2018-12-31T11:00:30.290000+00:00');
INSERT INTO public.note_tags (id, user_id, note_id, tag_id) VALUES ('30332c34-7502-44df-92d4-bb495d294ea8', '3917b9a9-a856-4f33-a910-6ad73f9fa25b', 'e8fd146b-a06e-4d93-a487-669c46733156', '26bec2c9-84b7-4e97-8246-28dd469f49cd');
INSERT INTO public.note_tags (id, user_id, note_id, tag_id) VALUES ('d50d37b3-08ab-4f4d-90a7-b368696df8d5', '3917b9a9-a856-4f33-a910-6ad73f9fa25b', 'e8fd146b-a06e-4d93-a487-669c46733156', 'f22d1b82-b224-4a44-a581-b5c25015af54');
INSERT INTO public.notes (id, user_id, title, content, artist, album, release_year, metadata, "references", isPinned, created_at, updated_at) VALUES ('c8f952e6-a124-48dc-a994-1c04a5f55c72', '3917b9a9-a856-4f33-a910-6ad73f9fa25b', 'Tera Ghata - Gajendra Verma', 'INTRO (https://youtu.be/JguIUz87APo?t=295)
Hold Am with 2nd string open.     Hammer & pull off on 2 and then play 3
Hold F then                                      4 3  (12)  Slap
Hold C then                                      (23)  5 3 (12)
Hold G then                                      6 3 2  Slap
Hold Am then                                   2

Now play       Am - F - C - G        in complete song

======FINGERSTYLE===============
(Am)....Kuch (F)soch ke bo(C)la hoga (G)tumne
(Am)....Ye (F)pyaar bhi to(C)la hoga (G)tumne
(Am)....Ab (F)na hai toh phir (C)na sahi (G)dilbar
(Am)....Iss (F)dil ko ye sam(C)jha liya (G)humne

======STRUMMING===============
Isme (Am)tera ghata.(F)..Mera (C)kuch nahi jata..(G)..
Zyada pyaar ho jata Toh main seh nahi pata
Isme tera ghata Mera kuch nahi jata
Zyada pyaar ho jata Toh main seh nahi pata

Hmm…

======FINGERSTYLE===============
Kuch khaas tha ye jaan leti jo
Meri nazar se dekha hota tumne
Iss baat ka bas gham hua mujhko
Thodi si bhi koshish naa ki tumne

======STRUMMING===============
Isme tera ghata Mera kuch nahi jata
Zyada pyaar ho jata Toh main seh nahi pata
Isme tera ghata Mera kuch nahi jata
Zyada pyaar ho jata Toh main seh nahi pata

Hmm…

(Dm)...Socha nahi tha (Em)zindagi mein yun milogi
(F)...Milke bhi tum (G)na meri ho sakogi
(Dm)...Par yaad aaye(Em)gi jab bhi tumhari
(F)...Shiqayatein na (G)hongi bas dua rahegi..(E)..

======FINGERSTYLE===============
Ab aur kya kehna hoga humne
Karna tha jo woh kar liya tumne
Shayad rahun ya na rahun dilbar
Badla kabhi ye faisla tumne

======STRUMMING===============
Isme tera ghata Mera kuch nahi jata
Zyada pyaar ho jata Toh main seh nahi pata
Isme tera ghata Mera kuch nahi jata
Zyada pyaar ho jata Toh main seh nahi pata

Hmm…', 'Gajendra Verma', 'Tera Ghata', 2018, 'Capo at 4
D U Chuck D     U U Chuck DU
Chords used : Am, F, C, G', 'https://www.youtube.com/watch?v=JguIUz87APo', FALSE, '2019-05-11T12:11:59.121000+00:00', '2019-05-22T13:56:05.762000+00:00');
INSERT INTO public.note_tags (id, user_id, note_id, tag_id) VALUES ('61e6ea95-233f-43b2-845a-0b4abd57cb96', '3917b9a9-a856-4f33-a910-6ad73f9fa25b', 'c8f952e6-a124-48dc-a994-1c04a5f55c72', '39d6ed04-fc5c-427e-9060-9041887f4d0e');
INSERT INTO public.note_tags (id, user_id, note_id, tag_id) VALUES ('320e49a3-2dc4-4e2b-ba6e-ac846ad7d66c', '3917b9a9-a856-4f33-a910-6ad73f9fa25b', 'c8f952e6-a124-48dc-a994-1c04a5f55c72', '94f83bf8-1cd6-44f7-9e77-dc2d9928b555');
INSERT INTO public.note_tags (id, user_id, note_id, tag_id) VALUES ('b712e587-e857-45b0-8877-88788ad3571c', '3917b9a9-a856-4f33-a910-6ad73f9fa25b', 'c8f952e6-a124-48dc-a994-1c04a5f55c72', '375ee2c2-3bd4-473f-afd0-87ef7a38f19a');
INSERT INTO public.note_tags (id, user_id, note_id, tag_id) VALUES ('8ae39119-1e97-4ec9-8baa-dc5183beb43b', '3917b9a9-a856-4f33-a910-6ad73f9fa25b', 'c8f952e6-a124-48dc-a994-1c04a5f55c72', '26bec2c9-84b7-4e97-8246-28dd469f49cd');
INSERT INTO public.note_tags (id, user_id, note_id, tag_id) VALUES ('c44ead1b-cccd-4d3e-a0da-ed685ac5db3b', '3917b9a9-a856-4f33-a910-6ad73f9fa25b', 'c8f952e6-a124-48dc-a994-1c04a5f55c72', '8d4fc519-7375-432c-8b6a-6cf000e9f287');
INSERT INTO public.notes (id, user_id, title, content, artist, album, release_year, metadata, "references", isPinned, created_at, updated_at) VALUES ('2852e5a6-7d27-4381-961f-5dafea7f38dc', '3917b9a9-a856-4f33-a910-6ad73f9fa25b', 'Kina Chir by PropheC', 'INTRO
(Am) Mm(F)mmm (G) hmmmm
```e | - - - - - - -17-14- - - - - - - - -| x3 - - - - - - - - - - - - - - - -
B | -15-14- - - - - - - 14- - - - - | x3 - - - - - - - -14-15-14 - 
G | - - - - - - - - - - - - - - - -16- - | x3 - -14-16 - - - - - - - - -  
```

=========FINGERSTYLE========
VERSE 1
Kina (Am) chir tainu dil ch luka ke rakheya
Kite (F) wakh na ho jaavi maithon (G) tu
Tainu (Am) saahan di ladi ch main piro ke rakheya
Kite (F) saahan ton na ho javi tu (G) door

(Am) Main vi sang da (Am) Tu vi sang di
(F) Kiven bullan ton (G)kahawan
(Am) Jo main chahvan (Am) Tu vi mangdi
(F) Jind naal, tere (G) laawan

=========STRUMMING========
CHORUS
Kina (Am) chir tainu dil ch luka ke rakheya (F) (G)
Kina (Am) chir tainu dil ch luka ke rakheya (F) (G)

=========FINGERSTYLE========
(Am).. Hmmm(F)…..Hmmm(G)mmm…

VERSE 2
Aaj (Am) jaan ni main jaan tainu dena
Gal (F) sang wali sari main (G) mita deni’an
Photo (Am) dil de kone ‘ch jo luka ke si main rakhi
Ajj (F) akkhan de samne (G) khada deni’an..

=========STRUMMING========
(Am) Takda hi jawan 
(Am) Ena tainu chahwan
(F) Nazran tere ton na (G)hatawan main
(Am) Tera injj sharmauna
(Am) Akkhan nu jhukauna
Tainu (F) vekhda hi thaan mar (G) jawan main

Kina (Am) chir tainu dil ch luka ke rakheya (F) (G)
Kina (Am) chir tainu dil ch luka ke rakheya (F) (G)

=========FINGERSTYLE========
(Am).. Hmmm(F)…..Hmmm(G)mmm…

VERSE 3
(Am) Jithe tera raah (Am) Ohi meri thaan
(F) Pyar di utthe main tainu 
(G) kar dawan chaanh

(Am) Supne vi tu mera dil vi tera
(F) Tere kadman ch rakhan (G) jaan

=========STRUMMING========
(Am) Mar jaana dil bas vich reha na
(F) Hannane ni teri aaj karwauni haan
(Am) Tu vi armaana nu luko ke rakheya
Aaj (F) pyar da tu kar (G) izhar

Kina (Am) chir tainu dil ch luka ke rakheya (F) (G)
Kina (Am) chir tainu dil ch luka ke rakheya (F) (G)
Kina (Am) chir tainu dil ch luka ke rakheya (F) (G)
Kina (Am) chir tainu dil ch luka ke rakheya (F) (G)

OUTRO
(Am).. (F).. (G)
(Am)… (F).. (G)….
(Am)….', 'The PropheC', 'The Lifestyle', 2016, 'Capo : 2nd Fret
Strumming : D Dd Ddd D
Fingerstyle : 6-5-4-3-2-1 (change pattern based on chord)
Chords used : Am, F, G', 'https://www.youtube.com/watch?v=XsY18ODdOOI', FALSE, '2022-01-12T04:54:41.518000+00:00', '2022-01-16T05:40:25.047000+00:00');
INSERT INTO public.note_tags (id, user_id, note_id, tag_id) VALUES ('f32127d3-586f-457a-bb05-6d7aa6d0ca3f', '3917b9a9-a856-4f33-a910-6ad73f9fa25b', '2852e5a6-7d27-4381-961f-5dafea7f38dc', '39d6ed04-fc5c-427e-9060-9041887f4d0e');
INSERT INTO public.note_tags (id, user_id, note_id, tag_id) VALUES ('1facbe2e-fd68-4e79-8b7f-527bba061a56', '3917b9a9-a856-4f33-a910-6ad73f9fa25b', '2852e5a6-7d27-4381-961f-5dafea7f38dc', 'f38a575b-3040-4496-8494-78d603e260b4');
INSERT INTO public.note_tags (id, user_id, note_id, tag_id) VALUES ('4911b337-6a5e-4bf3-a56a-e89097a42a06', '3917b9a9-a856-4f33-a910-6ad73f9fa25b', '2852e5a6-7d27-4381-961f-5dafea7f38dc', '26bec2c9-84b7-4e97-8246-28dd469f49cd');
INSERT INTO public.notes (id, user_id, title, content, artist, album, release_year, metadata, "references", isPinned, created_at, updated_at) VALUES ('8100a1d8-da56-4ef1-9119-381800e04dfe', '3917b9a9-a856-4f33-a910-6ad73f9fa25b', 'tujhe dekha to', '```e | - - - - - - - - 9 - 7 - 9 - 5 - 7 - 10 - 9 -
B | - 7 - 7 - 7 - - - - - - - - - - - - - - - - - 
```

```e | - - - - - - - - 9 - 7 - 9 - 5 - 7 - 5 - 4 -
B | - 7 - 7 - 7 - - - - - - - - - - - - - - - - - 
```

```e | - 2 - 4 - 0 - 2 - 4 - 0 - 2 - 5 - 4 - 
```

```e | - 2 - 4 - 0 - 2 - 4 - 0 - 5 - 4 - 2 - 
```', 'Lata Mangeshkar, Kumar Sanu', 'Dilwale Dulhania Le Jayenge', 1995, NULL, NULL, FALSE, '2017-10-06T03:03:04.206000+00:00', '2018-01-17T17:40:02.351000+00:00');
INSERT INTO public.note_tags (id, user_id, note_id, tag_id) VALUES ('8aec94ac-32ef-4248-9b8a-90d917d8aabb', '3917b9a9-a856-4f33-a910-6ad73f9fa25b', '8100a1d8-da56-4ef1-9119-381800e04dfe', '94f83bf8-1cd6-44f7-9e77-dc2d9928b555');
INSERT INTO public.note_tags (id, user_id, note_id, tag_id) VALUES ('aa451731-1fb9-482c-81b4-4965d0e64ad1', '3917b9a9-a856-4f33-a910-6ad73f9fa25b', '8100a1d8-da56-4ef1-9119-381800e04dfe', '484fde0b-53ea-4d62-82d9-dff38182c04c');
INSERT INTO public.note_tags (id, user_id, note_id, tag_id) VALUES ('ac8c32ae-d48b-492d-928c-3bd9b5dc9453', '3917b9a9-a856-4f33-a910-6ad73f9fa25b', '8100a1d8-da56-4ef1-9119-381800e04dfe', '22c9085c-724b-4679-aa10-b79b72f9b0be');
INSERT INTO public.notes (id, user_id, title, content, artist, album, release_year, metadata, "references", isPinned, created_at, updated_at) VALUES ('bfde3d80-5b1c-4a20-bf14-693981585938', '3917b9a9-a856-4f33-a910-6ad73f9fa25b', 'Dhoom Theme', '```e | - - - - - 11 - 9 - 11 - 9 - 11 - - - - 9 - 11 - 9 - - - - - - 
B | - 4/9 - - - - - - - - - - - - - - 12 - - - - - - - - 12 - 10 - 
```

```e | - - - 11 - 9 - 11 - 9 - 11 - - - - 9 - 11 - 9 bend - - - - - - - 
B | - 9 - - - - - - - - - - - - - 12 - - - - - - - - - - - - - 
```

```e | - - - - 11 - 9 - 11 - 9 - 11 - - - - 9 - 11 - 9 - - - - - - 
B | - 9 - - - - - - - - - - - - - - 12 - - - - - - - - 12 - 10 - 
```

```e | - - - - - - - - - - - - - - - - - - - - - - - - - 
B | - - - 9 - 10 - 12 - 10 - 9 - - - - 10 - 9 - 
G | - 11 - - - - - - - - - - - - - - 11 - - - - - - 
```', 'Pritam', 'Dhoom', 2004, NULL, NULL, FALSE, '2017-12-31T13:57:28.347000+00:00', '2017-12-31T15:19:51.332000+00:00');
INSERT INTO public.note_tags (id, user_id, note_id, tag_id) VALUES ('db6d3b94-3027-4e34-894c-0e194a566509', '3917b9a9-a856-4f33-a910-6ad73f9fa25b', 'bfde3d80-5b1c-4a20-bf14-693981585938', '94f83bf8-1cd6-44f7-9e77-dc2d9928b555');
INSERT INTO public.note_tags (id, user_id, note_id, tag_id) VALUES ('0d3907bb-11ef-47bd-b5c0-d39bbf6c6219', '3917b9a9-a856-4f33-a910-6ad73f9fa25b', 'bfde3d80-5b1c-4a20-bf14-693981585938', '22c9085c-724b-4679-aa10-b79b72f9b0be');
INSERT INTO public.notes (id, user_id, title, content, artist, album, release_year, metadata, "references", isPinned, created_at, updated_at) VALUES ('aa19dab0-b466-4dd4-b810-84d9a45ee453', '3917b9a9-a856-4f33-a910-6ad73f9fa25b', 'Tujh Mein Rab Dikhta Hai', 'Intro (Em Em)

Tu hi toh (D)jannat meri, Tu hi (Em)mera junoon
Tu hi to (D)mannat meri, Tu hi (Em)rooh ka sukoon
Tu (G)hi aakhion ki (Em)thandak, tu (G)hi dil ki hai (Em)dastak
Aur (Am)kuch na (Em)janu mein, (C)bas itna hi jaanu
(Em)Tujh mein rab (D)dikhta hai
(C)Yaara mein (D)kya karu
(Em)Tujh mein rab (D)dikhta hai
(C)Yaara mein (D)kya karu
(Em)Sajdhe sar (D)jukhta hai
(C)Yaara mein (D)kya karu
(Em)Tujh mein rab (D)dikhta hai
(C)Yaara mein (D)kya karu

Interlude (https://youtu.be/yy8LkCz3_5Q?t=156)
Em x4.... D.. C... D.. C... D.. Em.. D.. C.. Bm.. 
Am x2....Em.D.. C.. D..

(Em)Kaisi hai yeh doori(D), 
(C)kaisi majboori (D)
Meine (Em)nazron se tu(D)jhe choo li(C)ya (D)
Oh ho ho (Em)Kabhi teri khusboo(D)
(C)Kabhi teri baatein(D)
Bin (Em)mange yeh ja(D)han pa li(C)ya (D)
Tu hi (G)dil ki hai (Em)raunak,
Tu hi (G)janmo ki (Em)daulat
Aur (C)kuch na ja(G)noo
Bas (Am)itna hi janoo
(Em)Tujh mein rab (D)dikhta hai
(C)Yaara mein (D)kya karu

(Em)Tujh mein rab (D)dikhta hai
(C)Yaara mein (D)kya karu
(Em)Sajdhe sar (D)jukhta hai
(C)Yaara mein (D)kya karu
(Em)Tujh mein rab (D)dikhta hai
(C)Yaara mein (D)kya karu', 'Roop Kumar Rathod', 'Rab Ne Bana Di Jodi', 2008, 'Capo on 1
Strum : D DU UDU
Chords used : Em, D, G, Am', 'https://www.youtube.com/watch?v=yy8LkCz3_5Q', FALSE, '2018-10-30T03:16:28.831000+00:00', '2018-11-10T15:02:01.902000+00:00');
INSERT INTO public.note_tags (id, user_id, note_id, tag_id) VALUES ('c5a87ac9-27ce-48f2-82c5-cff69018da8d', '3917b9a9-a856-4f33-a910-6ad73f9fa25b', 'aa19dab0-b466-4dd4-b810-84d9a45ee453', '94f83bf8-1cd6-44f7-9e77-dc2d9928b555');
INSERT INTO public.note_tags (id, user_id, note_id, tag_id) VALUES ('4e5cf500-ee76-4ca9-b010-f8d41b0dbeed', '3917b9a9-a856-4f33-a910-6ad73f9fa25b', 'aa19dab0-b466-4dd4-b810-84d9a45ee453', '26bec2c9-84b7-4e97-8246-28dd469f49cd');
INSERT INTO public.notes (id, user_id, title, content, artist, album, release_year, metadata, "references", isPinned, created_at, updated_at) VALUES ('2c49dc1b-0410-4952-84f9-4afc805cca57', '3917b9a9-a856-4f33-a910-6ad73f9fa25b', 'Zara Zara (RHTDM)', '', 'Bombay Jayashri', 'Rehnaa Hai Terre Dil Mein', 2001, 'Capo at 2
Dd D DU', 'https://tabs.ultimate-guitar.com/tab/bombay_jayashri/zara_zara_chords_1711548
https://www.youtube.com/watch?v=3Ah64BPygmk', FALSE, '2019-08-25T03:21:43.656000+00:00', '2020-12-31T05:35:58.400000+00:00');
INSERT INTO public.note_tags (id, user_id, note_id, tag_id) VALUES ('a9fed824-140e-4d48-8a6c-5210c9d858e4', '3917b9a9-a856-4f33-a910-6ad73f9fa25b', '2c49dc1b-0410-4952-84f9-4afc805cca57', 'ca29fa62-24fc-4ecb-808c-f795c7122529');
INSERT INTO public.note_tags (id, user_id, note_id, tag_id) VALUES ('f6d925a6-e498-4637-8636-6fd7eda6bddd', '3917b9a9-a856-4f33-a910-6ad73f9fa25b', '2c49dc1b-0410-4952-84f9-4afc805cca57', '94f83bf8-1cd6-44f7-9e77-dc2d9928b555');
INSERT INTO public.note_tags (id, user_id, note_id, tag_id) VALUES ('1133321f-5127-441b-83fb-aeba559d77c9', '3917b9a9-a856-4f33-a910-6ad73f9fa25b', '2c49dc1b-0410-4952-84f9-4afc805cca57', '26bec2c9-84b7-4e97-8246-28dd469f49cd');
INSERT INTO public.notes (id, user_id, title, content, artist, album, release_year, metadata, "references", isPinned, created_at, updated_at) VALUES ('6013f02e-d747-4b7b-aeed-3979c28b4ae7', '3917b9a9-a856-4f33-a910-6ad73f9fa25b', 'Guncha Koi', '(D)Guncha (A)Koi, Mere Naam Kar (D)Diya..............................x2
(D)Saaki Ne (A)Phir Se Mera (Em)Jaam (A)Bhar (D)Diya........x2
(D)Guncha (A)Koi...

(D)Tum Jaisa (G)Koi Nahin (A)Is Jahan (D)Mein.....................x2
(D)Subah Ko Teri (A)Zulfon Ne Shaam Kar (D)Diya..................x2
(D)Saaki Ne (A)Phir Se Mera (Em)Jaam (A)Bhar (D)Diya
(D)Guncha (A)Koi...

(D)Mehfil Mein Bar (G)Bar Idhar (A)Dekha (D)Kiye...................x2
(D)Aankhon Ki Jazi(A)Ro Ko Mere Naam Kar (D)Diya..............x2
(D)Saaki Ne (A)Phir Se Mera (Em)Jaam (A)Bhar (D)Diya..
(D)Guncha (A)Koi...

(D)Hosh Bekha(G)bar Se Huye (A)Unke (D)Bagair ...................x2
(D)Woh Jo Hum Se (A)Keh Na Sake Dil Ne Keh (D)Diya...........x2
(D)Saaki Ne (A)Phir Se Mera (Em)Jaam (A)Bhar (D)Diya

(D)Saaki Ne (A)Phir Se Mera (Em)Jaam (A)Bhar (D)Diya
(D)Guncha (A)Koi, Mere Naam Kar (D)Diya..
(D)Saaki Ne (A)Phir Se Mera (Em)Jaam (A)Bhar (D)Diya..
(D)Guncha (A)Koi, Mere Naam Kar (D)Diya....', 'Mohit Chauhan', 'Main, Meri Patni Aur Woh', 2005, 'D-UU-D-UU-DU   OR
D-U-U-DUDU   OR
D DU UDU
FingerStyle: 4-1-2-4-1-4-1 with an occasional 5-1-2-4-1-4-1
Chords used : D, A, Em, G', 'http://ultimatechords.blogspot.com/2013/07/guncha-koi-silk-route-boondein-mohit.html', FALSE, '2019-01-16T03:02:04.525000+00:00', '2019-01-23T14:11:48.174000+00:00');
INSERT INTO public.note_tags (id, user_id, note_id, tag_id) VALUES ('ed6a2e23-239e-418f-8d43-350cbabdc2ee', '3917b9a9-a856-4f33-a910-6ad73f9fa25b', '6013f02e-d747-4b7b-aeed-3979c28b4ae7', '94f83bf8-1cd6-44f7-9e77-dc2d9928b555');
INSERT INTO public.note_tags (id, user_id, note_id, tag_id) VALUES ('ab492623-369e-446a-bf3b-39f34cdcde1e', '3917b9a9-a856-4f33-a910-6ad73f9fa25b', '6013f02e-d747-4b7b-aeed-3979c28b4ae7', '375ee2c2-3bd4-473f-afd0-87ef7a38f19a');
INSERT INTO public.note_tags (id, user_id, note_id, tag_id) VALUES ('89c7790c-a8d6-40c2-8b1e-f6efb9f1d82c', '3917b9a9-a856-4f33-a910-6ad73f9fa25b', '6013f02e-d747-4b7b-aeed-3979c28b4ae7', '26bec2c9-84b7-4e97-8246-28dd469f49cd');
INSERT INTO public.notes (id, user_id, title, content, artist, album, release_year, metadata, "references", isPinned, created_at, updated_at) VALUES ('4c089173-e479-481a-b7ca-3ce4f9a95711', '3917b9a9-a856-4f33-a910-6ad73f9fa25b', 'Lag Jaa Gale', '(G) Lag Ja Gale Ki (Em) Phir Ye Hasin (G) Raat Ho Na (D) Ho
(C) Shaayad Phir Is (D) Janam Men Mulaa(G)qaat (Am) Ho Na (G) Ho

(G) Lag Ja Gale Ki (Em) Phir Ye Hasin (G) Raat Ho Na (D) Ho
(C) Shaayad Phir Is (D) Janam Men Mulaa(G)qaat (Am) Ho Na (G0) Ho

(G) Lag Ja Gale (G)se  (G)he …

(G) Ham Ko Mili Hain (Am) Aaj, Ye (C) Ghadiyaan Nasib (G) Se
(G) Ji Bhar Ke Dekh (C) Lijiye Ham (C) Ko Karib (G) Se
(G) Phir Aap Ke Nas(G)ib Men Ye (Em) Baat Ho (D) Na Ho
(C) Shaayad Phir Is (D) Janam Men Mulaa(G)qaat (Am) Ho Na (G) Ho

(G) Lag Ja Gale (G)se (G)he …

(G) Paas Aaiye Ki (Am) Ham Nahin (C) Aaenge Baar (G) Baar
(G) Baahen Gale Men (C) Daal Ke Ham (C) Ro Le Zaar (G) Zaar
(G) Aankhon Se Phir Ye (G) Pyaar Ki Bar(Em)saat Ho (D) Na Ho
(C) Shaayad Phir Is (D) Janam Men Mulaa(G)qaat (Am) Ho Na (G) Ho

(G) Lag Ja Gale Ki (Em) Phir Ye Hasin (G) Raat Ho Na (D) Ho
(C) Shaayad Phir Is (D) Janam Men Mulaa(G)qaat (Am) Ho Na (G) Ho

(G) Lag Ja Gale (G)se (G)he …', 'Lata Mangeshkar', 'Woh Kaun Thi?', 1964, 'Strum :  D  DUDU
Fingerstyle : 4 2 1 2 3 2  (https://youtu.be/HS0lWYr87AI?t=48)
Chords used : G, Em, D, C, Am', 'https://www.youtube.com/watch?v=A1hgCqi-tuk', FALSE, '2018-10-19T01:47:23.639000+00:00', '2023-07-30T01:51:34.704000+00:00');
INSERT INTO public.note_tags (id, user_id, note_id, tag_id) VALUES ('3536e328-4130-4c51-b7eb-2cb733461d75', '3917b9a9-a856-4f33-a910-6ad73f9fa25b', '4c089173-e479-481a-b7ca-3ce4f9a95711', '26bec2c9-84b7-4e97-8246-28dd469f49cd');
INSERT INTO public.note_tags (id, user_id, note_id, tag_id) VALUES ('5558393c-fc6a-4364-9c63-7c44186f2005', '3917b9a9-a856-4f33-a910-6ad73f9fa25b', '4c089173-e479-481a-b7ca-3ce4f9a95711', 'f22d1b82-b224-4a44-a581-b5c25015af54');
INSERT INTO public.notes (id, user_id, title, content, artist, album, release_year, metadata, "references", isPinned, created_at, updated_at) VALUES ('b5e86f50-3939-4567-9a70-d27c38637c35', '3917b9a9-a856-4f33-a910-6ad73f9fa25b', 'Ek Ajnabee Haseena Se', 'Ek ajna(G)bi hasina (C)se yu mula(D)kat ho ga(G)yi
Phir kya hu(G)wa yeh naa pu(C)chho, kuchh aisi (D)bat ho ga(G)yi…x2

Verse 1
(G) Woh achanak aa gayi, yun najar ke (Am) samane
(A)Jaise nikal aa(D)ya ghata se (G)chand
(C)Chehare pe julfen, (Am)bikhri hu(G)yi thi,
(C)din me (D)raat ho ga(G)yi(D) (G)

Chorus:
Ek ajna(G)bi hasina (C)se yu mula(D)kat ho ga(G)yi
Phir kya hu(G)wa yeh naa pu(C)chho, kuchh aisi (D)bat ho ga(G)yi…x2

Verse 2
(G) Janeman janejigar hota mai sha(Am)yar agar,
(A)kahata gajhal (D)teri adao (G)par
(C)Maine yeh kaha toh (Am)mujhse ka(G)fa woh
(C)jane ha(D)ya ho ga(G)yi(D) (G)

Chorus:
Ek ajna(G)bi hasina (C)se yu mula(D)kat ho ga(G)yi
Phir kya hu(G)wa yeh naa pu(C)chho, kuchh aisi (D)bat ho ga(G)yi…x2

Vere 3
(G) Khubsurat baat yeh, char pal kaa (Am)sath yeh,
(A)sari umar mujh(D)ko rahega(G) yaad
(C)Mai akela tha magar, (Am)ban gayi woh (G)hamsafar
(C)woh mere (D)sath ho ga(G)yi(D) (G)

Chorus:
Ek ajna(G)bi hasina (C)se yu mula(D)kat ho ga(G)yi
Phir kya hu(G)wa yeh naa pu(C)chho, kuchh aisi (D)bat ho ga(G)yi…x2', 'Kishore Kumar', 'Ajanabee', 1974, 'D UUD UUD DU
Chords used : G, C, D, Am, A', 'https://www.youtube.com/watch?v=RTGn1N4ps88', FALSE, '2018-11-05T15:19:45.196000+00:00', '2018-12-23T14:00:28.297000+00:00');
INSERT INTO public.note_tags (id, user_id, note_id, tag_id) VALUES ('50df2985-cbdd-4f34-96bf-13ea3edfb6eb', '3917b9a9-a856-4f33-a910-6ad73f9fa25b', 'b5e86f50-3939-4567-9a70-d27c38637c35', '26bec2c9-84b7-4e97-8246-28dd469f49cd');
INSERT INTO public.note_tags (id, user_id, note_id, tag_id) VALUES ('73e78b51-f805-42bc-a33b-d42439492832', '3917b9a9-a856-4f33-a910-6ad73f9fa25b', 'b5e86f50-3939-4567-9a70-d27c38637c35', 'f22d1b82-b224-4a44-a581-b5c25015af54');
INSERT INTO public.notes (id, user_id, title, content, artist, album, release_year, metadata, "references", isPinned, created_at, updated_at) VALUES ('6bfe9b09-0401-4919-ab65-4db7e3998e0a', '3917b9a9-a856-4f33-a910-6ad73f9fa25b', 'Fun Friday Games', 'Guess location on map : https://openguessr.com/
Mini counter-strike on browser : https://shellshock.io/', 'Unavailable', 'Unavailable', 2001, NULL, NULL, FALSE, '2025-01-14T10:55:26.034000+00:00', '2025-01-14T10:56:00.896000+00:00');
INSERT INTO public.notes (id, user_id, title, content, artist, album, release_year, metadata, "references", isPinned, created_at, updated_at) VALUES ('98063934-efc7-431c-b43c-14c8796246db', '3917b9a9-a856-4f33-a910-6ad73f9fa25b', 'Swaar Loon', 'Lead Played at Starting
```D|--7-8-7-5-5-8------7-8-7-5-------7----------------|
A|---------------------------------8--------------------|
```

Line 1 (Hawa)
```B|-------8----------------------------------------------|
G|-10-------10-77-7&9-9-7-9-------7--10-10-10-10----|
D|------------------------- -------10------------------------|
```

Line 2
```B|-------8----------------------------------------------|
G|-10-------10-77-7&9-9-7-9-------7--10-10-10-10----|
D|-------------------------------10------------------------|
```

Line 3
```E|-------------------------------------10--8------------|
B|--10-10-10-10-11-10-11-10-11-----------8888---|
```

Line 4
```E|-------------------------------------10--8------------|
B|--10-10-10-10-11-10-11-10-11-----------8888---|
```

Line 5 (Swaar Loon, Swaar Loon)
```B|------8-----------------------------------------------|
G|-10------10-7----9---------7--10-------------------|
D|----------------------10-----------------------------|
```

Line 6
```B|------8-----------------------------------------------|
G|-10------10-7----9---------7--10-------------------|
D|----------------------10-----------------------------|
```

Second Para

Line 7
```E|--------------------------------------------10-10-8----|
B|-10-10-10-10-11-10-11-10-11-10-11---------------|
```

LIne 8
```E|--------------------------------------------10-10-8----|
B|-10-10-10-10-11-10-11-10-11-10-11---------------|
```

Line 9
```E|-13-13-12-8------------------10---------------------|
B|----------------11-11-8-11---------------------------|
```

Line 10
```E|-10-12-8------------------------10------------------|
B|-------------10-10--------10-------------------------|
G|----------------------10-------------------------------|
```

Line 11
```E|-10-12-8----------------------------------------------|
B|------------8-8-10-11-11-10-8----------------------|
G|------------------------------------10-----------------|
```

Line 12 (Swaar Loon, Swaar Loon)
```B|------8-----------------------------------------------|
G|-10------10-7-9-9---------7--10-------------------|
D|-----------------------10-----------------------------|
```

Line 13
```B|------8-----------------------------------------------|
G|-10------10-7-9-9---------7--10-------------------|
D|-----------------------10-----------------------------|
```', 'Monali Thakur', 'Lootera', 2013, 'TBD : Add text', NULL, FALSE, '2017-11-12T04:38:36.510000+00:00', '2018-09-12T01:46:00.012000+00:00');
INSERT INTO public.note_tags (id, user_id, note_id, tag_id) VALUES ('54ec7249-0d5a-4196-8315-703d72e25d05', '3917b9a9-a856-4f33-a910-6ad73f9fa25b', '98063934-efc7-431c-b43c-14c8796246db', 'ca29fa62-24fc-4ecb-808c-f795c7122529');
INSERT INTO public.note_tags (id, user_id, note_id, tag_id) VALUES ('281b214e-f78c-4039-bd85-c13a415b6ba7', '3917b9a9-a856-4f33-a910-6ad73f9fa25b', '98063934-efc7-431c-b43c-14c8796246db', '94f83bf8-1cd6-44f7-9e77-dc2d9928b555');
INSERT INTO public.note_tags (id, user_id, note_id, tag_id) VALUES ('ed05cd1d-b6ae-44fd-a600-d2c4591b8f00', '3917b9a9-a856-4f33-a910-6ad73f9fa25b', '98063934-efc7-431c-b43c-14c8796246db', '22c9085c-724b-4679-aa10-b79b72f9b0be');
INSERT INTO public.notes (id, user_id, title, content, artist, album, release_year, metadata, "references", isPinned, created_at, updated_at) VALUES ('2f30254f-3c4a-4c7d-be84-2b447a6da061', '3917b9a9-a856-4f33-a910-6ad73f9fa25b', 'Jeeta tha jiske liye', '--12-12-5-5-7--9-12-----12-12-14-12-8--5-5--7-7
Jeeta tha jiske liye Jiske liye marta tha
--0-2-5--5-5-7-8-7--7-7-5----9---9--7-8-7-5-5
Ek eisi ladki thi jise mei pyar karta tha

--0-0-2-5--5-5-7-8-7--7-7-5-7--9----9--7-8-7-5-5
eik eisi ladi thi jise mei. pyarrrrrr karta tha', 'Kumar Sanu, Alka Yagnik', 'Dilwale', 1994, NULL, NULL, FALSE, '2017-11-07T18:04:55.050000+00:00', '2017-11-07T18:10:17.642000+00:00');
INSERT INTO public.note_tags (id, user_id, note_id, tag_id) VALUES ('3b83fdb1-f05f-4cc8-ab70-2c0e5464cebc', '3917b9a9-a856-4f33-a910-6ad73f9fa25b', '2f30254f-3c4a-4c7d-be84-2b447a6da061', '22c9085c-724b-4679-aa10-b79b72f9b0be');
INSERT INTO public.note_tags (id, user_id, note_id, tag_id) VALUES ('d12173ef-fd47-4c10-a031-cd226f5bcc22', '3917b9a9-a856-4f33-a910-6ad73f9fa25b', '2f30254f-3c4a-4c7d-be84-2b447a6da061', 'f22d1b82-b224-4a44-a581-b5c25015af54');
INSERT INTO public.notes (id, user_id, title, content, artist, album, release_year, metadata, "references", isPinned, created_at, updated_at) VALUES ('1120dcac-fa45-45e3-82c2-c2a3be13645a', '3917b9a9-a856-4f33-a910-6ad73f9fa25b', 'Bairiya - Arijit Singh', '======= NO CHORDS =======  
Moti Teri Yaad Ke, Dori Meri Saans,
Piro Piro Ke Kaatun Kab Tak... Jeevan Ka Banbaas?
O... Mitti Ki Kaaya Mein Ab... Bhookh Bachi Na Pyaas
Saanvre Saajan Pukaar Le Mohe Apne Paas...

======= FINGERSTYLE =======                       
Jaap (Am)Hothon Pe, (G)Ik Te(Em)re Naam (Am)Ka
Jaap (Am)Hothon Pe, (G)Ik Te(Em)re Naam (Am)Ka
Jeete (F)Ji Lafz (Em)Dooja Na(Am)hin Bolna
Jeete (F)Ji Lafz (Em)Dooja Na(Am)hin Bolna....

======= D DUDU ===========
Haq (Am)Apni Za(Em)ra Si (G)Jaan (Am)Pe
Tujhe (Am)Pehli Na(Em)zar Mein Hi (Am)De... Diya
Tera (Am)Kuchh Bhi Na(Em)hin Main Ye (G)Bol (Am)Ke                   
Bana (Am)Sab Kuchh Me(Em)ra Tu (Am)Bai...riya

(Am)Bairi(Em)ya... (Am)Bairi(G)ya... (F)Bairi(Am)ya...
(Am)Bairi(Em)ya... (Am)Bairi(G)ya... (F)Bairi(Am)ya...

======= FINGERSTYLE =======
(Am)Maangein Teri, (Em)Deed Ka Daan              
(F)Nain Mere Do (G)Khaali (Am)Kaase
(Am)Aamad Teri (Em)Ho Toh Paltein
(F)Qismat Ke (G)Paase(Am)
(Am)Rajj Tere (G)Paaon (Em)Ka
(Am)Chandan (G)Hai Mera
(Am)Qadardaan Main Qadardaan Te(G)ra...

======= D DUDU ===========
(Am)Rab Se Chhu(G)paaya (Em)Bhi
(Am)Tujhko Ba(G)taun (Em)Main
(Am)Mehermaan Tu Mehermaan Me(G)ra..(Em)..

======= SINGLE STROKE =======
Tu Hi (Am)Raazdaan ..

======= FINGERSTYLE =======
Piyun (Am)Amrit  Ka (Em)Pyaala (G)Maan (Am)Ke
Tu Ne (Am)Hans Ke (Em)Zaher Jo (Am)De Diya

======= D DUDU =========== 
Tera (Am)Kuchh Bhi Na(Em)hin Main Ye (G)Bol (Am)Ke      
Bana (Am)Sab Kuchh Me(Em)ra Tu (Am)Bai...riya, (F)Bairi(Am)ya

(Am)Bairi(Em)ya... (Am)Bairi(G)ya... (F)Bairi(Am)ya...
(Am)Bairi(Em)ya... (Am)Bairi(G)ya... (F)Bairi(Am)ya...
(Am)Bairi(Em)ya... (Am)Bairi(G)ya... (F)Bairi(Am)ya...
(Am)Bairi(Em)ya... (Am)Bairi(G)ya... (F)Bairi(Am)ya...', 'Arijit Singh', 'Bairiya', 2023, 'Key : Bb  (With Capo it is G)
Capo : 3
Chords used : Am, Em, G, F', 'https://www.youtube.com/watch?v=kuQlIfmsdQY', FALSE, '2023-04-21T14:43:37.974000+00:00', '2023-04-21T15:11:46.478000+00:00');
INSERT INTO public.note_tags (id, user_id, note_id, tag_id) VALUES ('def96abd-bb52-4396-805d-c9bba247a065', '3917b9a9-a856-4f33-a910-6ad73f9fa25b', '1120dcac-fa45-45e3-82c2-c2a3be13645a', '94f83bf8-1cd6-44f7-9e77-dc2d9928b555');
INSERT INTO public.note_tags (id, user_id, note_id, tag_id) VALUES ('887ec3d2-28e5-4e08-85a5-f95384d345cb', '3917b9a9-a856-4f33-a910-6ad73f9fa25b', '1120dcac-fa45-45e3-82c2-c2a3be13645a', '26bec2c9-84b7-4e97-8246-28dd469f49cd');
INSERT INTO public.note_tags (id, user_id, note_id, tag_id) VALUES ('29dc5962-ae14-4398-bd46-5792d4a33d0a', '3917b9a9-a856-4f33-a910-6ad73f9fa25b', '1120dcac-fa45-45e3-82c2-c2a3be13645a', '8d4fc519-7375-432c-8b6a-6cf000e9f287');
INSERT INTO public.notes (id, user_id, title, content, artist, album, release_year, metadata, "references", isPinned, created_at, updated_at) VALUES ('5ec95910-c996-4e7e-9cfb-85fb4be1da5c', '3917b9a9-a856-4f33-a910-6ad73f9fa25b', 'Kya khoob lagti ho', '(Am)kya khoob lagti (G)ho
(C)badi sundar dikhti (Am)ho........(x2)

(G)Phir se kaho kahte raho (C)accha lagta hai
(G)Jivan ka har (C)sapna ab (G)saccha lagta (Am) hai

(Am)kya khoob lagti (G)ho
(C)badi sundar dikhti (Am)ho........(x2)

Ta(Am)rif karoge kab tak…….bolo kab tak
Mere (C)sine mein (G)saas rahegi (Am)jab tak
Kab (Am)tak main rahungi mann mein……haan mann mein
Su(C)raj hoga (G)jab tak nil ga(Am)gan mein

(G)Phir se kaho kahte raho (C)accha lagta hai
(G)Jivan ka har (C)sapna ab (G)saccha lagta (Am)hai', 'Mukesh, Kanchan', 'Dharmatma', 1975, 'D DU UDU
Chords used : Am, G, C', NULL, FALSE, '2018-11-16T18:47:14.994000+00:00', '2018-12-31T10:59:06.012000+00:00');
INSERT INTO public.note_tags (id, user_id, note_id, tag_id) VALUES ('910bb225-e782-4269-a247-6773e7c35e39', '3917b9a9-a856-4f33-a910-6ad73f9fa25b', '5ec95910-c996-4e7e-9cfb-85fb4be1da5c', '26bec2c9-84b7-4e97-8246-28dd469f49cd');
INSERT INTO public.note_tags (id, user_id, note_id, tag_id) VALUES ('a59f4067-b6df-4759-a9b8-17732b3c0453', '3917b9a9-a856-4f33-a910-6ad73f9fa25b', '5ec95910-c996-4e7e-9cfb-85fb4be1da5c', 'f22d1b82-b224-4a44-a581-b5c25015af54');
INSERT INTO public.notes (id, user_id, title, content, artist, album, release_year, metadata, "references", isPinned, created_at, updated_at) VALUES ('f12a0dd0-33e0-4307-b5e9-df8abc45ef9f', '3917b9a9-a856-4f33-a910-6ad73f9fa25b', 'Ek din aap yun', 'aik din app houn hum ko mil jaien gey
E-3---3-3---7--7-7---7--7-7-8-7-5--------------------------------
phool hi phool rahon mein khil jaien gey
E-3-2-3---7--7-7---7-7-7-8-7-5-----------------------------------

mein nein soocha na tha
E-3-2-3--5--5-7--------------------------------------------------

aik din zindagi itni ho gi haseen
jhoomeinga assman gaee gi yea zameen
mein nein soocha na tha', 'Alka Yagnik, Kumar Sanu', 'Yes Boss', 1997, NULL, NULL, FALSE, '2017-11-07T18:11:46.898000+00:00', '2017-11-07T18:20:28.655000+00:00');
INSERT INTO public.note_tags (id, user_id, note_id, tag_id) VALUES ('8c2c56de-94db-42b8-bef0-9c8f06e89bb4', '3917b9a9-a856-4f33-a910-6ad73f9fa25b', 'f12a0dd0-33e0-4307-b5e9-df8abc45ef9f', '22c9085c-724b-4679-aa10-b79b72f9b0be');
INSERT INTO public.note_tags (id, user_id, note_id, tag_id) VALUES ('d687b983-416d-46c2-ab07-edf8a55fead0', '3917b9a9-a856-4f33-a910-6ad73f9fa25b', 'f12a0dd0-33e0-4307-b5e9-df8abc45ef9f', 'f22d1b82-b224-4a44-a581-b5c25015af54');
INSERT INTO public.notes (id, user_id, title, content, artist, album, release_year, metadata, "references", isPinned, created_at, updated_at) VALUES ('db5eb2b4-b760-4f6d-bc2b-ed2307edd44f', '3917b9a9-a856-4f33-a910-6ad73f9fa25b', 'Afreen | Duet | Coke Studio', '', 'Rahat Fateh Ali Khan, Momina Mustehsan', 'Coke Studio Season 9', 2016, 'Strumming    DD UUUD DU﻿
Chords used : G, D, C, Em, Bm, Am', 'https://www.youtube.com/watch?v=-eXbGHZaku8', FALSE, '2018-10-18T06:16:19.091000+00:00', '2018-10-18T12:40:45.245000+00:00');
INSERT INTO public.note_tags (id, user_id, note_id, tag_id) VALUES ('837b1cad-be1f-4dea-aac6-93817beec220', '3917b9a9-a856-4f33-a910-6ad73f9fa25b', 'db5eb2b4-b760-4f6d-bc2b-ed2307edd44f', 'ca29fa62-24fc-4ecb-808c-f795c7122529');
INSERT INTO public.note_tags (id, user_id, note_id, tag_id) VALUES ('49009db9-fb76-4016-9dc5-450e7168b930', '3917b9a9-a856-4f33-a910-6ad73f9fa25b', 'db5eb2b4-b760-4f6d-bc2b-ed2307edd44f', '94f83bf8-1cd6-44f7-9e77-dc2d9928b555');
INSERT INTO public.note_tags (id, user_id, note_id, tag_id) VALUES ('9ca2b60c-a4a6-449f-bd1d-1c8f6ae28508', '3917b9a9-a856-4f33-a910-6ad73f9fa25b', 'db5eb2b4-b760-4f6d-bc2b-ed2307edd44f', '26bec2c9-84b7-4e97-8246-28dd469f49cd');
INSERT INTO public.notes (id, user_id, title, content, artist, album, release_year, metadata, "references", isPinned, created_at, updated_at) VALUES ('f3486711-e764-4ff3-a5ab-a270ae6a95e9', '3917b9a9-a856-4f33-a910-6ad73f9fa25b', 'Raat Kali', '```B|-5-7-9-10-9-7-9-7-5-7-3-
```
Raat Kali Ek Khwaab Mein Aayi

```B|-3-7-7-7-9-10-5-7-5-
```
Aur Gale Ka Haar Hui', 'Kishore Kumar', 'Buddha Mil Gaya', 1971, NULL, 'http://www.desistring.com/raat-kali-ek-khwab-mein-tab', FALSE, '2017-10-24T14:40:18.645000+00:00', '2018-01-04T14:21:38.096000+00:00');
INSERT INTO public.note_tags (id, user_id, note_id, tag_id) VALUES ('2e0804d4-23f0-4f65-8168-fe0e7e726253', '3917b9a9-a856-4f33-a910-6ad73f9fa25b', 'f3486711-e764-4ff3-a5ab-a270ae6a95e9', '484fde0b-53ea-4d62-82d9-dff38182c04c');
INSERT INTO public.note_tags (id, user_id, note_id, tag_id) VALUES ('8dba26a8-c0a2-4b90-b5d7-e45802a8c93b', '3917b9a9-a856-4f33-a910-6ad73f9fa25b', 'f3486711-e764-4ff3-a5ab-a270ae6a95e9', '22c9085c-724b-4679-aa10-b79b72f9b0be');
INSERT INTO public.note_tags (id, user_id, note_id, tag_id) VALUES ('a2ca374b-a000-443f-8f02-4c402ee70a84', '3917b9a9-a856-4f33-a910-6ad73f9fa25b', 'f3486711-e764-4ff3-a5ab-a270ae6a95e9', 'f22d1b82-b224-4a44-a581-b5c25015af54');
INSERT INTO public.notes (id, user_id, title, content, artist, album, release_year, metadata, "references", isPinned, created_at, updated_at) VALUES ('42c04b21-81e4-4a97-b8b3-fd4360e03648', '3917b9a9-a856-4f33-a910-6ad73f9fa25b', 'Mehram - Jersey', 'Verse
[Em]Mehram tu hi hai mera
Le [C]sun le meri daas[D]tan
[Em]Ranjishey dhuan-dhuan si ye
Aa [C]reh le tu bhi ya[D]ha

Noor na [Em]rukh te saah vi na [G]mukde
Ke [Am]ag ban gya hai [Bm]lahu mera
Teri ra[Em]za hai dard ma[G]zaa hai
Le [Am]hun ban gya bad[Bm]shaah tera

Chorus
Aja leke [Em]jau tujhe
Saasein [G]ghutt ti ja[D]ha
Khwaahishein jo [Em]tooti si thi
Bikhra [G]unka ja[D]han

Daffan ho [Em]donon yaha
Fir bhi [G]ho tan[D]ha
Kare jo bhi [Em]sajda tera
Kehna [G]tu hi meri [D]hai mehram

Music[Em][D][C][D]

Verse
Jaa[Em]na tha yaa[C]don ka ek aashi[D]yaana
Tera [Bm]khwabon me mujh ko sa[C]tana
[D]Hmm haam

Jaa[Em]na tha yaa[C]don ka ek aashi[D]yana
Tera [Bm]khwaabon me mujh ko sa[C]taana

[Em]Wo jo tera pyaar tha
Main hi tera yaar tha
[Am]Aisi bhi hai kya wajah
[D]Ab tak hu khaffa

[Em]Woh jo tera pyaar tha
Main hi tera yaar tha
[Am]Aisi bhi hai kya wajah
[D]Main hu khaffa

Chorus
Aja leke [Em]jau tujhe
Saasein [G]ghutt ti ja[D]ha
Khwaahishein jo [Em]tooti si thi
Bikhra [G]unka ja[D]han

Daffan ho [Em]donon yaha
Fir bhi [G]ho tan[D]ha
Kare jo bhi [Em]sajda tera
Kehna [G]tu hi meri [D]hai mehram

Verse
[Em]Gar hai laya [Am]todne baai
[D]Reet chali aa r[Em]hi hai
[Em]Lamhein saare [Am]kaid main kar lu
[D]Aisi ghadi aa ra[Em]hi hai

Hona [Em]hai jo dekhi [D]jaye
Ab [C]karam hi far[D]maye
Hona [Em]hai jo dekhi [D]jaye
Ab [C]karam hi far[D]maye', 'Sachet Tandon', 'Jersey', 2021, 'Capo : 2nd Fret
Strumming : D DUDU
Chords used : Em, C, D, G, Am, Bm', 'https://www.youtube.com/watch?v=z0VnH2bLcDU', FALSE, '2022-06-27T11:19:50.566000+00:00', '2022-06-27T13:02:20.085000+00:00');
INSERT INTO public.note_tags (id, user_id, note_id, tag_id) VALUES ('420e0ec5-a6b8-4dd4-a295-6959d933223a', '3917b9a9-a856-4f33-a910-6ad73f9fa25b', '42c04b21-81e4-4a97-b8b3-fd4360e03648', '94f83bf8-1cd6-44f7-9e77-dc2d9928b555');
INSERT INTO public.note_tags (id, user_id, note_id, tag_id) VALUES ('cc0a5d84-8d0c-4963-9d31-122687b3be28', '3917b9a9-a856-4f33-a910-6ad73f9fa25b', '42c04b21-81e4-4a97-b8b3-fd4360e03648', '26bec2c9-84b7-4e97-8246-28dd469f49cd');
INSERT INTO public.notes (id, user_id, title, content, artist, album, release_year, metadata, "references", isPinned, created_at, updated_at) VALUES ('0366c18c-f977-4846-9902-39ed4dd76014', '3917b9a9-a856-4f33-a910-6ad73f9fa25b', 'Main yahan hu yaha', 'Jaanam Dekh Lo Mit Gayi Dooriyan
```e|----0-2-2-3---2-0-2--0-----2--------
B|-0-------------------------3------------
```

Main Yahaan Hoon, Yahaan Hoon, Yahaan Hoon, Yahaan 
```e|----------------------------------------------
B|-0-0-5---3-2-3------1-0-1------5---------
G|---------------------------------------2--4--
```

Kaisi Sarhadein, Kaisi Majbooriyan
```e|----0-2-2-3---2-0-2--0-----2--------
B|-0-------------------------3------------
```

Main Yahaan Hoon, Yahaan Hoon, Yahaan Hoon, Yahaan 
```e|----------------------------------------------
B|-0-0-5---3-2-3------1-0-1------5---------
G|---------------------------------------2--4--
```', 'Udit Narayan', 'Veer-Zaara', 2004, NULL, NULL, FALSE, '2017-11-07T17:56:11.897000+00:00', '2017-11-07T18:06:28.009000+00:00');
INSERT INTO public.note_tags (id, user_id, note_id, tag_id) VALUES ('d02a96ed-60aa-49ef-b441-5bada3e5bfdf', '3917b9a9-a856-4f33-a910-6ad73f9fa25b', '0366c18c-f977-4846-9902-39ed4dd76014', '94f83bf8-1cd6-44f7-9e77-dc2d9928b555');
INSERT INTO public.note_tags (id, user_id, note_id, tag_id) VALUES ('ab12ef49-3c63-4c39-a267-738910826088', '3917b9a9-a856-4f33-a910-6ad73f9fa25b', '0366c18c-f977-4846-9902-39ed4dd76014', '22c9085c-724b-4679-aa10-b79b72f9b0be');
INSERT INTO public.notes (id, user_id, title, content, artist, album, release_year, metadata, "references", isPinned, created_at, updated_at) VALUES ('25734dff-249a-460c-8da3-398ef8180248', '3917b9a9-a856-4f33-a910-6ad73f9fa25b', 'Pehla Nasha', '(C)Chaahe tum kuchh (F)na kaho
(C)maine sun li(G)ya
(C)Ke saathi (G)pyaar ka
(Am)mujhe chun li(F)ya
Chun liy(G)a
Maine Sun li(G)ya

C.....Am....F....G

(C) Pehla na(Am)sha
Peh(G)la khumaar
(C) Naya pyaar hai naya (G)intezaar
Kar (F)loon main kya apna (C)haal
(F)Aye dil-e-beka(G)raar
Me(F)re dil-e-beka(C)raar
Tu hi ba(G)ta

(C) Pehla na(Am)sha
Peh(G)la khumaar

Hmm..(Am)...(G)....(Am)...(G)...

(C)Udta hi fi(Am)roon in ha(G)waon mein (C)kahin
(C)Ya main jhool (Am)jaoon in gha(G)taon mein (C)kahin x2
Ek (F)kar doon aasmaan (C)zameen
Kaho (F)yaaron kya karoon kya na(G)hin

(C) Pehla na(Am)sha
Peh(G)la khumaar
(C) Naya pyaar hai naya (G)intezaar
Kar (F)loon main kya apna (C)haal
(F)Aye dil-e-beka(G)raar
Me(F)re dil-e-beka(C)raar
Tu hi ba(G)ta

(C) Pehla na(Am)sha
Peh(G)la khumaar

(C)Usne baat (Am)ki kuchh (G)aise dhang (C)se
(C)Sapne de ga(Am)ya vo ha(G)zaaron range (C)ke x2
Reh (F)jaoon jaise main haar (C)ke
Aur (F)choome vo mujhe pyaar (G)se

(C) Pehla na(Am)sha
Peh(G)la khumaar
(C) Naya pyaar hai naya (G)intezaar
Kar (F)loon main kya apna (C)haal
(F)Aye dil-e-beka(G)raar
Me(F)re dil-e-beka(C)raar

Tu hi ba(G)ta

===========WITHOUT CAPO===============
(F)Chaahe tum kuchh (Bb)na kaho 
(F)maine sun li(C)ya
(F)Ke saathi (C)pyaar ka 
(Dm)mujhe chun li(Bb)ya
Chun liy(C)a
Maine Sun li(C)ya

F.....Dm....Bb....C

(F) Pehla na(Dm)sha
Peh(C)la khumaar
(F) Naya pyaar hai naya (C)intezaar
Kar (Bb)loon main kya apna (F)haal
(Bb)Aye dil-e-beka(C)raar
Me(Bb)re dil-e-beka(F)raar
Tu hi ba(C)ta

(F) Pehla na(Dm)sha
Peh(C)la khumaar

Hmm..(Dm)...(C)....(Dm)...(C)...

(F)Udta hi fi(Dm)roon in ha(C)waon mein (F)kahin
(F)Ya main jhool (Dm)jaoon in gha(C)taon mein (F)kahin    x2
Ek (Bb)kar doon aasmaan (F)zameen
Kaho (Bb)yaaron kya karoon kya na(C)hin

(F) Pehla na(Dm)sha
Peh(C)la khumaar
(F) Naya pyaar hai naya (C)intezaar
Kar (Bb)loon main kya apna (F)haal
(Bb)Aye dil-e-beka(C)raar
Me(Bb)re dil-e-beka(F)raar
Tu hi ba(C)ta

(F) Pehla na(Dm)sha
Peh(C)la khumaar

(F)Usne baat (Dm)ki kuchh (C)aise dhang (F)se
(F)Sapne de ga(Dm)ya vo ha(C)zaaron range (F)ke    x2
Reh (Bb)jaoon jaise main haar (F)ke
Aur (Bb)choome vo mujhe pyaar (C)se

(F) Pehla na(Dm)sha
Peh(C)la khumaar
(F) Naya pyaar hai naya (C)intezaar
Kar (Bb)loon main kya apna (F)haal
(Bb)Aye dil-e-beka(C)raar
Me(Bb)re dil-e-beka(F)raar

Tu hi ba(C)ta', 'Udit Narayan, Sadhana Sargam', 'Jo Jeeta Wohi Sikandar', 1992, 'Strum : D D UUD DDU
Capo at 5
Chords used : C, F, Am, G, F, Bb, Dm, C', 'https://youtu.be/0giVLbQ-7tI', FALSE, '2018-11-01T11:21:03.066000+00:00', '2022-01-20T06:48:50.067000+00:00');
INSERT INTO public.notes (id, user_id, title, content, artist, album, release_year, metadata, "references", isPinned, created_at, updated_at) VALUES ('99585387-d1d9-43b9-9473-83fdfd431006', '3917b9a9-a856-4f33-a910-6ad73f9fa25b', 'Airtel tune', '```E|-------------------10-
B|----------------------
G|--12-12-12-12----
```

```E|--------------------
B|--10-11-10------------10-
G|------------------12-10----
```

```E|-----------------------------------
B|-------10--------------10-11----10----------
G|--12----12-10-12------------------12-10----
D|----------------------------------------------------12-
```

```E|--15-10-10-13-10--------------------------10-11-10----
B|---------------------------13-11------11-13---------------13-
G|-------------------------------------12-------------------
```

```E|--------
B|--11-10-
```

------Repeat from start------



5-5-3-5-12

7-8-7-5-3-7

5-7-5-3-5-7-8-7-5-3-0', 'A. R. Rahman', 'N/A', 2009, NULL, 'https://www.youtube.com/watch?v=sUEtBLV1Yto', FALSE, '2017-10-06T03:08:28.365000+00:00', '2018-10-24T04:09:18.491000+00:00');
INSERT INTO public.note_tags (id, user_id, note_id, tag_id) VALUES ('003e91a6-fa47-48fa-878e-025ac2100ee5', '3917b9a9-a856-4f33-a910-6ad73f9fa25b', '99585387-d1d9-43b9-9473-83fdfd431006', '19e5627d-a2b0-4d3f-9425-eb88225bd761');
INSERT INTO public.note_tags (id, user_id, note_id, tag_id) VALUES ('d41c1eed-81c2-4dfd-a8f1-af3f8285b9d1', '3917b9a9-a856-4f33-a910-6ad73f9fa25b', '99585387-d1d9-43b9-9473-83fdfd431006', '484fde0b-53ea-4d62-82d9-dff38182c04c');
INSERT INTO public.note_tags (id, user_id, note_id, tag_id) VALUES ('9f493821-be5c-4aba-ae68-fab5b5d6d860', '3917b9a9-a856-4f33-a910-6ad73f9fa25b', '99585387-d1d9-43b9-9473-83fdfd431006', 'f6f1fa22-4ebb-4dfc-8a00-65f2e520dc91');
INSERT INTO public.note_tags (id, user_id, note_id, tag_id) VALUES ('2cb840d4-eafe-4391-b521-192d12b68e64', '3917b9a9-a856-4f33-a910-6ad73f9fa25b', '99585387-d1d9-43b9-9473-83fdfd431006', '22c9085c-724b-4679-aa10-b79b72f9b0be');
INSERT INTO public.notes (id, user_id, title, content, artist, album, release_year, metadata, "references", isPinned, created_at, updated_at) VALUES ('ed44f55d-b8ab-42df-a80b-cb9916405a13', '3917b9a9-a856-4f33-a910-6ad73f9fa25b', 'Tera Hi Rahun - Gajendra Verma', '(Hold Cadd9 and play 5,4,3  1,2,3 
 Then Dsus4 and play 4,3,2   1p,2,3)
```e | - - - - - - 3- - - - - - - - - - - - - - -3p2 - - - - - - 
B | - - - - - - - - 3- - - - - - - - - - 3- - - - - -3 - - - - 
G | - - - - 0- - - - -0 - - - - - -2 - - - - - - - - - -2 - -                x3
D | - - -2 - - - - - - - - - - -0 - - - - - - - - - - - - - - - 
A | - 3- - - - - - - - - - - - - - - - - - - - - - - - - - - - - 
E | - - - - - - - - - - - - - - - - - - - - - - - - - - - - - - -
```

(Hold G and play 6,5,4  1,2,3  1,2,3   1,2,3)
```e | - - - - - - -3 - - - - - - 3- - - - - - 3- - - - - - - -
B | - - - - - - - - - 3- - - - - - 3 - - - - - - 3- - - - - 
G | - - - - - - - - - - - 0- - - - - - 0- - - - - - - 0- - -
D | - - - -0 - - - - - - - - - - - - - - - - - - - - - - - - -
A | - - 2- - - - - - - - - - - - - - - - - - - - - - - - - - -
E | -3 - - - - - - - - - - - - - - - - - - - - - - - - - - - - 
```

Main tera hi rahun
Tu meri hi rahe
Na ho ye faasle oh meri jaana

Ka(Cadd9)hi bhi tu ra(D)he
Ka(Cadd9)hi bhi main ra(D)hun
Na (Cadd9)tutte ye hos(D)le saath ni(G)bhana

Mil ga(C)ya mil ga(D)ya mera ja(G)haan
Ho ga(C)ya ho ga(D)ya tu jo me(G)ra

Mo(Cadd9)habbat ke sa(D)far
Ka (Cadd9)raahi umr (D)bhar
Main (Cadd9)ban jaunga a(D)gar tu ho (G)rasta
Si(Cadd9)yahi se waqt (D)ki
Di(Cadd9)lon ke pharth (D)par
(Cadd9)Likhte jayen(D)ge apni (G)daastan

Mil ga(C)ya mil ga(D)ya mera ja(G)haan
Ho ga(C)ya ho ga(D)ya tu jo me(G)ra

Aa.. Oh ho..

Mil ga(C)ya mil ga(D)ya mera ja(G)haan
Ho ga(C)ya ho ga(D)ya tu jo me(G)ra', 'Gajendra Verma', 'From Lost to Found', 2016, 'D DUDU D DUDU
Chords used : C, D, G', 'https://www.youtube.com/watch?v=s3Vl3nrE9Y8', FALSE, '2018-12-26T16:10:44.235000+00:00', '2019-05-22T02:04:12.595000+00:00');
INSERT INTO public.note_tags (id, user_id, note_id, tag_id) VALUES ('fca18cc4-55a7-44c0-861f-d4d7e99bd38b', '3917b9a9-a856-4f33-a910-6ad73f9fa25b', 'ed44f55d-b8ab-42df-a80b-cb9916405a13', '39d6ed04-fc5c-427e-9060-9041887f4d0e');
INSERT INTO public.note_tags (id, user_id, note_id, tag_id) VALUES ('7ade9ab8-cf24-4c1f-a061-fc684d85dc8b', '3917b9a9-a856-4f33-a910-6ad73f9fa25b', 'ed44f55d-b8ab-42df-a80b-cb9916405a13', '94f83bf8-1cd6-44f7-9e77-dc2d9928b555');
INSERT INTO public.note_tags (id, user_id, note_id, tag_id) VALUES ('44afdd95-61fa-4cc2-a972-eb918e025782', '3917b9a9-a856-4f33-a910-6ad73f9fa25b', 'ed44f55d-b8ab-42df-a80b-cb9916405a13', '26bec2c9-84b7-4e97-8246-28dd469f49cd');
INSERT INTO public.notes (id, user_id, title, content, artist, album, release_year, metadata, "references", isPinned, created_at, updated_at) VALUES ('4a9c63ac-9284-46e5-9647-cfef87581d5b', '3917b9a9-a856-4f33-a910-6ad73f9fa25b', 'Ek Pyar ka Nagma hai', 'Notes : https://tabs.ultimate-guitar.com/tab/mukesh/ek-pyar-ka-nagma-hai-chords-2470370', 'Lata Mangeshkar, Mukesh', 'Shor', 1972, 'Original Strum : Dd UDU   Dd UDU
Panotra sir : D UUD UUD DU
Fingerstyle : 43123123
Chords used : D, A, G, C', 'https://www.youtube.com/watch?v=tjPcl5dWMNQ', FALSE, '2020-06-24T06:11:58.592000+00:00', '2020-06-26T03:27:55.062000+00:00');
INSERT INTO public.note_tags (id, user_id, note_id, tag_id) VALUES ('a53343a3-d53c-44bd-8453-205aa437ab24', '3917b9a9-a856-4f33-a910-6ad73f9fa25b', '4a9c63ac-9284-46e5-9647-cfef87581d5b', 'ca29fa62-24fc-4ecb-808c-f795c7122529');
INSERT INTO public.note_tags (id, user_id, note_id, tag_id) VALUES ('3f679e5d-6b55-4908-b535-0ad520fd2510', '3917b9a9-a856-4f33-a910-6ad73f9fa25b', '4a9c63ac-9284-46e5-9647-cfef87581d5b', '26bec2c9-84b7-4e97-8246-28dd469f49cd');
INSERT INTO public.note_tags (id, user_id, note_id, tag_id) VALUES ('263d9a8a-53de-488b-bed6-f6137308425b', '3917b9a9-a856-4f33-a910-6ad73f9fa25b', '4a9c63ac-9284-46e5-9647-cfef87581d5b', 'f22d1b82-b224-4a44-a581-b5c25015af54');
INSERT INTO public.notes (id, user_id, title, content, artist, album, release_year, metadata, "references", isPinned, created_at, updated_at) VALUES ('f380494d-50d0-404a-893f-02ce05ee4d6d', '3917b9a9-a856-4f33-a910-6ad73f9fa25b', 'Jai Jai Shiva Shamboo', '(Em)Jai jai shiv sham(G)boo
(D)Jai jai shiv sham(Em)boo

(C)Mahadev sham(G)boo (Am)mahadev sham(Em)boo

(Em)Jai jai shiv sham(G)boo
(D)Jai jai shiv sham(Em)boo', 'Pankaj', 'Jai Jai Shiv Shambhu', 2024, 'Strumming : D DU UDU
Fingerstyle : Generic
Chords used : Em, G, D, C, Am', 'http://nitinguitarchords.blogspot.com/2013/01/guitar-chords-for-jai-jai-shiva-shamboo.html', FALSE, '2020-09-14T10:46:34.551000+00:00', '2020-09-14T10:48:36.391000+00:00');
INSERT INTO public.note_tags (id, user_id, note_id, tag_id) VALUES ('d92b3af6-18cf-4b16-886a-6b3d06241786', '3917b9a9-a856-4f33-a910-6ad73f9fa25b', 'f380494d-50d0-404a-893f-02ce05ee4d6d', '94f83bf8-1cd6-44f7-9e77-dc2d9928b555');
INSERT INTO public.note_tags (id, user_id, note_id, tag_id) VALUES ('d2e3070c-41f2-4f8d-969e-42238e60c0cc', '3917b9a9-a856-4f33-a910-6ad73f9fa25b', 'f380494d-50d0-404a-893f-02ce05ee4d6d', '375ee2c2-3bd4-473f-afd0-87ef7a38f19a');
INSERT INTO public.note_tags (id, user_id, note_id, tag_id) VALUES ('a28b7c11-e973-4d44-a4f5-f5898cf2be4f', '3917b9a9-a856-4f33-a910-6ad73f9fa25b', 'f380494d-50d0-404a-893f-02ce05ee4d6d', '26bec2c9-84b7-4e97-8246-28dd469f49cd');
INSERT INTO public.note_tags (id, user_id, note_id, tag_id) VALUES ('7e5dc874-c2a0-4969-9de3-8fe30e558ccc', '3917b9a9-a856-4f33-a910-6ad73f9fa25b', 'f380494d-50d0-404a-893f-02ce05ee4d6d', '6a3e1159-3e7b-4145-b202-58429f143d25');
INSERT INTO public.notes (id, user_id, title, content, artist, album, release_year, metadata, "references", isPinned, created_at, updated_at) VALUES ('0eeedf8a-d87b-4a13-9bf4-afe879d827d3', '3917b9a9-a856-4f33-a910-6ad73f9fa25b', 'Saare Jahan Se Accha', 'sare jahan achcha,  hindusta hamara hamara
```E|-------------------------------------------------------------4---5-4---4------5--4--------
B|-5/8--8--7--5--7---4---4/5--5-------------5---7------------------7----------7--5--
G|---------------------------------------------2/4------------------------------------------------
```

sare jahan se achacha hindusta hamara
```E|-------------------------------------------------------------4---5-4---4--
B|-5/8--8--7--5--7---4---4/5--5-------------5---7------------------
G|---------------------------------------------2/4---------------------------
```

hum bul bule hai iske,  ye gulsita hamara hamara
```E|--4---5/7--7-7-----4-5-9-7-----4---5/7--------------------------------
B|-----------------------------------------------------8--7--5--5--5-----5-----------
G|-------------------------------------------------------------------------8-----8--6--4--
```

sare jahan se achcha, hindusta hamara 
hum bul bule hai iske, ye gul sita hamara hamara
sare jahan se achcha

parwat ho sabse uncha,  ham saya aasman ka
```E|---2/4--4-4--4-4----5--4h--5p4---------------------------------4---5--4---4-----
B|--------------------------------------------7\5--5--------------5--7-----------------------
G|------------------------------------------------------------2/4-----------------------------------
```

wo santari hamara wo pasawa hamara hamara
```E|--4---5/7--7-7-----4-5-9-7-----4---5/7--------------------------------
B|-----------------------------------------------------8--7--5--5--5-----5-----------
G|-------------------------------------------------------------------------8-----8--6--4--
```

sare jahan se achcha, hindusta hamara
sare jahan se achcha

godi me khelti hai,  jiski hazaro nadiyan
```E|-----------------------------------------------------------------------------------------------
B|--8----8--8--8--8-----8-----7-----10----8--7-----4-----4--4--4-----5-----8-----7--8--7--5-----
G|-----------------------------------------------------------------------------------------------
```

gulsan hai jiske dam se...raske jina hamara hamara
```E|--4---5/7--7-7-----4-5-9-7---4------5/7--------------------------------
B|-----------------------------------------------------8--7--5--5--5-----5-----------
G|-------------------------------------------------------------------------8-----8--6--4--
```

sare jahan se achcha, hindusta hamara
sare jahan se achcha

majhab nahi sikata aapas mein beer rakhna ×2
```E|----------------------------------------------------5/7--7--7--7--7-----9--4--7--5-----
B|---2/4--4--4--4--4-----4---4h5--------5-----------------------------------------
```

hindi hai hum hindi hai hum hindi hai hum
```E|---9/12-12---11-12----9/12-12---11-12-----9/12-12----11-12--
```

watan hai    hindusta hamara hamara
```E|--4--4--7--5---5\4----4---5/7--------------------------------------
B|-----------------------------------------8--7------5-----5-----5-----------
G|----------------------------------------------------------------8-----8--6--4--
```

sare jahan achcha, hindusta hamara hamara
```E|-------------------------------------------------------------4---5-4---4------5--4--------
B|-5/8--8--7--5--7---4---4/5--5-------------5---7------------------7----------7--5--
G|---------------------------------------------2/4------------------------------------------------
```

sare jahan se achacha hindusta hamara
```E|-------------------------------------------------------------4---5-4---4--
B|-5/8--8--7--5--7---4---4/5--5-------------5---7------------------
G|---------------------------------------------2/4---------------------------
```', 'Purbayan Chatterjee, Rakesh Chaurasia, Dilshad Khan', 'Saare Jahan Se Accha', 2016, NULL, 'https://www.youtube.com/watch?v=V_BLad5wFm4', FALSE, '2019-02-06T15:24:19.869000+00:00', '2019-04-17T10:08:14.080000+00:00');
INSERT INTO public.note_tags (id, user_id, note_id, tag_id) VALUES ('54d45177-e558-4c23-a8d7-81b00c33a8c8', '3917b9a9-a856-4f33-a910-6ad73f9fa25b', '0eeedf8a-d87b-4a13-9bf4-afe879d827d3', '94f83bf8-1cd6-44f7-9e77-dc2d9928b555');
INSERT INTO public.note_tags (id, user_id, note_id, tag_id) VALUES ('f762a283-b252-47b7-84c2-1d3bb78fc8d0', '3917b9a9-a856-4f33-a910-6ad73f9fa25b', '0eeedf8a-d87b-4a13-9bf4-afe879d827d3', 'ae6a7dff-8c54-4846-bf93-deb177ecbb68');
INSERT INTO public.note_tags (id, user_id, note_id, tag_id) VALUES ('bf1fb3ec-00c6-400e-85c6-da91099381fc', '3917b9a9-a856-4f33-a910-6ad73f9fa25b', '0eeedf8a-d87b-4a13-9bf4-afe879d827d3', '22c9085c-724b-4679-aa10-b79b72f9b0be');
INSERT INTO public.notes (id, user_id, title, content, artist, album, release_year, metadata, "references", isPinned, created_at, updated_at) VALUES ('ed7ce0a6-28fb-4242-80fa-256b9d5a8db6', '3917b9a9-a856-4f33-a910-6ad73f9fa25b', 'Mere Rashke Qamar', '```E |------------------
B |-4-3-------3/6-3--------
G |---5-5-5-5-------5-3-3-3---
```
Mere rashke qamar tune pehali nazar

```E |---------------------------
B |-----------4---------------
G |---------5-----5-------3-----
D |-3-5-5h6-6-6-----------6-----6-5-
```
Jab nazar se milayi maza aa gaya

Mere rashke qamar tune pehali nazar
Jab nazar se milayi maza aa gaya

```E |------------------------
B |---3-3/4-6-6-6-------3/4-4-4-4-
G |-5-------------3-5---------
```
Mere rashke qamar tune pehali nazar

```E |--------------------------
B |-4--------------3-4/6-6-3/4-3---
G |--5-3-------3-3-------------5-
D |----6-6-6-6------------------
```
Jab nazar se milayi maza aa gaya

```E |-------------------------
B |-4-------------3-4/6-6-3/4-3---
G |--5-3------3-3-------------5-
D |----6-6-6-6-----------------
```
Jab nazar se milayi maza aa gaya

```E |------------------
B |-4-3-------3/6-3-------
G |---5-5-5-5-------5-3-3-3-
```
Barf si gir gayi kaam hi kar gayi

```E |-------------------------
B |-----------4--------------
G |---------5-----5-----3-----
D |-3-5-5h6-6-6----------6-----6-5-
```
Aag aisi lagayi maza aa gaya

```E |------------------
B |-4-3-------3/6-3-------
G |---5-5-5-5-------5-3-3-3-
```
Jaam mein ghol kar husan ki mastiyaan

```E |-----------------------------
B |-----------4------------------
G |---------5-----5-------3--------
D |-3-5-5h6-6-6-----------6----------6-5-
```
Chandani muskurayi maza aa gaya

```E |-----------------------
B |---3/4-6-6-6-4h6------3/4-4-4-4-
G |-5-------------3-5-------
```
Ho.. Be hizjabaana woh saamne aa gaye

```E |---------------------------
B |-4--------------3-4/6-6-3/4-3----
G |--5-3-------3-3-------------5--
D |----6-6-6-6-------------------
```
Aur jawaani jawaani se takra gayi

```E |--------------------------
B |-4--------------3-4/6-6-3/4-3---
G |--5-3-------3-3-------------5-
D |----6-6-6-6------------------
```
Aur jawaani jawaani se takra gayi

```E |------------------
B |-4-3-------3/6-3-------
G |---5-5-5-5-------5-3-3-3-
```
Aankh unki ladi yu meri aankh se

```E |------------------
B |-4-3-------3/6-3--------
G |---5-5-5-5-------5-3-3-3-
```
Aankh unki ladi yu meri aankh se

```E |-----------------------
B |-----------4-------------
G |---------5----5------3----
D |-3-5-5h6-6-6---------6-----6-5-
```
Dekh kar yeh ladai maza aa gaya

```E |------------------
B |-4-3-------3/6-3--------
G |---5-5-5-5-------5-3-3-3-
```
Mere rashke qamar tune pehali nazar

```E |------------------------
B |-----------4-------------
G |---------5-----5-----3----
D |-3-5-5h6-6-6----------6----6-5--
```
Jab nazar se milayi maza aa gaya

```E |-----------------------
B |---3/4-6-6-6-4h6------3/4-4-4-4-
G |-5------------3-5--------
```
Aankh mein thi hayaa har mulaqaat par

```E |-------------------------
B |-4-------------3-4/6-6-3/4-3---
G |--5-3-------3-3------------5-
D |----6-6-6-6-----------------
```
Surkh aareez huye vassal ki baat par

```E |------------------------
B |-4------------3-4/6-6-3/4-3---
G |--5-3------3-3------------5-
D |----6-6-6-6----------------
A |------------------------
```
Surkh aareez huye vassal ki baat par

```E |------------------
B |-4-3-------3/6-3-------
G |---5-5-5-5-------5-3-3-3-
```
Usne sharma ke mere sawalaat pe

```E |------------------
B |-4-3-------3/6-3-------
G |---5-5-5-5-------5-3-3-3-
```
Usne sharma ke mere sawalaat pe

```E |----------------------
B |-----------4-----------
G |---------5----5----3----
D |-3-5-5h6-6-6--------6----6-5-
```
Aise gardan jhukaayi maza aa gaya

```E |------------------
B |-4-3-------3/6-3-------
G |---5-5-5-5-------5-3-3-3-
```
Mere rashke qamar tune pehali nazar

```E |----------------------
B |-----------4-----------
G |---------5----5----3----
D |-3-5-5h6-6-6--------6----6-5-
```
Jab nazar se milayi maza aa gaya

```E |------------------------
B |---3/4-6-6-6-4h6------3/4-4-4-4-
G |-5------------3-5---------
```
Mere rashke qamar tune pehali nazar

```E |-------------------------
B |-4-------------3-4/6-6-3/4-3---
G |--5-3-------3-3------------5-
D |----6-6-6-6-----------------
```
Jab nazar se milayi maza aa gaya

```E |-----------------------
B |-4-----------3-4/6-6-3/4-3---
G |--5-3------3-3-----------5-
D |----6-6-6-6---------------
```
Jab nazar se milayi maza aa gaya

```E |------------------
B |-4-3-------3/6-3-------
G |---5-5-5-5-------5-3-3-3-
```
Barf si geer gayi kaam hi kar gayi

```E |----------------------
B |-----------4-----------
G |---------5----5----3----
D |-3-5-5h6-6-6--------6----6-5-
```
Aag aisi lagayi maza aa gaya


======SINGLE STRING========

Mere Rashke Qamar
```e | 11-10-8-8-8-8
```

Tu Ne Pehli Nazar
```e | 13-10-6-6-5-6
```

Jab Nazar Se Milaayi...... Maja Aa gaya
```e | 1-3-4-4-4-4-8-8s11.....8-4-6-4-3
```

Mere Rashke Qamar ......Tu Ne Pehli Nazar
```e | 8-10-11-13-13-13-13......6-8-10-11-11-11-11
```

Jab Nazar Se Milaayi .......Maza Aagaya
```e | 11-8-4-4-4-4-6-10.....10-11-13-11-10-8
```', 'Nusrat Fateh Ali Khan', 'Reformed', 1988, NULL, 'http://msworldsite.com/mere-rashk-e-qamar-guitar-tabs-lead-junaid-asghar-nusrat-fateh-ali-khan/', FALSE, '2017-10-07T06:31:47.855000+00:00', '2018-10-01T17:15:38.682000+00:00');
INSERT INTO public.note_tags (id, user_id, note_id, tag_id) VALUES ('c7909e07-da46-4539-8b59-4d9aa0a0f49e', '3917b9a9-a856-4f33-a910-6ad73f9fa25b', 'ed7ce0a6-28fb-4242-80fa-256b9d5a8db6', 'ca29fa62-24fc-4ecb-808c-f795c7122529');
INSERT INTO public.note_tags (id, user_id, note_id, tag_id) VALUES ('1e335ba5-1f2e-4e00-9a3d-0bf0bb2f66b5', '3917b9a9-a856-4f33-a910-6ad73f9fa25b', 'ed7ce0a6-28fb-4242-80fa-256b9d5a8db6', '94f83bf8-1cd6-44f7-9e77-dc2d9928b555');
INSERT INTO public.note_tags (id, user_id, note_id, tag_id) VALUES ('826bfe8a-e84c-4f4e-8869-52c54a361675', '3917b9a9-a856-4f33-a910-6ad73f9fa25b', 'ed7ce0a6-28fb-4242-80fa-256b9d5a8db6', '484fde0b-53ea-4d62-82d9-dff38182c04c');
INSERT INTO public.note_tags (id, user_id, note_id, tag_id) VALUES ('fd3221e1-eeaa-41bc-b02a-b3530996eba5', '3917b9a9-a856-4f33-a910-6ad73f9fa25b', 'ed7ce0a6-28fb-4242-80fa-256b9d5a8db6', 'f6f1fa22-4ebb-4dfc-8a00-65f2e520dc91');
INSERT INTO public.note_tags (id, user_id, note_id, tag_id) VALUES ('160acb3f-b8c0-41c6-b046-f404619d3f93', '3917b9a9-a856-4f33-a910-6ad73f9fa25b', 'ed7ce0a6-28fb-4242-80fa-256b9d5a8db6', '22c9085c-724b-4679-aa10-b79b72f9b0be');
INSERT INTO public.notes (id, user_id, title, content, artist, album, release_year, metadata, "references", isPinned, created_at, updated_at) VALUES ('70f6163d-3271-4547-b4c6-eb74539bbb68', '3917b9a9-a856-4f33-a910-6ad73f9fa25b', 'Maayi re Maayi Tor Manwa - Md. Rafi', '(D)Mayi ke mamta...ketna nirmal, (G)Kehu na sake... pahi(D)chaan
(G)Mayi ka manwa me jaise, (G)Aap base.....bhag(D)waan

(D)Maayi re Maayi tor (G)manwa, Ganga ke paniy(A)a ho (D)ram ...x2

(G)Tora mamta ke (G)karja se aakhir
(G)Kaise urin hoyi (G)duniya ho (D)ram

(D)Maayi re Maayi tor (G)manwa
Ganga ke paniy(A)a ho (D)ram

D...G...D...G...D...D

(D)Babua ke laage naahi,(D) kehuke na(Em)jariya
(Em)Okra pe kehu na (Em)uthawe ho an(D)guriya (A) ....x2

(G)Ehi sochwa me (D)beete (A)sagri u(D)miriya
(G)Maayi tor aetne (Em)kahaniya ho (D)ram

(D)Maayi re Maayi tor (G)manwa, Ganga ke paniy(A)a ho (D)ram

D...G...D...G...D...D

(D)Jinngi ke deve wali, (D)jinngi lu(Em)taake
(Em)Sab kuch deke maayi, (D)kuch naahi (D)maange (A) ...x2

(G)Sab devi-davta (D)ke (A)mann se (D)bhulake
(G)Hum pooji tohre (G)charaniya ho (D)ram

(D)Maayi re Maayi tor (G)manwa, Ganga ke paniy(A)a ho (D)ram

Generated by Chord.ai', 'Mohammed Rafi', 'Dastak', 1970, 'Capo at 2
Strumming : Ddd D D', NULL, FALSE, '2023-07-22T11:14:54.271000+00:00', '2023-07-22T11:45:55.946000+00:00');
INSERT INTO public.note_tags (id, user_id, note_id, tag_id) VALUES ('87c5c191-87d8-42f3-9153-6dc482bbe145', '3917b9a9-a856-4f33-a910-6ad73f9fa25b', '70f6163d-3271-4547-b4c6-eb74539bbb68', '2478154f-b5c6-43c0-86a6-9c5190154ada');
INSERT INTO public.note_tags (id, user_id, note_id, tag_id) VALUES ('efa52433-4790-4fb7-b72d-354f9c2e3e0a', '3917b9a9-a856-4f33-a910-6ad73f9fa25b', '70f6163d-3271-4547-b4c6-eb74539bbb68', '26bec2c9-84b7-4e97-8246-28dd469f49cd');
INSERT INTO public.note_tags (id, user_id, note_id, tag_id) VALUES ('bc7392c3-1184-4121-8319-a10cf5454c0a', '3917b9a9-a856-4f33-a910-6ad73f9fa25b', '70f6163d-3271-4547-b4c6-eb74539bbb68', 'f22d1b82-b224-4a44-a581-b5c25015af54');
INSERT INTO public.notes (id, user_id, title, content, artist, album, release_year, metadata, "references", isPinned, created_at, updated_at) VALUES ('31e2d3ae-e55f-486a-ac47-45581b50e02a', '3917b9a9-a856-4f33-a910-6ad73f9fa25b', 'Kya Hua Tera Waada', 'Intro 
```e|--------------------------------------------|
B|--------------------3----------3--------------|
G|------2----2-2-------2-2-------5--3------|
D|-0-0---------------------------------------|
```

```e|--------------------------------------------|
B|--------------------------------------------|
G|-3h5p3-3h5p3-3h5p3-3h5p3-------|
```

```e|--------------------------------------------|
B|--------------------------------------------|
G|-2h3p2-2h3p2-2h3p2-2h3p2-------|
```

```e|--------------------
B|--1------1---1-3------1-
G|-2-3--2-0-2--2---3-2-0-2--
```
Kya hua tera waada Woh kasam, woh iraada

```e|--------------
B|--------------
G|------------2--
D|-2-2-2-3---3-2-3--3-
A|-----3--------
```
Bhoolega dil jis din tumhe

```e|----------------------
B|----------------------
G|--0-2-0-0-0-0--0-2-0-0-2-3-2-2-2-
D|-3----------------
```
Woh din zindagi ka aakhri din hoga

```e|--------------------
B|--1------1---1-3------1-
G|-2-3--2-0-2--2---3-2-0-2--
```
Kya hua tera waada Woh kasam, woh iraada

```e|-1-1-0-----1-1-0----
B|----3-3-3-----3-3-3-
```
Yaad hai mujhko tune kaha tha

```e|---0---0------0----
B|-3-3--1-3--3-1-3--3-1-
```
Tumse nahin roothenge kabhi

```e|-1-1-0-----1-1-0----
B|----3-3-3-----3-3-3-
```
Dil ki tarah se haath mile hain

```e|---0---0------0----
B|-3-3--1-3--3-1-3--3-1-
```
Kaise bhala chhootenge kabhi

```e|--------------
B|--1------------
G|-2-3--0-3-2---2-0-0-
D|---------3---3--
```
Teri baahon mein beeti har shyaam

```e|--------------
B|--------------
G|-3-2-3-2-0-2------
D|--------3-2-0-2-3-
```
Bewafa yeh bhi kya yaad nahin

```e|--------------------
B|--1------1---1-3------1-
G|-2-3--2-0-2--2---3-2-0-2--
```
Kya hua tera waada Woh kasam, woh iraada

Bhoolega dil jis din tumhe
Woh din zindagi ka aakhri din hoga
Kya hua tera waada Woh kasam, woh iraada

Oh kehne waale mujhko farebi
Kaun farebi hai yeh bata
Woh jisne gham liya pyaar ki khaatir
Ya jisne pyaar ko bech diya
Nasha daulat ka aisa bhi kya
Ke tujhe kuch bhi yaad nahin
Kya hua tera waada
Woh kasam, woh iraada
Bhoolega dil jis din tumhe
Woh din zindagi ka aakhri din hoga
Kya hua tera waada
Woh kasam woh irada', 'Mohammed Rafi, Sushma Shrestha', 'Hum Kisise Kum Naheen', 1977, NULL, 'https://www.youtube.com/watch?time_continue=24&v=RSW4Fyhbn3o', FALSE, '2018-01-14T09:50:37.498000+00:00', '2019-01-03T15:48:37.869000+00:00');
INSERT INTO public.note_tags (id, user_id, note_id, tag_id) VALUES ('6d708520-b9f1-4c29-ba5b-13cfd035aeb1', '3917b9a9-a856-4f33-a910-6ad73f9fa25b', '31e2d3ae-e55f-486a-ac47-45581b50e02a', '39d6ed04-fc5c-427e-9060-9041887f4d0e');
INSERT INTO public.note_tags (id, user_id, note_id, tag_id) VALUES ('baaf6e87-05e3-4bbd-91c3-a7031e682981', '3917b9a9-a856-4f33-a910-6ad73f9fa25b', '31e2d3ae-e55f-486a-ac47-45581b50e02a', '22c9085c-724b-4679-aa10-b79b72f9b0be');
INSERT INTO public.note_tags (id, user_id, note_id, tag_id) VALUES ('9aa584b4-b818-4d64-b0da-454d5c5e4e65', '3917b9a9-a856-4f33-a910-6ad73f9fa25b', '31e2d3ae-e55f-486a-ac47-45581b50e02a', 'f22d1b82-b224-4a44-a581-b5c25015af54');
INSERT INTO public.notes (id, user_id, title, content, artist, album, release_year, metadata, "references", isPinned, created_at, updated_at) VALUES ('965771cb-04e6-4aff-a99c-b22aa51987a5', '3917b9a9-a856-4f33-a910-6ad73f9fa25b', 'Sanu Ek Pal Chain Na Aave', 'Sanu [G]ek pal chain na [D]aave 
Sanu [G]ek pal chain na [D]aave 
Sajna[G] tere bina...[C] 
Sajna [G]tere bina 

Dil [G]jaane kyun [D]ghabraave 
Dil [G]jaane kyun [D]ghabraave 
Sajna [G]tere bina...[C] 
Sajna [G]tere bina 

Sanu [G]ek pal chain na [D]aave 
Sanu [G]ek pal chain na [D]aave 
Sajna[G] tere bina...[C] 
Sajna [G]tere bina 

[G] [C] [G] [C] 

Sanu [G]ek pal chain na [D]aave 
Sanu [G]ek pal chain na [D]aave 
Sajna[G] tere bina...[C] 
Sajna [G]tere bina 

[G]Sajna re... tere [D]bina...[C]...[G] 


Reference : Some app', 'Rahat Fateh Ali Khan', 'Raid', 2018, 'Strumming:-D DU UDU
Chords used : G, D, C', NULL, FALSE, '2018-11-01T04:45:11.253000+00:00', '2019-01-09T02:16:35.717000+00:00');
INSERT INTO public.note_tags (id, user_id, note_id, tag_id) VALUES ('54fc18a5-20bb-45e6-86a2-7295acb4d551', '3917b9a9-a856-4f33-a910-6ad73f9fa25b', '965771cb-04e6-4aff-a99c-b22aa51987a5', '94f83bf8-1cd6-44f7-9e77-dc2d9928b555');
INSERT INTO public.note_tags (id, user_id, note_id, tag_id) VALUES ('15609797-c8c4-4fcd-b999-e4b1f8dd828c', '3917b9a9-a856-4f33-a910-6ad73f9fa25b', '965771cb-04e6-4aff-a99c-b22aa51987a5', '26bec2c9-84b7-4e97-8246-28dd469f49cd');
INSERT INTO public.notes (id, user_id, title, content, artist, album, release_year, metadata, "references", isPinned, created_at, updated_at) VALUES ('ad63d876-2b44-4640-9421-87c1fd228f70', '3917b9a9-a856-4f33-a910-6ad73f9fa25b', 'Abhi Mujhme Kahi', 'Intro (D)

(D) Abhi mujh mein kahin
Baaki (G) thodi si (D) hai zindagi (Bm)
(D) Jagi dhadkan nayi
Jaana (G) zinda hoon (D) main toh abhi (Bm)

Kuch (G) aisi (A) lagan
Is (G) lamhe mein (A) hai
Ye (E) lamha (G) kahaan tha (A) mera

Ab (D) hai saam(Bm)ne
Ise (D) choo loon (A) zara
Mar (G) jaaoon ya (A) jee loon (D) zaraa
Khushi(D)yaan choom (Bm) loon
Ya (D) ro loon (A) zara
Mar (G) jaaoon ya (A) jee loon (D) zaraa

Ho (D) Abhi mujh mein kahin
Baaki (G) thodi si (D) hai zindagi (Bm)

Ho (D) dhoop mein (C) jalte huey tann (D) ko
(Bm) Chaaya ped ki mil (D)gayi
(D) Roothe bachche (C) ki hansi (D) jaise
(Bm) Phuslaane se phir khil (D) gayi

Kuch (E) aisa hi mehsoos dil ko (D) ho raha hai
Barson (E) ke puraane zakhmo pe (D) marham laga sa hai

Ek (G) aisi (A) chubhan
Is (G) lamhe mein (A) hai
Ye (E) lamha (G) kahaan tha (A) mera

Ab (D) hai saam(Bm)ne
Ise (D) choo loon (A) zara
Mar (G) jaaoon ya (A) jee loon (D) zaraa
Khushi(D)yaan choom (Bm) loon
Ya (D) ro loon (A) zara
Mar (G) jaaoon ya (A) jee loon (D) zaraa

(D) Dor se (C) tuti patang (D) jaisi
Thi (Bm) ye zindagani (D) meri
(D) Aaj hai kal (C) ho mera na (D) ho
Har (Bm) din thi kahani (D) meri

Ek (E) bandhan naya peeche se ab (D) mujhko bulaye
Aane (E) wale kal ki kyun fikar (D) mujhko sata jaye

Ek (G) aisi (A) chubhan
Is (G) lamhe mein (A) hai
Ye (E) lamha (G) kahaan tha (A) mera

Ab (D) hai saam(Bm)ne
Ise (D) choo loon (A) zara
Mar (G) jaaoon ya (A) jee loon (D) zaraa
Khushi(D)yaan choom (Bm) loon
Ya (D) ro loon (A) zara
Mar (G) jaaoon ya (A) jee loon (D) zaraa', 'Sonu Nigam', 'Agneepath', 2012, 'Ddd DUDU', 'https://www.youtube.com/watch?v=LLyjLo02Hw8', FALSE, '2021-01-24T15:16:35.185000+00:00', '2021-01-24T15:16:55.967000+00:00');
INSERT INTO public.note_tags (id, user_id, note_id, tag_id) VALUES ('bf36f306-a2c4-49f0-82d5-e1fca24dcad2', '3917b9a9-a856-4f33-a910-6ad73f9fa25b', 'ad63d876-2b44-4640-9421-87c1fd228f70', '94f83bf8-1cd6-44f7-9e77-dc2d9928b555');
INSERT INTO public.note_tags (id, user_id, note_id, tag_id) VALUES ('9616e438-6693-420e-b180-cfb84fab61cb', '3917b9a9-a856-4f33-a910-6ad73f9fa25b', 'ad63d876-2b44-4640-9421-87c1fd228f70', '26bec2c9-84b7-4e97-8246-28dd469f49cd');
INSERT INTO public.notes (id, user_id, title, content, artist, album, release_year, metadata, "references", isPinned, created_at, updated_at) VALUES ('fa9d6938-5683-4f30-a9fb-f69e99fc59f7', '3917b9a9-a856-4f33-a910-6ad73f9fa25b', 'Sa Re Ga Ma', 'e - - - - - - - - - - - - - 0 - 2 - 3 -
B - - - - - - 0 - 1 - 3 - - - - - - - -
G - 0 - 2 - - - - - - - - - - - - - - -', 'Unknown', 'Unknown', NULL, NULL, NULL, FALSE, '2017-10-07T04:00:14.448000+00:00', '2017-10-07T04:02:38.191000+00:00');
INSERT INTO public.note_tags (id, user_id, note_id, tag_id) VALUES ('587a05b4-b6d6-4642-9339-b67c99d44837', '3917b9a9-a856-4f33-a910-6ad73f9fa25b', 'fa9d6938-5683-4f30-a9fb-f69e99fc59f7', '94f83bf8-1cd6-44f7-9e77-dc2d9928b555');
INSERT INTO public.notes (id, user_id, title, content, artist, album, release_year, metadata, "references", isPinned, created_at, updated_at) VALUES ('5d35c87d-8479-4a69-ba91-347f5f36ed91', '3917b9a9-a856-4f33-a910-6ad73f9fa25b', 'Tere Naam (sad)', 'tere ishq me....
```E|--6--7---7/9--7---7/9--7--6---6h-7p6-----------6--7---7/9--7---7/9--7--7-----7--
B|-----------------------------------------------------9/11------------------------------------
```

tere ishq me...
```E|-----6--7---7/9--7---7/9--7--6---6h-7p6-----------6--7---7/9--7---7/9--7--7-----7--
B|--------------------------------------------------------9/11-------------------------------------
```

Gulshan Bhi Ab to Veerana Lagta Hai
```E|-----6-----7------7/9-----7-----6------6h7-----7---7p6-----------------------------
B|-----------------------------------------------------------------------7------7/9------9\7-----
```

Har Aapna Hum Ko Begana Lagta Hai
```E|--6-----7------7/9-----7-----6------6h7-----7---7p6--------------------------
B|--------------------------------------------------------------------7------7/9-----9-----
```

Hum Teri Yaadon Mein Khoye Rehte Hai
```E|--6-----7------7/9-----7-----6------6h7-----7---7p6-----------------------------
B|-------------------------------------------------------------------7------9/12-----9\7-----
```

Log Hume Pagal Deewana Kehte Hai
```E|--6-----7------7/9-----7-----6------6h7-----7---7p6--------------------------
B|--------------------------------------------------------------------7------7/9-----9-----
```

Tere Bina Tere Bina...
```E|-----12\9---9\6--6---6h-7p6---------9/11--9h11p9---9\7--7--7-----
B|------------------------------------------9-----------------------------------
```

Tere Bina Naamumkin Hai
```E|---7\6--6--6--7--9--6---6h7--7--7-----6--7---6h-7p6-----------------
B|-------------------------------------------------------------------------9--7--9--7-----
```

Zindagi Ka Guzara Sanam
```E|------------------------------------------------------7--------------------
B|-----------7/9---9\7--7---9/11-9--7--7--------9---7h-9p7--------
G|--8--9--------------------------------------------------------------------9\8--
```

Zindagi Ka Guzara sanam
```E|-----------------------------------------------
B|-----------7/9---9\7--7---9/11----9--7---9/12----
G|--8--9-----------------------------------------
```

main intro
```E|--------------------------------------------7--6--9--7---6h-7p6-----------
B|-----------7--9---7h-9p7--7-----7---------------------------------9-----9--
G|--8--9-----------------------------------------------------------
```

```E|---------------------------------------7--6--------------------------------------
B|-----------7--9---7/9--9-----9-----------9--7--7-----9---7h-9p7--------------
G|--8--9-------------------------------------------------------------------------9--8-------- 
```



LINK FOR INTRO - https://www.youtube.com/watch?time_continue=24&v=ektZHemL8Is

OTHER INTRO TABS

```E|--------8-7-10-8------
B|---8-10-8-8-8-----10-10-10--
G|-9-10---------------
```

```E|----------------------
B|---8-10-8h10-10-10-13-12-10-8-8--10-8--6-5-
G|-9-10------------------
```



```e|--0--1--3--5---3h/p5--3--3--
```

```e|--8--7---8\10-8---7/5--5--5--
```

```e|--0--1--3--5---3\5--5--5--
```

```e|--8--7--5--3--3--5---3--1--0--
```', 'Udit Narayan', 'Tere Naam', 2003, NULL, 'https://www.youtube.com/watch?v=hdSc8FbYDrw', FALSE, '2018-12-29T08:21:34.047000+00:00', '2018-12-31T10:56:17.297000+00:00');
INSERT INTO public.note_tags (id, user_id, note_id, tag_id) VALUES ('540e3ace-16e8-4411-bd61-537533cbae76', '3917b9a9-a856-4f33-a910-6ad73f9fa25b', '5d35c87d-8479-4a69-ba91-347f5f36ed91', '94f83bf8-1cd6-44f7-9e77-dc2d9928b555');
INSERT INTO public.note_tags (id, user_id, note_id, tag_id) VALUES ('862109de-f5b8-43bf-b5f4-f5056e1710dc', '3917b9a9-a856-4f33-a910-6ad73f9fa25b', '5d35c87d-8479-4a69-ba91-347f5f36ed91', '22c9085c-724b-4679-aa10-b79b72f9b0be');
INSERT INTO public.notes (id, user_id, title, content, artist, album, release_year, metadata, "references", isPinned, created_at, updated_at) VALUES ('751c710f-d3c0-4c1a-b459-af49e8f007e8', '3917b9a9-a856-4f33-a910-6ad73f9fa25b', 'Mann Bharrya - Raj Barman', '=========SINGLE STRUM========
Tu (C)sab janda aen
Main (Am)chhad ni sakdi tainu
Taan(F)hi taan ungalan te
(C)Roz nachaune mainu(F)

=========STRUMMING (D UU D UU D DU)========
Tu (C)sab janda aen
Main (Am)chhad ni sakdi tainu
Taan(F)hi taan ungalan te
(C)Roz nachaune mainu

Ag(C)le janam vich allah
Aisa (Am)khel racha ke bhejje
Mainu (F)tu bana ke bheje
Tainu (C)main bana ke bheje

Ve maithon tera (C)mann bharya
Mann (Am)bharya badal geya (G)sara
Ve tu mainu (F) chhad jaana
Gallan (Am)teriyan to lagda ae (G)yaara

Gall (C)gall te shakk karda ae
Ait(Am)bar zara vi nai
Hun (F)teriyan ankhiyan ch
Mere layi (G)pyar zara vi nai

Mera te koyi (C)hai ni tere bin
Tainu (Am)mil jana kise da sa(G)hara
Ve tu mainu (F)chhad jaana
Gallan (Am)teriyan to lagda ae (G)yaara

OOOO………  (C - Am- G - F - Am - G)

(C)Pyar mere nu tu
Ve ma(F)zaak samajh ke baitha
Main (Am)sab samajhdi aan
Tu ja(G)waak samajh ke (C)baitha ... (x2)

Tu (C)waqt nai dinda
Mainu (Am)aajkal do pal da
Tainu (F)pata nai shayad
Ishq vich (G)injh nai chalda

Mainu tu jutti (C)thalle rakhde
Jaani (Am)lokaan aage ban na vi(G)chara
Ve tu mainu (F)chhad jaana
Gallan (Am)teriyan to lagda ae (G)yaara

=========SINGLE STRUM========
Mera te koyi (F) hai ni tere bin', 'Raj Barman', 'Mann Bharrya (Raj Barman Version)', 2017, 'Strum : D UU D UU D DU
Chords used : C, Am, F, G', 'https://www.youtube.com/watch?v=9sB4stB78Go', FALSE, '2023-04-17T13:09:00.478000+00:00', '2023-05-23T02:34:28.293000+00:00');
INSERT INTO public.note_tags (id, user_id, note_id, tag_id) VALUES ('a641df6f-fa08-4880-9d1f-25e06a94d7ee', '3917b9a9-a856-4f33-a910-6ad73f9fa25b', '751c710f-d3c0-4c1a-b459-af49e8f007e8', 'f38a575b-3040-4496-8494-78d603e260b4');
INSERT INTO public.note_tags (id, user_id, note_id, tag_id) VALUES ('b56a0f0c-290b-4caf-854f-39150ef66e9b', '3917b9a9-a856-4f33-a910-6ad73f9fa25b', '751c710f-d3c0-4c1a-b459-af49e8f007e8', '94f83bf8-1cd6-44f7-9e77-dc2d9928b555');
INSERT INTO public.note_tags (id, user_id, note_id, tag_id) VALUES ('90981556-67ee-4a1f-b70a-42d5ab228e6d', '3917b9a9-a856-4f33-a910-6ad73f9fa25b', '751c710f-d3c0-4c1a-b459-af49e8f007e8', '26bec2c9-84b7-4e97-8246-28dd469f49cd');
INSERT INTO public.notes (id, user_id, title, content, artist, album, release_year, metadata, "references", isPinned, created_at, updated_at) VALUES ('01c114b6-4e07-46fd-aef6-43b743113968', '3917b9a9-a856-4f33-a910-6ad73f9fa25b', 'Jab Koi Baat', 'E----------------------------------
B--5-5-5--------7s9--------------
Jab koi ....... baat....
E----------------------------------
B---9-7-5---------7s9-------------
bigad............jayeee....

E----------------------------------
B---7-----5-5----7-9-------------
jab koi...... mushkil.....

E----------------------------------
B---7--5---5s2---------------------
pad jaye....................

E----------------------------------
B---2-5---5s7--9-7-5-5-5s2---------
Tum dena saath mera.....

E----------------------------------
B---0-2-5-----2h5------------------
O hum nava.....

E----------------------------------
B--5-5---5--------7s9--------------
NA... koi.......... hain......

E----------------------------------
B---9-7-5---------9----------------
Na.. koi ............tha......

E----------------------------------
B---7-7-5-7------------------------
Zindagi main .......

E----------------------------------
B---9-7-5-5-5s2-----------------------
Tumhare sivaa .......

E----------------------------------
B---2-5---5s7--9-7-5-5-5s2---------
Tum dena saath mera.....

E----------------------------------
B---0-2-5-----2h5------------------
O hum nava.....', 'Kumar Sanu, Sadhana Sargam', 'Jurm', 1990, NULL, NULL, FALSE, '2017-10-26T17:08:35.050000+00:00', '2017-12-10T07:21:43.622000+00:00');
INSERT INTO public.note_tags (id, user_id, note_id, tag_id) VALUES ('50efd2fd-b5c2-4642-8fcc-410133137de6', '3917b9a9-a856-4f33-a910-6ad73f9fa25b', '01c114b6-4e07-46fd-aef6-43b743113968', '22c9085c-724b-4679-aa10-b79b72f9b0be');
INSERT INTO public.note_tags (id, user_id, note_id, tag_id) VALUES ('2a6a954d-3a15-4d3c-8409-6d3a58f48c00', '3917b9a9-a856-4f33-a910-6ad73f9fa25b', '01c114b6-4e07-46fd-aef6-43b743113968', 'f22d1b82-b224-4a44-a581-b5c25015af54');
INSERT INTO public.notes (id, user_id, title, content, artist, album, release_year, metadata, "references", isPinned, created_at, updated_at) VALUES ('c00a040d-3b7b-403d-99e0-ea6a7e6090c7', '3917b9a9-a856-4f33-a910-6ad73f9fa25b', 'Filhaal', 'Intro with capo  ([F] [Em] [Am]).................. [x4 Times]
```e | - - - - - - - - - - - - - - - - - - - - - - - - - - - - - - - - -
B | - - - - - - - - - - - - - - - - - - - - - - - - - - - - - - - - -
G | - - - - - - 5-4-2- -0-2 - 0-2- -0-5-4-2-0 -2/4 - 
D | - 2-2-5- - - - - - - - - - - - - - - - - - - - - - - - - - - - 
```

```e | - - - - - - - - - - - - - - - - - - - - - - - - - - - - - - - - -
B | - - - - - - - - - - - - - - - - - - - - - - - - - - - - - - - - -
G | - - - - - - 5-4-2- -0-2 - 0-2- - - - -0 - - - - - - - - 
D | - 2-2-5- - - - - - - - - - - - - - -2-2 - - 2-0- 0h2- 
```

Ho kuchh [F]aisa kar ka[Em]mal
Ke tera [Am]ho jaoon
Ho kuchh [F]aisa kar kamal
Ke tera [Am]ho jaoon

Main kisi [F]aur ka hoon fil[Em]haal
Main kisi [Am]aur ka hoon filhaal
Ke tera [F]ho jaoon [Em]oon
Main kisi [Am]aur ka hoon filhaal
Ke tera [C]ho jaoon

Ae [F]gall te galat[Em] ae
Jo vi [Am]kar reha Jaani
Par [F]ae vi dekh [Em]tere bin
Kinj [Am]mar reha Jaani

Ho mar [F]jaan’ge le sambhal
Ho mar [Am]jaan’ge le sambhal
Ke tera [F]ho jaoon [Em]oon
Main kisi [Am]aur ka hu filhaal
Ke tera [N.C]ho jaoon

Music: [F] [Em] [Am] [x4 Times]

```e | - - - - - -8 - - - - - - - - - - - - - - - - - - - - -
B | -8 - 9 - - - 11 - 9 - 8h9p8 - 6/8 - 8- -
```

Mainu pa[F]ta ke duniya [Em]nu
Eh [Am]gawaara nai ho sakda
Par [F]jhooth kehnde ne [Em]saare
Ke pyaar [Am]dobara nai ho sakda
Par [F]jhooth kende ne [Em]saare
Ke pyaar [Am]dobara nai ho sakda

Tu mainu [F]puch na koyi sa[Em]wal
Chal [Am]door kitte mere naal
Ke tera [C]ho jaoon [Em]oon

Main kisi [F]aur ka hoon fil[Em]haal
Ke tera [Am]ho jaoon
Main kisi [F]aur ka hoon fil[Em]haal
Ke tera [Am]ho jaoon
O kisi [F]aur ka hoon fil[Em]haal
Ke tera [Am]ho jaoon

Music:
[F] [Em] [Am] [x4 Times]

Hunn [F]rona main, pachh[Em]tauna main
Ke [Am]chann ni hoya chakor da
Hunn [F]tu vi ae kise [Em]hor di
Main [Am]vi aan kise hor da

Hunn [F]rona main, pachh[Em]tauna main
Ke [Am]chann ni hoya chakor da
Hunn [F]tu vi ae kise [Em]hor di
Main [Am]vi aan kise hor da

Mera [F]dil karda ae sa[Em]wal
Teri moha[Am]bbat da ki haal
Ke tera [F]ho jaoon [Em]oon
Main Kisi [Am]aur ka hoon
Main Kisi [C]Aur Ka Hoon filhaal

Me kisi aur ka hu [F]filhaal [Em] [Am]

Outro Music:
[Fmaj7]Ho o o [Em]o [Am]ho o o
[Fmaj7]Ho o o [Em]o [Am]ho o o

[F]Au o [Em]au o [Am]au o o
[F]Au o [Em]au o [Am]au o o', 'B Praak, Jaani', 'Filhaal', 2019, 'Song Tempo: 80
Time Signature: 4/4
Original Scale/key: Gm
Capo Position: 3rd Fret
Strumming Pattern: D D UUD DU', 'https://www.youtube.com/watch?v=cEGGXdON28M', FALSE, '2020-04-08T02:22:17.172000+00:00', '2021-05-17T12:22:57.313000+00:00');
INSERT INTO public.note_tags (id, user_id, note_id, tag_id) VALUES ('b5d87be0-d253-4c49-8d50-5a242b2b6815', '3917b9a9-a856-4f33-a910-6ad73f9fa25b', 'c00a040d-3b7b-403d-99e0-ea6a7e6090c7', '39d6ed04-fc5c-427e-9060-9041887f4d0e');
INSERT INTO public.note_tags (id, user_id, note_id, tag_id) VALUES ('7badc0c4-552e-4c04-a046-d16e9c238228', '3917b9a9-a856-4f33-a910-6ad73f9fa25b', 'c00a040d-3b7b-403d-99e0-ea6a7e6090c7', '94f83bf8-1cd6-44f7-9e77-dc2d9928b555');
INSERT INTO public.note_tags (id, user_id, note_id, tag_id) VALUES ('c22959a3-5776-48a9-b5e4-9403bef501bc', '3917b9a9-a856-4f33-a910-6ad73f9fa25b', 'c00a040d-3b7b-403d-99e0-ea6a7e6090c7', '26bec2c9-84b7-4e97-8246-28dd469f49cd');
INSERT INTO public.notes (id, user_id, title, content, artist, album, release_year, metadata, "references", isPinned, created_at, updated_at) VALUES ('a8e2a06b-aa4b-4b82-9a74-a2dd5862635f', '3917b9a9-a856-4f33-a910-6ad73f9fa25b', 'Namo Namo Ji Shankara - Kedarnath', '', 'Amit Trivedi', 'Kedarnath', 2018, NULL, 'https://www.youtube.com/watch?v=1KdNcV4siqA', FALSE, '2020-09-21T13:14:18.832000+00:00', '2020-09-21T13:14:33.219000+00:00');
INSERT INTO public.note_tags (id, user_id, note_id, tag_id) VALUES ('a416080d-3a6b-47c3-b436-4c83e1f5b704', '3917b9a9-a856-4f33-a910-6ad73f9fa25b', 'a8e2a06b-aa4b-4b82-9a74-a2dd5862635f', 'ca29fa62-24fc-4ecb-808c-f795c7122529');
INSERT INTO public.note_tags (id, user_id, note_id, tag_id) VALUES ('a242f084-f5f2-4963-8f7b-6b06988f64f0', '3917b9a9-a856-4f33-a910-6ad73f9fa25b', 'a8e2a06b-aa4b-4b82-9a74-a2dd5862635f', '94f83bf8-1cd6-44f7-9e77-dc2d9928b555');
INSERT INTO public.note_tags (id, user_id, note_id, tag_id) VALUES ('f5e85e5b-7819-4188-b81c-90240cb678d7', '3917b9a9-a856-4f33-a910-6ad73f9fa25b', 'a8e2a06b-aa4b-4b82-9a74-a2dd5862635f', '26bec2c9-84b7-4e97-8246-28dd469f49cd');
INSERT INTO public.notes (id, user_id, title, content, artist, album, release_year, metadata, "references", isPinned, created_at, updated_at) VALUES ('5812fdbe-44fc-4a1a-96c9-f6d70328faec', '3917b9a9-a856-4f33-a910-6ad73f9fa25b', 'Darkhaast', '=========FINGERSTYLE========
(G) Is kadar (Bm)
Tu mujhe (G) pyaar kar (Bm)
Jisey (G) kabhi naa main (Bm) sakoon
Phir (Em) bhula (D)

(G) Zindagi (Bm)
Laayi (G) hume yahan (Bm)
Koi (Em) iraada to (C) raha hoga (D) bhala

=========STRUMMING========
Ke (G) darkhaast hai ye
Jo aayi (Bm) raat hai ye
Tu (C) meri baahon mein 
(D) duniya (G) bhula de

Jo ab (G) lamhaat hai ye
Bade hi (Bm) khaas hai ye
Tu (C) meri baahon mein
(D) duniya (G) bhula de........... both para (x2)

(G) (Bm) (C) (D)

(C) Raahon (Em) mein mere (D) saath chal tu
(C) Thaame (Em) mera (D) haath chal tu
(C) Waqt jitna (G) bhi ho haasil
(C) Saara (Em) mere (D) naam kar tu

=========FINGERSTYLE========
(Am) Waqt jitna bhi ho haasil
(D) Saara mere naam kar tu (G)

=========STRUMMING========
Ke (G) armaan hai ye
Guzaarish (Bm) jaan hai ye
Tu (C) meri baahon mein (D) duniya (G) bhula de
Jo ab (G) lamhaat hai ye
Bade hi (Bm) khaas hai ye
Tu (C) meri baahon mein (D) duniya (G) bhula de

(G) (Bm) (C) (D)

=========FINGERSTYLE========
(G) Lamz jismon pe aise sajaye
(Bm) Baarishon se bhi wo dhul na paaye
Tu (C) meri baahon mein (D) duniya bhula de (G)

Ho (G) naksh lamhon pe aise banaye
(Bm) Muddaton se bhi wo mit na paaye
Tu (C) meri baahon mein (D) duniya bhula de (G)

Hmm (C) tujhse to hoon main yun (D) bohat mutasir
(C) Par kya karoon main hoon (D) ek musafir
(C) Kaisi khushi hai (Am) jisme nami hai
(F) Jaane tu ye ya (D) jaane na, (G)ooo

=========STRUMMING========
Jo (G) jazbaat hai ye
Bade hi (Bm) paak hai ye
Tu (C) meri baahon mein (D) duniya (G) bhula de
Jo ab (G) lamhaat hai ye
Bade hi (Bm) khaas hai ye
Tu (C) meri baahon mein (D) duniya (G) bhula de

Ke (G) darkhaast hai ye
Jo aayi (Bm) raat hai ye
Tu (C) meri baahon mein (D) duniya (G) bhula de', 'Arijit Singh, Sunidhi Chauhan', 'Shivaay', 2016, 'Fingerstyle : single single string plucking
Strumming : D D UUD DDU
Chords used : G, Bm, D, Em, Am', 'https://www.youtube.com/watch?v=KTmaYwZGGfI', FALSE, '2022-01-13T04:26:24.442000+00:00', '2022-01-20T10:36:31.313000+00:00');
INSERT INTO public.note_tags (id, user_id, note_id, tag_id) VALUES ('f0e44ee9-95ca-49e2-919f-ee9cca8ad30f', '3917b9a9-a856-4f33-a910-6ad73f9fa25b', '5812fdbe-44fc-4a1a-96c9-f6d70328faec', '94f83bf8-1cd6-44f7-9e77-dc2d9928b555');
INSERT INTO public.note_tags (id, user_id, note_id, tag_id) VALUES ('d0c32869-f1d8-4d71-82b5-b27666a11958', '3917b9a9-a856-4f33-a910-6ad73f9fa25b', '5812fdbe-44fc-4a1a-96c9-f6d70328faec', '26bec2c9-84b7-4e97-8246-28dd469f49cd');
INSERT INTO public.notes (id, user_id, title, content, artist, album, release_year, metadata, "references", isPinned, created_at, updated_at) VALUES ('f9c2da9a-a13d-488e-8176-93fe2f2c8b86', '3917b9a9-a856-4f33-a910-6ad73f9fa25b', 'Maan Meri Jaan - King', 'Main Teri (G)Aankhon Mein
Udaasi Kabhi (Em)Dekh Sakda Nahi
Tujhe (Am)Khush Main Rakhunga Sohne(Em)ya (D)
Main Tere (G)Hothon Pe
Khamoshi Kabhi (Em)Dekh Sakda Nahi
Saari (Am)Baatein Main Sununga Sohne(Em)ya (D)

Tere (G)Dil Se Na Kabhi (Em)Khelunga
Saare (Am)Raaz Apne Main Tujhko (Em)De Doong(D)a
Meri (G)Jaan Toone Mujhko (Em)Paagal Hai Kiya
Mera (Am)Lagda Na Jiya Tere Ba(D)gair

Tu Maan Meri (G)Jaan
Main Tujhe Jaane Na Doon(Em)ga
Main Tujhko Apni (Am)Baahon Mein
Chhupa Ke Rakhun(Em)ga(D)

Tu Maan Meri (G)Jaan
Main Tujhe Jaane Na Doon(Em)ga
Main Tujhko Apni (Am)Aankhon Mein
Basa Ke Rakhun(Em)ga
Tu (D)Maan Meri (G)Jaan

Tu (D)Maan Meri (G)Jaan…(Em) (Am)
(Em) Tu (D)Maan Meri (G)Jaan.. (Em) (Am)

(G) Main Saya Banke (Em)Saath Tere
Rehna 24 (Am)Ghante
Main Rehna 24 (Em)Ghante
Tere Bina (D)Dil Lagda Nahi

(G) Main Aankhon Se Chu(Em)ra Loon Jaana
Tere Jo Bhi (Am)Gham The
Haaye Tere Jo Bhi (Em)Gham The
Tere Bina (D)Dil Lagta Nahi

Meri (Bm)Baahon Mein Aake
Tu (Am)Jaana Nahi
Aisi (D7)Rabb Se Main Maangu Dua(Em)aa..(D)..(G)aa..

Tere (G)Dil Se Na Kabhi (Em)Khelunga
Saare (Am)Raaz Apne Main Tujhko (Em)De Doon(D)ga
Meri (G)Jaan Toone Mujhko (Em)Paagal Hai Kiya
Mera (Am)Lagda Na Jiya Tere Ba(D)gair

Tu Maan Meri (G)Jaan
Main Tujhe Jaane Na Doon(Em)ga
Main Tujhko Apni (Am)Baahon Mein
Chhupa Ke Rakhun(Em)ga(D)

Tu Maan Meri (G)Jaan
Main Tujhe Jaane Na Doon(Em)ga
Main Tujhko Apni (Am)Aankhon Mein
Basa Ke Rakhun(Em)ga
Tu (D)Maan Meri (G)Jaan

Tu (D)Maan Meri (G)Jaan…(Em) (Am)
(Em) Tu (D)Maan Meri (G)Jaan.. (Em) (Am)', 'King', 'Champagne Talk', 2022, 'Capo at 2
Chords used : G, Em, Am, D', 'https://www.youtube.com/watch?v=iFzpQngfWLk', FALSE, '2023-01-06T03:08:23.676000+00:00', '2023-01-07T15:21:39.192000+00:00');
INSERT INTO public.note_tags (id, user_id, note_id, tag_id) VALUES ('a0548f32-8039-4a22-bb51-44aa3045c3c7', '3917b9a9-a856-4f33-a910-6ad73f9fa25b', 'f9c2da9a-a13d-488e-8176-93fe2f2c8b86', '94f83bf8-1cd6-44f7-9e77-dc2d9928b555');
INSERT INTO public.note_tags (id, user_id, note_id, tag_id) VALUES ('7b86f8fb-5c82-459c-83b1-d3b6bc8c65ab', '3917b9a9-a856-4f33-a910-6ad73f9fa25b', 'f9c2da9a-a13d-488e-8176-93fe2f2c8b86', '26bec2c9-84b7-4e97-8246-28dd469f49cd');
INSERT INTO public.notes (id, user_id, title, content, artist, album, release_year, metadata, "references", isPinned, created_at, updated_at) VALUES ('86fad9cd-5903-4254-8635-4faba42e3b4d', '3917b9a9-a856-4f33-a910-6ad73f9fa25b', 'Munjane Manjalli', 'Intro :  A.....D....A....E

(A)Munjaane (D)manjalli.. (A)Mussanje (E)tilitampalli...
(A)O Olave (D)neenelli.. (A)Hudukaata (E)ninaginelli..

Nan(Bm)nedeyolage nee (D)ilidu..
Jana(Bm)manada mouna muri(D)du..
Bisi (Bm)usirannu nee bage(D)du..
Nit(Bm)tusirannu nee ta(E)gedu..

Nanno(A)mme aavari(D)su.. 
Ee be(A)ge nee haari(D)su..
Manadaala(Bm)da ullasa (E)nee..

(A)Kuntallu (D)neene.. (A)Nintallu (D)neene.. (A)Ellellu (D)neene 
sa(E)khi..
(A)Kannallu (D)neene.. (A)Kanasallu (D)neene.. (A)Ellellu (D)neene 
sa(E)khi..

Nana (Bm)nennegalu (D)neene.. (Bm)Naalegalu (D)neene.. 
(Bm)Endendu (D)neene sa(E)khi...

Aavari(A)su.. Maidum(D)bi..(E).. Just Maat Maathal(A)li..

(A)Nannella (D)kanasannu.. (A)Ninadendu nee (E)tilididde..
(A)Noorentu (D)novallu.. (A)Nee bandu (E)jotheyidde..
Kaar(Bm)moda kavida (D)manake.. 
Hosa (Bm)belaku tandu suride..
Nina(Bm)gaagi naanu nan(D)na.. 
Badu(Bm)kella mudipu (E)ende..
Ee(A)gelli nee ho(D)de.. Kani(A)karisi nee (D)baare...
Edegoodi(Bm)na usiru nee(E)ne..

(A)Baanallu (D)neene.. (A)Buviyallu (D)neene.. (A)Ellellu (D)neene 
sa(E)khi..
(A)Novallu (D)neene.. (A)Nagavallu (D)neene.. (A)Ellellu (D)neene 
sa(E)khi..
Nana (Bm)nennegalu (D)neene.. (Bm)Naalegalu (D)neene.. 
(Bm)Endendu (D)neene sa(E)khi...
Aavari(A)su.. Maidum(D)bi..(E).. Just Maat Maathal(A)li..

(G)Neenillaa(D)de baale bara(A)du...(G)
Ninagaage (D)nanna baduke mudi(A)pu..
(Bm)...Neenillada baduke (D)neeru..
Kollu nan(E)na...

(A)Tampallu (D)neene.. (A)Bisilallu (D)neene.. (A)Ellellu (D)neene 
sa(E)khi..
(A)Hasirallu (D)neene.. (A)Usirallu (D)neene.. (A)Ellellu (D)neene 
sa(E)khi..
Nana (Bm)nennegalu (D)neene.. (Bm)Naalegalu (D)neene.. 
(Bm)Endendu (D)neene sa(E)khi...
Aavari(A)su.. Maidum(D)bi..(E).. Just Maat Maathal(A)li..', 'S.P. Balasubrahmanyam, Manjula Gururaj', 'Baalondu Chaduranga', 1995, 'D DU DU D
Chords used : A, D, E, G, Bm', 'https://www.youtube.com/watch?v=q-hvu9GQutY&feature=youtu.be', FALSE, '2018-11-01T10:38:56.408000+00:00', '2018-11-03T04:27:41.645000+00:00');
INSERT INTO public.note_tags (id, user_id, note_id, tag_id) VALUES ('67f41acc-95af-4798-8696-b3ec62ef53a5', '3917b9a9-a856-4f33-a910-6ad73f9fa25b', '86fad9cd-5903-4254-8635-4faba42e3b4d', '26bec2c9-84b7-4e97-8246-28dd469f49cd');
INSERT INTO public.note_tags (id, user_id, note_id, tag_id) VALUES ('68d1fa56-00de-44a6-9689-f653566e9f3b', '3917b9a9-a856-4f33-a910-6ad73f9fa25b', '86fad9cd-5903-4254-8635-4faba42e3b4d', 'bfb29683-c6ea-4f7b-affc-5fe459c721bd');
INSERT INTO public.notes (id, user_id, title, content, artist, album, release_year, metadata, "references", isPinned, created_at, updated_at) VALUES ('7f7ecd09-dddd-4e30-b6ec-01ab8ea9d111', '3917b9a9-a856-4f33-a910-6ad73f9fa25b', 'Pal Pal Dil Ke Paas', 'e-----------------------------------------------------------------------
B-----------3----------------------------------------------------------
G--------------5--4--2--5--4-------2--5--4--2-----------------------
D-------5-----------------------------------------------5--4--------2--4--5-
A---5-------------------------------------------------------------------
e-------------------------------------------------------
B------------------------------3-3-3-3--------------------------
G-----------------4-4-4-4---------------4-4-4-4---4-4-4-4-------
D----5-5-5-5-------------------------------------------------------2-4-5


Line 1 (easy 1st line)
```G|------------3--1--1--------------------------------------|
D|-1--3--4------------------------------------------------|
```

Line 2
```D|-1-1-1/3-3/4-4---------------------------------------|
A|---------------------------------------------------------|
```

Play 1st & 2nd line agin.

Line 3 
```G|-3-4-6--8-66------------------------------------------|
D|--------------------------------------------------------|
```

Line 4 
```G|-1-1/3-3/4--3--------------------------------------|
D|--------------------------------------------------------|
```

Repeat the 1st line again.

Second Para.

Line 5
```D|------1-1-1-1-1---------------------------------------|
A|-44----------------------------------------------------|
```

Line 6 
```G|----3-3(po)1--1-------------------------------------|
D|-1----------------------44-3---3/1--1--------------------|
```

Note: PO means Pull Off.

Line 7 
```G|------66-6-6/8-4-------------------------------------|
D|--------------------------------------------------------|
A|-44----------------------------------------------------|
```

Line 8 
```G|-4(po)3-3/1-1-1/4-4/3--3------------------------|
D|-------------------------------------------------------|
```

Line 9 
```G|-3(po)1-1/3-1-1------------------------------------|
D|---------------------------4-4-------------------------------|
A|---------------------------------4---------------------------|
```

Line 10 
```G|-3-1-1-33--1-1-------------------------------------|
D|--------------------------4--4-4---------------------------|
A|------------------------------------4----------------------|
```

Line 11 
```G|-3-1-1-33-1------------------------------------------|
D|--------------------4-4---4-------------------------------|
A|-------------------------------4----------------------------|
```

Line 12
```G|-3(po)1-1/3--1-1------------------------------------|
D|---------------------------4-4------------------------------|
```

Line 13 
```G|------66-66-6/8--4----------------------------------|
D|-------------------------------------------------------|
A|-44----------------------------------------------------|
```

Line 14 
```G|-4-3-3/1--1-1/4--4-3----------------------------
D|-------------------------------------------------------|
```



SINGLE STRING

B-2-4-5-9-7-2-2-4-5-5

B-9-10-12-14-12-7-7-9-10-9', 'Arijit Singh, Parampara Thakur', 'Pal Pal Dil Ke Paas', 2019, NULL, 'http://rockonguitar247.blogspot.in/2013/11/pal-pal-dil-ke-paas-guitar-tabs.html', FALSE, '2017-10-06T03:07:22.423000+00:00', '2019-07-19T02:29:37.184000+00:00');
INSERT INTO public.note_tags (id, user_id, note_id, tag_id) VALUES ('214de30e-47e7-42df-a7e1-658952188fb0', '3917b9a9-a856-4f33-a910-6ad73f9fa25b', '7f7ecd09-dddd-4e30-b6ec-01ab8ea9d111', 'ca29fa62-24fc-4ecb-808c-f795c7122529');
INSERT INTO public.note_tags (id, user_id, note_id, tag_id) VALUES ('f7313a14-ff20-4abe-b95a-86791650d4f5', '3917b9a9-a856-4f33-a910-6ad73f9fa25b', '7f7ecd09-dddd-4e30-b6ec-01ab8ea9d111', '39d6ed04-fc5c-427e-9060-9041887f4d0e');
INSERT INTO public.note_tags (id, user_id, note_id, tag_id) VALUES ('727cbdc8-e601-4074-9d85-a04a691d3125', '3917b9a9-a856-4f33-a910-6ad73f9fa25b', '7f7ecd09-dddd-4e30-b6ec-01ab8ea9d111', '484fde0b-53ea-4d62-82d9-dff38182c04c');
INSERT INTO public.note_tags (id, user_id, note_id, tag_id) VALUES ('16b5b61c-30b1-4cf0-8caf-9cee20928a18', '3917b9a9-a856-4f33-a910-6ad73f9fa25b', '7f7ecd09-dddd-4e30-b6ec-01ab8ea9d111', 'f6f1fa22-4ebb-4dfc-8a00-65f2e520dc91');
INSERT INTO public.note_tags (id, user_id, note_id, tag_id) VALUES ('8782f1db-c50c-4b82-bf5a-6b58f6a0c485', '3917b9a9-a856-4f33-a910-6ad73f9fa25b', '7f7ecd09-dddd-4e30-b6ec-01ab8ea9d111', '22c9085c-724b-4679-aa10-b79b72f9b0be');
INSERT INTO public.note_tags (id, user_id, note_id, tag_id) VALUES ('6549db84-46fb-4fcd-be7b-4fef0901309a', '3917b9a9-a856-4f33-a910-6ad73f9fa25b', '7f7ecd09-dddd-4e30-b6ec-01ab8ea9d111', 'f22d1b82-b224-4a44-a581-b5c25015af54');
INSERT INTO public.notes (id, user_id, title, content, artist, album, release_year, metadata, "references", isPinned, created_at, updated_at) VALUES ('8f7900c5-2d7e-49b2-8fa5-0629448c407e', '3917b9a9-a856-4f33-a910-6ad73f9fa25b', 'Lag ja gale', '```E |---8-8-8-8---8-8--8-8----8-----8------8-------
B |-11------11-------11----9-9----11-11---8-6-4--
```
Lag ja gale ki phir Ye hasin raat ho na ho

```E |------------
B |-4-6-6-6-6-8-8-6-4---
```
Shayad phir is janam mein

```E |---9/11-11-9-11-9-8-6-4---
B |-4-6------------
```
Mulakat ho na ho…

```E |-9-11-11-11-11-13-11-9---
```
Hum ko mili hai aaj ye

```E |-9-9-9-13-9-11-9-8----
```
Ghadiya naseeb se

```E |-9-11-11-11-11-13-11-9---
```
Je bhar ke dekh leejiye

```E |-9-9-9-13-9-11-9-8----
```
Hamako kareeb se

```E |---8-8-8-8---8-8--8-8----8-----8------8-------
B |-11------11-------11----9-9----11-11---8-6-4--
```
Phir apke naseeb mein Ye raat ho na ho

```E |------------
B |-4-6-6-6-6-8-8-6-4---
```
Phir is janaam mein

```E |---9/11-11-9-11-9-8-6-4---
B |-4-6------------
```
Mulakat ho na ho', 'Lata Mangeshkar', 'Woh Kaun Thi?', 1964, NULL, NULL, FALSE, '2017-12-30T13:34:00.739000+00:00', '2019-01-08T14:21:05.289000+00:00');
INSERT INTO public.note_tags (id, user_id, note_id, tag_id) VALUES ('6023a398-18d7-486c-b236-d2ff6e359ea4', '3917b9a9-a856-4f33-a910-6ad73f9fa25b', '8f7900c5-2d7e-49b2-8fa5-0629448c407e', '22c9085c-724b-4679-aa10-b79b72f9b0be');
INSERT INTO public.note_tags (id, user_id, note_id, tag_id) VALUES ('dc447410-8685-4ef8-a2cc-7460b357f33d', '3917b9a9-a856-4f33-a910-6ad73f9fa25b', '8f7900c5-2d7e-49b2-8fa5-0629448c407e', 'f22d1b82-b224-4a44-a581-b5c25015af54');
INSERT INTO public.notes (id, user_id, title, content, artist, album, release_year, metadata, "references", isPinned, created_at, updated_at) VALUES ('2ff57fb2-b7d7-4053-9dfe-9f5de1105343', '3917b9a9-a856-4f33-a910-6ad73f9fa25b', 'Meri Maa Ke Barabar Koi Nahi', '(D) Uncha hai bhawan, uncha mandir
(D) Unchi teri shan mai (A) yya teri
(D) Charno me jhuke baadal bhi tere
(D) Parvat pe lage shai (A) yya teri

Hey (D) Kalratri, hey (G) Kalyani
Tera (D) jod dhara par koi nahi
Meri (A) Maa ke barabar (D) koi nahi
Meri (A) Maa ke barabar (D) koi nahi

(D) Teri mamta se jo (G) gehra hai
(D) Aisa to sagar koi nahi
Meri (A) Maa ke barabar (D) koi nahi
Meri (A) Maa ke barabar (D) koi nahi

(D) Jaise dhara or nadiyan
(D) Jaise phool or bagiya
(D) Mere itne (A) jyada paas (D) hai tu
(D) Jab na hoga tera aanchal
(D) Naina mere honge jal-thal
(D) Jayenge fir (A) kahan mere (D) aansu

(D) Dukh door hua mera sara
(D) Andhiyaro me chamka tara
(A) Naam tera jab bhi (D) pukara

(D) Sooraj bhi yaha (G) chanda bhi yaha
(D) Tere jaisa ujagar koi nahi
Meri (A) Maa ke barabar (D) koi nahi
Meri (A) Maa ke barabar (D) koi nahi

Hey (D) Kalratri, hey (G) Kalyani
Tera (D) jod dhara par koi nahi
Meri (A) Maa ke barabar (D) koi nahi
Meri (A) Maa ke barabar (D) koi nahi

(D) Tere mandiro me maai
(D) Maine jyot kya jalayi
Ho gaya (A) mere ghar me (D) ujaala
(D) Kya batau teri maya
(D) Jab kabhi main ladkhadaya
Tune dus (A) bhujao se sam (D) bhala

(D) Khil jati hai sukhi daali
(D) Bhar jati hai jholi khali
(A) Teri hi meher hai (D) Mehrawali

(D) Mamta se teri (G) badhke maiya
(D) Meri to dharohar koi nahi
Meri (A) Maa ke barabar (D) koi nahi
Meri (A) Maa ke barabar (D) koi nahi

Hey (D) Kalratri, hey (G) Kalyani
Tera (D) jod dhara par koi nahi
Meri (A) Maa ke barabar (D) koi nahi
Meri (A) Maa ke barabar (D) koi nahi

(D) Teri mamta se jo (G) gehra hai
(D) Aisa to sagar koi nahi
Meri (A) Maa ke barabar (D) koi nahi
Meri (A) Maa ke barabar (D) koi nahi', 'Jubin Nautiyal', 'Meri Maa Ke Barabar Koi Nahi', 2020, 'Capo at 4
Strumming : D Dd DU', 'https://indichords.com/songDetails.jsp?songId=2843&titleExtra=Meri-Maa-Ke-Barabar-Koi-Nahi-Jubin-Nautiyal', FALSE, '2023-02-18T01:59:34.302000+00:00', '2023-02-18T02:01:57.270000+00:00');
INSERT INTO public.note_tags (id, user_id, note_id, tag_id) VALUES ('238b142a-b865-4462-ac2a-b3a70d9cc799', '3917b9a9-a856-4f33-a910-6ad73f9fa25b', '2ff57fb2-b7d7-4053-9dfe-9f5de1105343', '94f83bf8-1cd6-44f7-9e77-dc2d9928b555');
INSERT INTO public.note_tags (id, user_id, note_id, tag_id) VALUES ('6547dfdd-4bda-4269-9f13-fcf36516884a', '3917b9a9-a856-4f33-a910-6ad73f9fa25b', '2ff57fb2-b7d7-4053-9dfe-9f5de1105343', '26bec2c9-84b7-4e97-8246-28dd469f49cd');
INSERT INTO public.note_tags (id, user_id, note_id, tag_id) VALUES ('d3d55698-f638-4cdb-a1ba-b3e6c3402087', '3917b9a9-a856-4f33-a910-6ad73f9fa25b', '2ff57fb2-b7d7-4053-9dfe-9f5de1105343', '6a3e1159-3e7b-4145-b202-58429f143d25');
INSERT INTO public.notes (id, user_id, title, content, artist, album, release_year, metadata, "references", isPinned, created_at, updated_at) VALUES ('66fa4801-6afb-41fb-824e-3d483fce3b29', '3917b9a9-a856-4f33-a910-6ad73f9fa25b', 'Nazm Nazm', 'Intro: 
```E |------------
B |------------
G |-4-4-4/7-2-2-2/4--
```

```E |------------
B |------------
G |-4-4-4-4-4-2-2-2-2h4p2-
```

=====Song====

```E |----------------------
B |-5/7-8-8-7-5-----8-7-5-------8-7-8--
G |---------7--------7------
D |-----------------------
```
Na na……..

```E |----10-10-7-5-7-7---
B |-8-8-8----------
```
Tu nazm nazm sa mere

```E |---5-5/7-5------
B |-8-8-----8-7-5--
```
Honthon pe thehar ja

```E |----5-5-5-7/5-5----
B |-5-5-5---------
```
Main khwab khwab sa teri

```E |-10-10-10-7-5-5-------
B |------------8--
```
Aankhon mein jaagun re

```E |----10-10-7-5-7-7---
B |-8-8-8----------
```
Tu ishq ishq sa mere

```E |---5-5/7-5------
B |-8-8-----8-7-5--
```
Rooh mein aake bas ja

```E |----5-5-5-7/5-5----
B |-5-5-5---------
```
Jis aur teri shehnaai

```E |-10-10-10-7-5-5-------
B |------------8--
```
Uss ore main bhaagun re

=====Melody=======

```E |-10-10-8-7-5-----5-5h7--
B |--------8------
```

```E |----------------------
B |-5/7-8-8-7-5-----8-7-5-------8-7-8--
G |---------7--------7------
```
Na na……..

=====Song====

```E |---7-5-7-5-7----
B |-8-8---------
```
Haath thaam le piya

```E |---7-5-7-8----
B |-8-8-------
```
Karte hain vaada

```E |-8-8-8-12-10-8-7/5-
```
Ab se tu aarzu

```E |-5-5-10-8-7-7-
```
Tu hi hai iraada

```E |---7-5-7-5-7--
B |-8-8-------
```
Mera naam le piya

```E |---7-5-7-8----
B |-8-8-------
```
Main teri rubaai

```E |-8-8-8-12-10-8-7/5--
```
Teri hi tto piche piche

```E |-5-5-10-8-7-7-
```
Barsaat aayi,

```E |-5-5------
B |---5-7-8-8--
```
Barsaat aayi

Tu itrr itrr sa mere
Saanson mein bikhar jaa
Main faqeer tere qurbat ka
Tujhse tu maangun re', 'Arko', 'Bareilly Ki Barfi', 2017, NULL, 'http://msworldsite.com/nazm-nazm-guitar-tabs-lead-bareilly-ki-barfi-arko/', FALSE, '2018-09-20T14:47:22.301000+00:00', '2018-09-30T12:25:19.879000+00:00');
INSERT INTO public.note_tags (id, user_id, note_id, tag_id) VALUES ('a841d38f-6c8e-4b1b-88d7-972f882a6384', '3917b9a9-a856-4f33-a910-6ad73f9fa25b', '66fa4801-6afb-41fb-824e-3d483fce3b29', '39d6ed04-fc5c-427e-9060-9041887f4d0e');
INSERT INTO public.note_tags (id, user_id, note_id, tag_id) VALUES ('208dabe0-d0ed-4d05-95c6-a24f56e2195f', '3917b9a9-a856-4f33-a910-6ad73f9fa25b', '66fa4801-6afb-41fb-824e-3d483fce3b29', '94f83bf8-1cd6-44f7-9e77-dc2d9928b555');
INSERT INTO public.note_tags (id, user_id, note_id, tag_id) VALUES ('502ed813-69c1-4e22-825b-0a7fe5ee2976', '3917b9a9-a856-4f33-a910-6ad73f9fa25b', '66fa4801-6afb-41fb-824e-3d483fce3b29', '22c9085c-724b-4679-aa10-b79b72f9b0be');
INSERT INTO public.notes (id, user_id, title, content, artist, album, release_year, metadata, "references", isPinned, created_at, updated_at) VALUES ('a9507d69-1bf2-4576-98ea-f25f568f6a78', '3917b9a9-a856-4f33-a910-6ad73f9fa25b', 'Jaan Nisaar - Kedarnath', 'STRUM (can be used in place of Fingerstyle 2) : D Chuck U  U Chuck U
My Strum (for fingerstyle 2) : D Chuck  D U Chuck

[intro]
C-- Am-- Dm-- F--
C-- Am-- Dm--
F- Em- C- Em- C--

```e | - - - - - - - - - - - - - - - - - - - 9-7- - - - - - - - - - - - -
B | -7- 7/9- 9 - -7- 7/9- 9  - - - - - 9/7 -7- - - - - - -          ==>  x2
G | - - - - - - - - - - - - - - - - - - - - - - - - - - - - - 9-8-6-
```

```e | - - - - - - - - - - - - - - - - - - - - - - - - -
B | - - - - - - - - - - - - - - - - - - - - - - - - -
G | -6-5- 6-8- 8/9 - -5- 6-8- 8/9 - - - 
```

===========FINGERSTYLE===============
Na (D) maaregi deewangi (Bm) meri
(Bm) Na maaregi aawargi (A) meri
Ki (Em) maaregi zyada mujhe
(A) Maut se narazagi (D) teri

===========FINGERSTYLE  2===============
Kyun (D) itna hua hai tu (Bm) khafa
(Bm) Hai zidd kis baat ki (A) teri
Ki (Em) maaregi zyada mujhe
(A) Maut se narazag(D)i teri

(G) Jaan (A) nisaar hai, jaan (D) nisaar
Tere (G) pyaar (A) pe mere (D) yaar
Jaan (Em) nisaar (A) hai, (D) Oho ho

(D) Duniya jamaane se
(Bm) Rishte mitaye hai
(G) Tujhse hi yaari hai (A) hamari
(A) Ek baar to (D) aa

(G) Ho Maine nibhaya hai
(D) Kar ke dikhaya hai
(G) Le teri baari
Ek (A) vaari tu bhi pyaar (D) nibha

(D) Tu bhi pyaar (Em) nibha
Oo (A) Yaara

===========FINGERSTYLE===============
(D) Teri berukhi se hai (Bm) badi
(Bm) Umar intezaar ki (A) meri
Ki (Em) maaregi zyada mujhe
(A) Maut se narazagi (D) teri

===========FINGERSTYLE  2===============
Kyun (D) itna hua hai tu (Bm) khafa
(Bm) Hai zidd kis baat ki (A) teri
Ki (Em) maaregi zyada mujhe
(A) Maut se narazag(D)i teri

(G) Jaan (A) nisaar hai jaan (D) nisaar
Tere (G) pyaar (A) pe mere (D) yaar
Jaan (Em) nisaar (A) hai (D) Oho ho', 'Arijit Singh', 'Kedarnath', 2018, 'Capo on 2
Fingerstyle : Normal
Fingerstyle 2 : D U Chuck U  U Chuck U  (https://youtu.be/7teEhSwHvCo?t=240)', 'https://www.youtube.com/watch?v=7teEhSwHvCo', FALSE, '2020-02-23T13:41:28.791000+00:00', '2020-10-03T08:48:11.958000+00:00');
INSERT INTO public.note_tags (id, user_id, note_id, tag_id) VALUES ('00b57106-8d1a-4162-8db8-2f81ac18f1b3', '3917b9a9-a856-4f33-a910-6ad73f9fa25b', 'a9507d69-1bf2-4576-98ea-f25f568f6a78', '39d6ed04-fc5c-427e-9060-9041887f4d0e');
INSERT INTO public.note_tags (id, user_id, note_id, tag_id) VALUES ('97a04218-fa0b-433d-927d-8bf18ccbbede', '3917b9a9-a856-4f33-a910-6ad73f9fa25b', 'a9507d69-1bf2-4576-98ea-f25f568f6a78', '94f83bf8-1cd6-44f7-9e77-dc2d9928b555');
INSERT INTO public.note_tags (id, user_id, note_id, tag_id) VALUES ('b64d9621-0bfb-4b0d-9d32-c44ff7a384d0', '3917b9a9-a856-4f33-a910-6ad73f9fa25b', 'a9507d69-1bf2-4576-98ea-f25f568f6a78', '375ee2c2-3bd4-473f-afd0-87ef7a38f19a');
INSERT INTO public.note_tags (id, user_id, note_id, tag_id) VALUES ('be3178f2-88d4-4897-a0c3-42b1f662c76f', '3917b9a9-a856-4f33-a910-6ad73f9fa25b', 'a9507d69-1bf2-4576-98ea-f25f568f6a78', '26bec2c9-84b7-4e97-8246-28dd469f49cd');
INSERT INTO public.notes (id, user_id, title, content, artist, album, release_year, metadata, "references", isPinned, created_at, updated_at) VALUES ('e0e15c86-8f28-40a5-a32e-8cc4cd7bf717', '3917b9a9-a856-4f33-a910-6ad73f9fa25b', 'Ek Tarfa', '', 'Darshan Raval', 'Ek Tarfa', 2020, NULL, 'https://www.youtube.com/watch?v=NWHUwA9g9G4', FALSE, '2020-10-10T14:49:23.521000+00:00', '2020-10-10T14:49:28.661000+00:00');
INSERT INTO public.notes (id, user_id, title, content, artist, album, release_year, metadata, "references", isPinned, created_at, updated_at) VALUES ('7c9ea3a6-8587-48f8-8f99-09c02dd29036', '3917b9a9-a856-4f33-a910-6ad73f9fa25b', 'Mera Mann - Nautanki Sala', '[G] hmmm [D] hmmm [G] hmmm [D] hmmm 
[Em] hmmm [C] hmmm [D] hmmm 

[G] Tujhse hi to mili hai rahat 
[..] Tu hi to [C] meri hai chahat 
[Em] Tujhse hi to judi [D] zindagi 
[G] Teri yaadein hain kuch adhoori 
[..] Saans aadhi hai [C] kuch hai poori 
[..] Aankhon mein hai [Em] kaisi ye [D] nami 

[G] Mera mann, kehne laga
[Em] Paas aake na [C] tu door [D] jaa 
[G] Chhoone de, honth tere 
[Em] Zara saanson mein [C] apni ba [D] sa aa... 

[G] hmmm [D] hmmm [G] hmmm [D] hmmm
[Em] hmmm [C] hmmm [D] hmmm 

[G] Tujhe apna bana loon 
[..] Tujhe tujh se [C] chura loon 
[..] Tujhe khud mein [Em] chhupa loon, 
[D] Sahiba! 
[G] lk mujh pe karam ho 
[..] Tu hi mera [C] sanam ho 
[..] Teri mujh pe [Em] nazar ho, 
[D] Sahiba! 

[G] hmmm [D] hmmm [G] hmmm [D] hmmm
[Em] hmmm [C] hmmm [D] hmmm 

[G] Mar main jaaunga, reh na paaun 
[C] Gham judai ka seh na paaun 
[Em] Aye tujhe pyaar ka [D] vaasta 
[G] Teri yaadein hai kuchh adhoori 
[C] Saans aadhi hai kuch hai poori
[Em] Aankhon mein hai kaisi ye [D] nami 

[G] Raat ke chaand [Em] tale 
[C] Aagosh mein meri tu [D] aa 
[G] Baahon mein le lo [Em] mujhe 
[C] Zara sapno mein apne [D] basa 

[G] Mera mann, kehne laga 
[Em] Paas aake na [C] tu door [D] jaa 
[G] Chhoone de, honth tere 
[Em] Zara saanson mein [C] apni ba [D] sa aa... 


Reference : some app', 'Falak Shabbir', 'Nautanki Saala!', 2013, 'Strumming:-D-DU-UDU
Chords used : G, D, Em, C', NULL, FALSE, '2018-11-01T04:47:57.480000+00:00', '2018-11-01T12:47:37.855000+00:00');
INSERT INTO public.note_tags (id, user_id, note_id, tag_id) VALUES ('76d02bb9-932e-4866-8805-65b92de9a3b1', '3917b9a9-a856-4f33-a910-6ad73f9fa25b', '7c9ea3a6-8587-48f8-8f99-09c02dd29036', '94f83bf8-1cd6-44f7-9e77-dc2d9928b555');
INSERT INTO public.note_tags (id, user_id, note_id, tag_id) VALUES ('5997cf06-5964-4b9a-9b47-7c1b9ffcf4fe', '3917b9a9-a856-4f33-a910-6ad73f9fa25b', '7c9ea3a6-8587-48f8-8f99-09c02dd29036', '26bec2c9-84b7-4e97-8246-28dd469f49cd');
INSERT INTO public.notes (id, user_id, title, content, artist, album, release_year, metadata, "references", isPinned, created_at, updated_at) VALUES ('27bc9964-c9a2-4b6b-90ad-c90a18ba2ba0', '3917b9a9-a856-4f33-a910-6ad73f9fa25b', 'Tera Woh Pyaar', '', 'Asim Azhar, Momina Mustehsan', 'Coke Studio Season 9', 2016, 'Ddd', 'https://tabs.ultimate-guitar.com/tab/momina_mustehsan/tera_woh_pyar_nawazishein_karam_chords_1996633
https://www.youtube.com/watch?v=CyFTEUKshr4', FALSE, '2018-11-16T02:30:50.392000+00:00', '2018-11-16T02:31:13.857000+00:00');
INSERT INTO public.note_tags (id, user_id, note_id, tag_id) VALUES ('d52a9c38-251a-4559-9a96-6ec4c7cc0e86', '3917b9a9-a856-4f33-a910-6ad73f9fa25b', '27bc9964-c9a2-4b6b-90ad-c90a18ba2ba0', 'ca29fa62-24fc-4ecb-808c-f795c7122529');
INSERT INTO public.note_tags (id, user_id, note_id, tag_id) VALUES ('f039bbf5-1cde-4c17-bb34-e20e47cdbc4f', '3917b9a9-a856-4f33-a910-6ad73f9fa25b', '27bc9964-c9a2-4b6b-90ad-c90a18ba2ba0', '94f83bf8-1cd6-44f7-9e77-dc2d9928b555');
INSERT INTO public.note_tags (id, user_id, note_id, tag_id) VALUES ('836a94a7-b6eb-43fa-a093-bce32a1f7ef9', '3917b9a9-a856-4f33-a910-6ad73f9fa25b', '27bc9964-c9a2-4b6b-90ad-c90a18ba2ba0', '26bec2c9-84b7-4e97-8246-28dd469f49cd');
INSERT INTO public.notes (id, user_id, title, content, artist, album, release_year, metadata, "references", isPinned, created_at, updated_at) VALUES ('6e2cd164-ff8d-44dc-8a35-0ff3924ed971', '3917b9a9-a856-4f33-a910-6ad73f9fa25b', 'Shikwa Nahi - Jubin Nautiyal', '(C)-(Am)-(F)-(G)........x2

(C) Tere bin na r(F)aha kabhi
Tere b(Dm)in na r(F)eh sakun(C)ga
Tere (Am) bin na j(F)iya kabhi
Tere b(Dm)in na j(F)ee saku(C)nga

Toote (Am) dil ki awa(F)az ko sun
Tu s(G)un t(E)o sa(Am)hi

Sh(C)ikwa nahin ki(Am)si se
Ki(F)si se gila nah(Dm)in
Na(F)seeb mein nah(Dm)in tha jo
Hu(C)mko mila nahin
Shi(Am)kwa (F) nahin ki(C)si se

===========================
(C)-(Am)-(F)-(G)........x2

Tu na mil p(C)aaya (Am)
Yaadein mil g(F)ayi
(Dm) Teri yaa(F)dein mil gay(C)i
Tanhaaiyaan m(Am)ili ha(F)in
Tu na m(C)ili muj(F)he
(Dm) Tu na mi(C)li…

Toote (Am) dil ki awa(F)az ko sun
Tu s(G)un t(E)o sa(Am)hi

Arma(C)an tha humako ji(Am)ska
Woh (F) khwaab mila na(Dm)hi
Na(F)seeb mein nah(Dm)in tha jo
Hu(C)mko mila nahin
Shi(Am)kwa (F) nahin ki(C)si se

===========================
(C)-(Am)-(F)-(G)........x2

Tujh-se ju(C)daa ho..kar (Am) jaaun main k(F)idhar
Tere.. bin(Dm) jaa(F)un main kidh(C)ar
Tadapta hi(Am) rah(F)un
Phirun main darb(C)adar
Ha(F)aye phi(Dm)run main darb(C)adar

Toote (Am) dil ki awa(F)az ko sun
Tu s(G)un t(E)o sa(Am)hi

Wo c(C)hahaton ka h(Am)ar pal
Ab si(F)lsila nah(Dm)in
Na(F)seeb mein nah(Dm)in tha jo
Hu(C)mko mila nahin
Shi(Am)kwa (F) nahin ki(C)si se', 'Jubin Nautiyal', 'Shikwa Nahi', 2016, 'D D UUD D (DU)
Chords used : C, Am, F, G, Dm, E', 'https://www.youtube.com/watch?v=EAvaZSJiVCc', FALSE, '2022-03-17T10:32:43.078000+00:00', '2022-03-17T10:39:18.382000+00:00');
INSERT INTO public.note_tags (id, user_id, note_id, tag_id) VALUES ('03beec15-71e8-4321-8f4b-56e5ae63e6c3', '3917b9a9-a856-4f33-a910-6ad73f9fa25b', '6e2cd164-ff8d-44dc-8a35-0ff3924ed971', '94f83bf8-1cd6-44f7-9e77-dc2d9928b555');
INSERT INTO public.note_tags (id, user_id, note_id, tag_id) VALUES ('784fc18b-f1d2-4695-a052-ebe939af09d2', '3917b9a9-a856-4f33-a910-6ad73f9fa25b', '6e2cd164-ff8d-44dc-8a35-0ff3924ed971', '26bec2c9-84b7-4e97-8246-28dd469f49cd');
INSERT INTO public.notes (id, user_id, title, content, artist, album, release_year, metadata, "references", isPinned, created_at, updated_at) VALUES ('429c71a1-5e65-438b-8e7c-56b2abf1dfb5', '3917b9a9-a856-4f33-a910-6ad73f9fa25b', 'Code Phatt Gaya [Sutta] -', '(G)Doston me (D)baitha, mai (Em)gaming kar ra(C)ha
(G)Agle long (D)weekend ki (Em)planing kar ra(C)ha
Call mujhko aayi, mai jhat se darr gaya
Baithe baithe lag gayi,. mujhe pata bhi na chala

Null chek bhi lagaya, arey
Null check bhi lagaya, unit testing bhi kiya

[Chorus]
doston sambhalo mera code phat gaya
pehli release me, exception aagaya   .....x2
 
[Verse 2]
khabar aisi sunke, mere toote udh gaye
plan long weekend ke mitti me mile
logs me bhi dekha, debugging bhi kiya
8 ghante lag gaye, bug repro na hua

UAT pe sahi tha, arey
UAT pe sahi tha, jane kaise phat gaya

[Chorus]
doston sambhalo mera code phat gaya
pehli release me, exception aagaya   .....x2
 

[Interlude]
G D Em C ......x2 

[Verse 3]
architect ne bola, yeh galti hai teri
mujh ko to hai lagta farzi degree hai teri
Business waale bole, "Arey yeh kya hogaya"
"tool ka revenue itna low kyun hogaya?"
 
itne saare email
itne saare email, mera BP badh gaya

[Chorus]
doston sambhalo mera code phat gaya
pehli release me, exception aagaya   .....x2

[Interlude]
G D Em C ......x2 

[Verse 4]
18 ghante ke liye, mai desk se na hila,
raat bhar khoya, mai thak ke gir gaya
DB admin bola, "koi issue nahi mila"
5 minute ke andar, woh offline ho liya

Zimmedaari ka danda,
Zimmedaari ka danda mere sar pe aa pada

doston sambhalo mera code phat gaya
pehli release me, exception aagaya
Bug fixing ki khatir mera weekend chhin gaya,

[Chorus]
doston sambhalo mera code phat gaya
pehli release me, exception aagaya
(Em)exception (C)aagaya
(Em)exception (C)aagaya', 'Vishal Dadlani, Clinton Cerejo', 'Code Phatt Gaya', 2011, 'Strumming : D D UUD D DU
Chords used : G, D, Em, C', 'https://tabs.ultimate-guitar.com/tab/gaurav-madaan/code-phat-gaya-chords-2977874', FALSE, '2021-06-27T09:00:46.705000+00:00', '2021-06-27T09:12:17.052000+00:00');
INSERT INTO public.note_tags (id, user_id, note_id, tag_id) VALUES ('a0a9ec5a-9255-4691-a38a-56c229b17751', '3917b9a9-a856-4f33-a910-6ad73f9fa25b', '429c71a1-5e65-438b-8e7c-56b2abf1dfb5', '94f83bf8-1cd6-44f7-9e77-dc2d9928b555');
INSERT INTO public.note_tags (id, user_id, note_id, tag_id) VALUES ('b7483095-a40b-449e-bc34-c3ae456b44a4', '3917b9a9-a856-4f33-a910-6ad73f9fa25b', '429c71a1-5e65-438b-8e7c-56b2abf1dfb5', '26bec2c9-84b7-4e97-8246-28dd469f49cd');
INSERT INTO public.notes (id, user_id, title, content, artist, album, release_year, metadata, "references", isPinned, created_at, updated_at) VALUES ('4bd887d6-c72a-4f9b-b768-cb5af1aa499a', '3917b9a9-a856-4f33-a910-6ad73f9fa25b', 'Jehda Nasha - Amar Jalal & Faridkot', '[Intro]
Jehda (Em)nasha nasha teri (Em)akhaan vichon aave mainu
Main (Em)vekhya bada bada na oh (D)lakhaan vichon aave (Em)mainu
Jehda (Em)nasha nasha teri (Em)akhaan vichon aave mainu
Main (Em)vekhya bada bada na oh (D)lakhaan vichon aave (Em)mainu

=========FINGERSTYLE========
(Em)Dil de nede (D)hove tu mere
(Em)Dil de nede (D)hove tu mere
(C)Dil bass chaave (D)tainu

=========STRUMMING========
Jehda (Em)nasha nasha teri (Em)akhaan vichon aave mainu
Main (Em)vekhya bada bada na oh (D)lakhaan vichon aave (Em)mainu

[Verse]
(Em)Horaan ute gaur mera (Em)karda na dil ni
(D)Happy happy hoja jado (D)jaave mainu mil ni
(C)Haaye, jaave mainu (D)mil ni

[Chorus]
Jinna (Em)pyar pyar tere (Em)shakaan vichon aave mainu
Main (Em)vekhya bada na oh (D)lakhaan vichon aave (Em)mainu
Jehda (Em)nasha nasha teri (Em)akhaan vichon aave mainu
Main (Em)vekhya bada bada na oh (D)lakhaan vichon aave (Em)mainu

[Verse]
(Em)Tere bina feel bada (D)kariye alonе ni
(Em)Dekhan nu tainu nitt (D)aayiye tere zone ni
(Em)Hollywood vich tere (D)charche ne loud ni
(Em)Amar Balle te tu vi (D)karengi proud ni
(C)Karengi proud ni

[Pre-Chorus]
Jinna (Em)sukoon sukoon teri (D)akhaan wich aave (Em)mainu
(Akhaan vicho aave mainu)
Main (Em)vekhya bada na oh (D)lakhaan vichon aave (Em)mainu
(Lakhaan vichon aave mainu)

[Chorus]
Jinna (Em)pyar pyar tere (Em)shakaan vichon aave mainu
Main (Em)vekhya bada na oh (D)lakhaan vichon aave (Em)mainu
Jehda (Em)nasha nasha teri (Em)akhaan vichon aave mainu
Main (Em)vekhya bada bada na oh (D)lakhaan vichon aave (Em)mainu

[Chorus]
Jinna (Em)pyar pyar tere (Em)shakaan vichon aave mainu
Main (Em)vekhya bada na oh (D)lakhaan vichon aave (Em)mainu
Jehda (Em)nasha nasha teri (Em)akhaan vichon aave mainu
Main (Em)vekhya bada bada na oh (D)lakhaan vichon aave (Em)mainu', 'Amar Jalal, Faridkot', 'Jehda Nasha', 2022, 'Capo: 4th Fret
Strumming : D Chuck D U Chuck', 'https://www.musicallytech.com/nasha-chords-by-amar-jalal-faridkot/', FALSE, '2022-12-17T10:05:45.212000+00:00', '2022-12-17T10:07:39.827000+00:00');
INSERT INTO public.note_tags (id, user_id, note_id, tag_id) VALUES ('dcae3296-68f1-4252-b805-2e64bd6ffd84', '3917b9a9-a856-4f33-a910-6ad73f9fa25b', '4bd887d6-c72a-4f9b-b768-cb5af1aa499a', 'f38a575b-3040-4496-8494-78d603e260b4');
INSERT INTO public.note_tags (id, user_id, note_id, tag_id) VALUES ('52a4df19-9307-4190-b7d0-76dd864a1362', '3917b9a9-a856-4f33-a910-6ad73f9fa25b', '4bd887d6-c72a-4f9b-b768-cb5af1aa499a', '94f83bf8-1cd6-44f7-9e77-dc2d9928b555');
INSERT INTO public.note_tags (id, user_id, note_id, tag_id) VALUES ('2adf2f88-3557-452d-8813-d36f7ab5eb72', '3917b9a9-a856-4f33-a910-6ad73f9fa25b', '4bd887d6-c72a-4f9b-b768-cb5af1aa499a', '26bec2c9-84b7-4e97-8246-28dd469f49cd');
INSERT INTO public.notes (id, user_id, title, content, artist, album, release_year, metadata, "references", isPinned, created_at, updated_at) VALUES ('0ef9df4b-1324-4df0-ac4e-102a0c68440c', '3917b9a9-a856-4f33-a910-6ad73f9fa25b', 'Main Haara - Emptiness', '(F)...(Am)...(A#)...(C)
(F)...(Am)...(A#)...(C)

(F)Main haara (Am)main haara
(A#)Jaise tuta (C)hua ho sitara
(F)Bus ansu (Am)bus ye anhe
(A#)Mere hisse main (C)hai dard sara
 
(F)Sapne (Am)ansu ban ke
Sab (A#)mere beh (C)gaye...
(F)Sare (Am)armaan mere
Dil (A#)main reh (C)gaye ho..

Tune mere (F)jaana, kabhi nahin (Am)jaana
(A#)Ishq mera, dard (C)mera...ho..
(F)Tune mere jaana, (Am)kabhi nahin jaana
(A#)Ishq mera, dard (C)mera (F)haaa

(F)...(Am)...(A#)...(C)
(F)...(Am)...(A#)...(C)

(F)Akele (Am)akele
(A#)maine ro ro ke (C)pal pal gujara
(F)Main tarsa (Am)haan main tarpa
(A#)Tune lekin (C)kabhi na pukara

(F)Gahri (Am)tanhai hai
Sath (A#)main kuch (C)nahi
(F)Baatein (Am)kar leta hu
Main (A#)teri khud (C)se hi ho..

Tune mere (F)jaana, kabhi nahin (Am)jaana
(A#)Ishq mera, dard (C)mera....hai
(F)Tune mere jaana, (Am)kabhi nahin jaana
(A#)Ishq mera, dard (C)mera

Aashiq (F)tera......(Am)
(A#)Bhid mein khoya (C)rehta hai
Jaane jaa(F)han.....(Am)
(A#)Pochho to itna (C)kehta hai

That I feel so (F)lonely(Am) yea....
(A#)There''s a better place than this..(C)emptiness
And i''m so (F)lonely(Am) yea....
(A#)There''s a better place than this..(C)emptiness, yeahea(F)eah!

(Am)...(A#)...(C)
(F)...(Am)...(A#)...(C)
(F)...(Am)...(A#)...(C)
(F)...(Am)...(A#)...(C)', 'Gajendra Verma', 'Emptiness', 2014, 'Strum - Dd Dd Dd D
Chords used : F, Am, A#, C', 'https://www.youtube.com/watch?v=Wthvl2jztTo
https://www.guitarchordworld.net/2011/11/main-haara-emptiness-1-gajendra-verma.html', FALSE, '2019-04-11T04:55:30.190000+00:00', '2019-04-11T04:57:04.284000+00:00');
INSERT INTO public.note_tags (id, user_id, note_id, tag_id) VALUES ('16e39b2e-cc3d-4b1c-b903-fdac1ea6683d', '3917b9a9-a856-4f33-a910-6ad73f9fa25b', '0ef9df4b-1324-4df0-ac4e-102a0c68440c', '94f83bf8-1cd6-44f7-9e77-dc2d9928b555');
INSERT INTO public.note_tags (id, user_id, note_id, tag_id) VALUES ('e5d6ff0b-3c96-49ab-84c4-3ff965404f1b', '3917b9a9-a856-4f33-a910-6ad73f9fa25b', '0ef9df4b-1324-4df0-ac4e-102a0c68440c', '26bec2c9-84b7-4e97-8246-28dd469f49cd');
INSERT INTO public.notes (id, user_id, title, content, artist, album, release_year, metadata, "references", isPinned, created_at, updated_at) VALUES ('cb55d91e-551f-4d69-b34a-22addaa69ec5', '3917b9a9-a856-4f33-a910-6ad73f9fa25b', 'Zara Zara (RHTDM)', 'Paste these notes in VS Code and play

```e|-----------------------------------------------------------------------------------------------------------------------------------------
```
b|---5/7--7--7---7h-8p7--------------------------------------------------7--7--7---7h-8p7--------------------------------------------------
g|-----------------------------9--9--9--7--6--6--7--9--7--6-----7--9--------------------------9--9--9--7--6--6--7--9---6h-7p6--------------
d|-----------------------------------------------------------9--------------------------------------------------------------------9--------

```e|-----------------------------------------------------------------------------------------------------------
```
b|--------------------------------------------10-12-14-12-10h12p10--8h10p8--7---7h-8p7---5h-7h8--------------
g|-----7--7--7--7--9--9--9--9--11-11-11-------------------------------------------------------------9--7--6--
d|--9--------------------------------------------------------------------------------------------------------

```e|-----------------------------------------------------------------------------------------------------------------
```
b|-----------------------------------------------------------------------------------------------------------------
g|--6--7--6--7--6--6--7--9--6--7--6--6--7--9--6--7--6--11\-9\11\7--6--7--6--7--6--6--7--9--6--7--6--6--7--9--6--7--

```e|--------------------------------------------------------------------------------------------------------------------------------------------
```
b|--------------------------------------------------------------------------------------------------------------------------------------------
g|--4--7--6---4h-6p4--------4--4--7--6--4--------6--4------------------------4/6-----------7--6--4--------6--4---------------------4/6--------
d|--------------------7--------------------7--7-----------7--5--5--7--5--4-----------9--9-----------7--7--------7--5--5--7--5--4-----------9--

```e|--------------------------------------------------------------------------------------------------------------
```
b|--------------------------------------------------------------------------------------------------------------
g|--4--7--9--11-9--11-9--11-9--11-7--6--6--9--9--11--9\7--7---6h-7p6--------9--9--9---9\6--6--9--11-12--9/11----
d|--------------------------------------------------------------------9--9--------------------------------------

```e|-----------------------------------------------------------------------------------------------------------------------------
```
b|-----------------------------12----------------------------------------------------------------------------------------------
g|-----7--9--11-9--11-9--11----------11p9---7h-9p7--6--6--9--9--11--9\7--7---6h-7p6--------9--9--9---9\6---6/12-11-9---9/11----
d|--9--------------------------------------------------------------------------------9--9--------------------------------------

```e|-----7--7--------9--9---------9/10-10-10-9---9\7---7\5---5/7---5/7-----7--7-----------------------------------------------------------
```
b|--7--------7--7--------7--7--------------------------------------------------7-----7--7--10-10p7---------7/8--8--7--------------------
g|--------------------------------------------------------------------------------------------------9--9-----------------9--7--6--7--6--

```e|-----------------------------------------------------------------------------------------------------------------
```
b|-----------------------------------------------------------------------------------------------------------------
g|--6--7--6--7--6--6--7--9--6--7--6--6--7--9--6--7--6--11\-9\11\7--6--7--6--7--6--6--7--9--6--7--6--6--7--9--6--7--

```e|--------------------------------------------------------------------------------------------------------------------------------------------
```
b|--------------------------------------------------------------------------------------------------------------------------------------------
g|--4--7--6---4h-6p4--------4--4--7--6--4--------6--4------------------------4/6-----------7--6--4--------6--4---------------------4/6--------
d|--------------------7--------------------7--7-----------7--5--5--7--5--4-----------9--9-----------7--7--------7--5--5--7--5--4-----------9--
















=======Old Version=========

Zara Zara Behekta Hain 
```E|----------------------------0-----------
B|--2--3-----2--3--3--2--3-----2--3-
```

Mehekta Hain 
```E|-----------0-----------
B|--3--2--3-----2--3-----
G|-----------------------
```

Aaj To Mera Tan Badan 
```E|-----------2--------------------
B|--2-----2-----3--2--3--2--3--
```

Main Pyaasi Hoon 
```E|-----------0-----------
B|--3--2--3-----2--3-----
```

Mujhe Bhar Le 
```E|-----------0-----------
B|--3--2--3-----2--3----
```

Apni Baahon Mein 
```E|-----------------------------
B|--0--3-----2--2-----
G|--------------------2--------
```

Hai Meri Kasam Tujhko Sanam 
```E|--------------------------------------
B|--0---0--3--2--------------2--0--------
G|----------------2---------2--------0-----
```

Door Kahin Na Jaa 
```E|-----------------------
B|--------------2--0-----
G|--0--2--0--------------
D|-----------4-----------
```

Yeh Doori Kehti Hain
```E|-----------------------------
B|--0--3--2---------2--0--------
G|-----------2----2--------0-----
```
 
Paas Mere Aaja Re
```E|--------------------------
B|--------------2--2--0-----
G|--0--2--0-----------------
D|-----------4--------------
```

Yuhi Baras Baras Kaali Ghata Barse 
```E|--------0--2-----0--2--0--2--0--2-----------
B|--0--3-----------------------------3--2--
```

Hum Yaar Bheeg Jaaye 
```E|--0--0--2-----------------------
B|-----------3--3--2--3--2--0--
```

Is Chaahat Ki Baarish Mein 
```E|-----0--0--0--0--------0--2--3--0--2-----
B|--0--------------2--2-------------------
```

Meri Khuyli Khuli Lato Ko Suljaaye  
```E|--------0--2-----0--2--0--2--2--5-------
B|--0--3-------------------------------3-----2---
```

Tu Apni Ungliyon Se 
```E|--0--0--0--2-----------------------
B|--------------3--3--2--3--2--0--
```

Main To Hoon Isi Khwaayish Mein 
```E|-----0--0--0--0--------0--2--3--0--2-----
B|--0--------------2--2--------------------
```

Sardi Ki Raaton Mein 
```E|--2--7--7--2-----2--9--9--2---
```

Hum Soye Rahe Ek Chaadar Mein 
```E|--2--10-10-10-9--7--5--5--7--5--7--
```

Hum Dono Tanha Ho
```E|--2--7--7--2-----2--2--5--5--0--0--
```

Na Koi Bhi Rahe Is Ghar Mein
```E|--0--3-----3--2--0--------------------
B|--------------------3--2--3--2--2----
```', 'Bombay Jayashri', 'Rehnaa Hai Terre Dil Mein', 2001, NULL, 'https://www.youtube.com/watch?v=yFEg2Z9irMs
https://youtu.be/6OJTLwPkH_s', FALSE, '2018-09-12T02:17:03.702000+00:00', '2020-12-31T05:37:50.523000+00:00');
INSERT INTO public.note_tags (id, user_id, note_id, tag_id) VALUES ('0f215f38-a8c8-4684-8733-c4bfdeeab337', '3917b9a9-a856-4f33-a910-6ad73f9fa25b', 'cb55d91e-551f-4d69-b34a-22addaa69ec5', 'ca29fa62-24fc-4ecb-808c-f795c7122529');
INSERT INTO public.note_tags (id, user_id, note_id, tag_id) VALUES ('a76ea25f-50de-466f-b7e4-a3e400912ede', '3917b9a9-a856-4f33-a910-6ad73f9fa25b', 'cb55d91e-551f-4d69-b34a-22addaa69ec5', '39d6ed04-fc5c-427e-9060-9041887f4d0e');
INSERT INTO public.note_tags (id, user_id, note_id, tag_id) VALUES ('c8d8eb0b-1681-46eb-87aa-917b9f19921d', '3917b9a9-a856-4f33-a910-6ad73f9fa25b', 'cb55d91e-551f-4d69-b34a-22addaa69ec5', '94f83bf8-1cd6-44f7-9e77-dc2d9928b555');
INSERT INTO public.note_tags (id, user_id, note_id, tag_id) VALUES ('39cad709-c22d-43df-a68e-678f90f11b9d', '3917b9a9-a856-4f33-a910-6ad73f9fa25b', 'cb55d91e-551f-4d69-b34a-22addaa69ec5', 'f6f1fa22-4ebb-4dfc-8a00-65f2e520dc91');
INSERT INTO public.note_tags (id, user_id, note_id, tag_id) VALUES ('35ee7a09-eaf1-4b99-9b0c-f70f830f8a80', '3917b9a9-a856-4f33-a910-6ad73f9fa25b', 'cb55d91e-551f-4d69-b34a-22addaa69ec5', '22c9085c-724b-4679-aa10-b79b72f9b0be');
INSERT INTO public.notes (id, user_id, title, content, artist, album, release_year, metadata, "references", isPinned, created_at, updated_at) VALUES ('35cda9cb-726c-46a1-b81b-d79be5af0c5f', '3917b9a9-a856-4f33-a910-6ad73f9fa25b', 'Mehraman - Love Aaj Kal', '```e | - 7h10p7- - -7h10p7 - - - 5h7p5- - - - - - - 
B | - - - - - - - - - - - - - - - - - - - - - - - - - - - 5/8- - 
```

===========FINGERSTYLE===============
[G]Chaahiye kisi [Cadd9]saaye me jagah
[Em]Chaha bahut baar [D]hai
Na [G]kahi kabhi [Cadd9]mera dil laga
[Em]Kaisa samajhdaar [D]hai

===========STRUMMING===============
[G]Main Na Pahuchun [Cadd9]kyun wahaan pe
[Em]Jaana chaahun [D]Main Jahan
[G]Main kahaan [Cadd9]kho gya
[Em]Aisa kya [D]ho gya

[G]Oh mehrama [Cadd9]kya mila
[Em]Yun juda [D]hoke bata
[G]Oh mehrama [Cadd9]kya mila
[Em]Yun juda [D]hoke bata

[G]Na khabar [Cadd9]apni rahi .......x2
[Em]Na raha [D]tera pata
[G]O meharma [Cadd9]kya mila
[Em]Yu juda [D]hoke bata

```e | - 7h10p7- - -7h10p7 - - - 5h7p5- - - - - - - 
B | - - - - - - - - - - - - - - - - - - - - - - - - - - - 5/8- - 
```

[G]Jo Shor Ka Hissa Hui
Wo [Cadd9]Aawaz Hu Logo Mein Hu
Par [G]Tanha Hu Main...[Cadd9]...
Haan [G]Tanha Hu Main

[G] Duniya Mujhe Mujh Se Juda hi [Cadd9]Karti Rahe
Bolu Magar Na [G]Baatein Karun...[Cadd9]...
Ye [G]Kya Hu Main..[D]....

[G]Sab Hai Lekin [Cadd9]Main Nahi Hu
[G]Wo Jo Thoda [Cadd9]Tha Kahi
Wo Ha[G]wa Ho Ga[Cadd9]ya
Kyun Kha[G]fa Ho Ga[Cadd9]ya

[G]Oh mehrama [Cadd9]kya mila
[Em]Yun juda [D]hoke bata
[G]Oh mehrama [Cadd9]kya mila
[Em]Yun juda [D]hoke bata

[G]Na khabar [Cadd9]apni rahi .......x2
[Em]Na raha [D]tera pata
[G]O meharma [Cadd9]kya mila
[Em]Yu juda [D]hoke bata', 'Darshan Raval, Antara Mitra', 'Love Aaj Kal', 2020, 'Strumming  :   D U Chuck  D       D  Chuck  D
Chords used : G, C, Em, D', 'https://www.youtube.com/watch?v=57ulJwWzz-s', FALSE, '2020-03-06T15:45:33.508000+00:00', '2020-03-06T16:19:07.823000+00:00');
INSERT INTO public.note_tags (id, user_id, note_id, tag_id) VALUES ('763470ae-ba9a-4a25-a794-c5f2f0eba73e', '3917b9a9-a856-4f33-a910-6ad73f9fa25b', '35cda9cb-726c-46a1-b81b-d79be5af0c5f', '39d6ed04-fc5c-427e-9060-9041887f4d0e');
INSERT INTO public.note_tags (id, user_id, note_id, tag_id) VALUES ('a81f2729-cb90-4566-bbaf-65afe5f5885c', '3917b9a9-a856-4f33-a910-6ad73f9fa25b', '35cda9cb-726c-46a1-b81b-d79be5af0c5f', '94f83bf8-1cd6-44f7-9e77-dc2d9928b555');
INSERT INTO public.note_tags (id, user_id, note_id, tag_id) VALUES ('48d039ef-80c6-430f-b5ea-f0ce13a76f0d', '3917b9a9-a856-4f33-a910-6ad73f9fa25b', '35cda9cb-726c-46a1-b81b-d79be5af0c5f', '26bec2c9-84b7-4e97-8246-28dd469f49cd');
INSERT INTO public.notes (id, user_id, title, content, artist, album, release_year, metadata, "references", isPinned, created_at, updated_at) VALUES ('5b09fe6f-4fcc-4700-bc44-c82c2115f190', '3917b9a9-a856-4f33-a910-6ad73f9fa25b', 'Sandese aate hain', '```E |-9-10-14-12--10-9-7-9-12-10----------9----------
B |-----------------10-12--------9-7-12-10--
G |---------------------------------
```
Hoho…Hoho…Hoho…Hoho…oooo

```E |------9-7-9------
B |-------------
G |-9-9-9-----------
```
Sandese Aate Hain

```E |------9-7-9------
B |-------------
G |-9-9-9-----------
```
Humein Tadpaate Hain

```E |------9-7-9------
B |-------------
G |-9-9-9-----------
```
To Chitthi Aati Hai

```E |------9-7-9------
B |-------------
G |-9-9-9-----------
```
To Poochh Jaati Hai

```E |---------------
B |-10-9-------9------
G |----11-9-11----11----
```
Ke Ghar Kab Aaoge

```E |---------------
B |-10-9-------9------
G |----11-9-11----11----
```
Likho Kab Aaoge

```E |---------9-9-----9-9-----12-10-9-
B |-12-12-12--12-----12----12--------
G |----------------------------
```
Ki Tum Bin Ye Ghar Soona Soona Hai
.
.
.
```E |---------9------
B |--9-10-9-10------12---
G |-11--------------
```
Kisi Dilwaali Ne

```E |---------9------
B |--9-10-9-10------12---
G |-11--------------
```
Kisi Matwaali Ne

```E |----------9------
B |---10-9-10------12---
G |-9-11--------------
```
Humein Khat Likkha Hai

```E |---------------
B |-9-12-10-9-12-9---------
G |---------------
```
Ki Humse Poochha Hai

```E |-9-10-9-------10-10-9--
B |------12-12-------
G |--------------
```
Kisi Ki Saason Ne

```E |-9-10-9-------10-10-9--
B |-----12-12--------
G |--------------
```
Kisi Ki Dhadkan Ne

```E |-9-10-9------10-10-9----
B |-----12-12--------
G |--------------
```
Kisi Ki Choodi Ne

```E |-9---9-9----------
B |--12------12-10-------
G |-----------------
```
Kisi Ke Kangan Ne

```E |------9-7-9------
B |-------------
G |-9-9-9-----------
```
Kisi Ke Kajre Ne

```E |------9-7-9------
B |-------------
G |-9-9-9-----------
```
Kisi Ke Gajre Ne

```E |------9-7-9------
B |-------------
G |-9-9-9-----------
```
Mahekti Subahon Ne

```E |------9-7-9------
B |-------------
G |-9-9-9-----------
```
Machalti Shaamon Ne

```E |---------------
B |-10-9-------9------
G |----11-9-11----11----
```
Akeli Raaton Ne

```E |---------------
B |-10-9-------9------
G |----11-9-11----11----
```
Adhoori Baaton Ne

```E |---------------
B |-10-9-------9------
G |----11-9-11----11----
```
Tarasti Baahon Ne

```E |---------9-9---------9-9--------12-10-9---
B |-12-12-12-12------12-12---------12----------
G |---------------------------------
```
Aur Pooccha Hai Tarsi Nighahon Ne

```E |---------------
B |-10-9-------9------
G |----11-9-11----11----
```
Ke Ghar Kab Aaoge

```E |---------------
B |-10-9-------9------
G |----11-9-11----11----
```
Likho Kab Aaoge

```E |---------9-9---------9-9--------12-10-9---
B |-12-12-12-12------12-12---------12----------
G |---------------------------------
```
Ki Tum Bin Ye Ghar Soona Soona Hai.

.



Sandese Aate Hain

Humein Tadpate Hain

To Chitthi Aati Hai

To Pooche Jaati Hai

Ke Ghar Kab Aaoge

Ke Ghar Kab Aaoge

Likho Kab Aaoge

Ki Tum Bin Ye Ghar Soona Soona Hai



Mohabbat Walon Ne Hamare Yaaron Ne

Humein Ye Likkha Hai Ke Humse Poochha Hai

Hamare Gaaon Ne Aam Ki Chaaon Ne

Puraane Peepal Ne Baraste Baadal Ne

Khet Khaliayaanon Ne Hare Maidaanon Ne

Basanti Belon Ne Jhoomti Belon Ne

Lachakte Jhulon Ne Behekte Phoolon Ne

Chatakti Kaliyon Ne

Aur Poochha Hain Gaaon Ki Galiyon Ne



Ke Ghar Kab Aaoge

Ke Ghar Kab Aaoge

Likho Kab Aaoge

Ki Tum Bin Gaaon Soona Soona Hai



Sandese Aate Hain

Humein Tadpate Hain

To Chitthi Aati Hai

To Pooche Jaati Hai

Ke Ghar Kab Aaoge

Ke Ghar Kab Aaoge

Likho Kab Aaoge

Ki Tum Bin Ye Ghar Soona Soona Hai

Ohh Ohhhh Ohhh …



Kabhi Ek Mamta Ki

Pyaar Ki Ganga Ki

Vo Chitthi Aati Hai

Saath Vo Laati Hai

Mere Din Bachpan Ke

Khel Vo Aangan Ke

Vo Saaya Aanchal Ka

Vo Teeka Kaajal Ka

Vo Lori Raaton Mein Vo Narmi Haathon Mein

Vo Chaahat Aankhon Mein Vo Chinta Baaton Mein

Bigadna Oopar Se Mohabbat Andar Se

Kare Vo Devi Maa

Yahin Har Khat Mein Poochhe Meri Maa



Ke Ghar Kab Aaoge

Ke Ghar Kab Aaoge

Likho Kab Aaoge

Ki Tum Bin Aangan Soona Soona Hai



Sandese Aate Hain

Humein Tadpate Hain

To Chitthi Aati Hai

To Pooche Jaati Hai

Ke Ghar Kab Aaoge

Ke Ghar Kab Aaoge

Likho Kab Aaoge

Ki Tum Bin Ye Ghar Soona Soona Hai



Ohohho..

Ay Guzarne Waali Hava Bata

Mera Itna Kaam Karegi Kya

Mere Gaanv Ja Mere Doston Mo Salaam De



Meri Gaanv Mein Hai Jo Vo Gali

Jahaan Rehti Hai Meri Dilruba

Usay Mere Pyaar Ka Jaam De

Usay Mere Pyaar Ka Jaam De

Vahin Thodi Door Hai Ghar Mera

Mera Ghar Mein Hai Meri Boodhi Maa

Mere Maa Ke Pairon Ko Chhooke

Usay Uske Beta Ka Naam De

Ay Guzarne Waali Hava Zara

Mere Doston Meri Dilruba

Meri Maa Ko Mera Paiyam De

Unhe Jaake Ty Ye Paigam De



Main Vaapas Aaoonga

Main Vaapas Aaoonga

Phir Apne Gaaon Mein

Usiki Chaaon Mein

Ki Maa Ke Aanchal Se

Gaanv Ke Peepal Se

Kisike Kaajal Se

Kiya Jo Vaada Tha Vo Nibhaoonga

Main Ek Din Aaoonga

Main Ek Din Aaoonga

Main Ek Din Aaoonga

Main Ek Din Aaoonga

Main Ek Din Aaoonga

Main Ek Din Aaoonga

Main Ek Din Aaoonga

Main Ek Din Aaoonga', 'Sonu Nigam, Roop Kumar Rathod', 'Border', 1997, NULL, NULL, FALSE, '2017-11-03T15:35:54.967000+00:00', '2018-01-04T14:29:55.178000+00:00');
INSERT INTO public.note_tags (id, user_id, note_id, tag_id) VALUES ('a61e2f41-2588-4f58-af8d-52f81cd6a9ca', '3917b9a9-a856-4f33-a910-6ad73f9fa25b', '5b09fe6f-4fcc-4700-bc44-c82c2115f190', 'ae6a7dff-8c54-4846-bf93-deb177ecbb68');
INSERT INTO public.note_tags (id, user_id, note_id, tag_id) VALUES ('cdeb5018-9909-44e8-bc7b-fd68bf6aa699', '3917b9a9-a856-4f33-a910-6ad73f9fa25b', '5b09fe6f-4fcc-4700-bc44-c82c2115f190', '22c9085c-724b-4679-aa10-b79b72f9b0be');
INSERT INTO public.note_tags (id, user_id, note_id, tag_id) VALUES ('c843bdff-613e-4044-be29-459ad576fa93', '3917b9a9-a856-4f33-a910-6ad73f9fa25b', '5b09fe6f-4fcc-4700-bc44-c82c2115f190', 'f22d1b82-b224-4a44-a581-b5c25015af54');
INSERT INTO public.notes (id, user_id, title, content, artist, album, release_year, metadata, "references", isPinned, created_at, updated_at) VALUES ('689bdd9e-6ff8-45d1-b967-96961db7ed3c', '3917b9a9-a856-4f33-a910-6ad73f9fa25b', 'Dil Diyan Gallan', '```E |-------------------
B |---7-7-7---8-8-8---7-7-----
G |-7-9----9----9-----7-9--
```
Kacchi doriyon, doriyon, doriyon se

```E |----------
B |-7---------
G |-9-7---7-9-7---
D |----9------
```
Mainu tu baandh le

```E |-------------------
B |---7-7-7---8-8-8---7-7----
G |-7-9----9----9-----7-9--
```
Pakki yaariyon, yaariyon, yaariyon mein

```E |----------
B |-7---------
G |-9-7---7-9-7---
D |----9------
```
Honde na faasley

```E |---7-7-7---9-9-9-7--------
B |-7-8----10-------10-8-8-10-7--
```
Eh naraazgi kaagzi saari teri

```E |---7-7-7---9-9-9-7--------
B |-7-8----10-------10-8-7p5---
```
Mere sohneya sunn le meri

```E |-------
B |-7--7-8-10--
G |-9------
```
Dil diyan gallan

```E |----10-7-7-7-10-7--------
B |-7-7-8-----------10-8--
```
Karaange naal naal beh ke

```E |-9-9-9------7----7----
B |---8-8-8-10----10---10---
```
Akh naal akh nu milaa ke

```E |-------
B |-7--7-8-10--
G |-9------
```
Dil diyan gallan haaye…

```E |----10-7-7-7-10-7--------
B |-7-7-8-----------10-8--
```
Karaange roz roz beh ke

```E |-9-9-9------7----7----
B |---8-8-8-10----10---10---
```
Sacchiyan mohabbataan nibha ke

```E |----7---14-12p10-
B |-10-10--10------
```
Sataaye mainu kyun

```E |----7---14-12p10-
B |-10-10--10------
```
Dikhaaye mainu kyun

```E |-10-12-15-15-14-10-12-12-10-9-5-7-5--
```
Aiven jhuthi mutthi russ ke rusaake

```E |-------
B |-7--7-8-10--
G |-9------
```
Dil diyan gallan haye

```E |----10-7-7-7-10-7--------
B |-7-7-8-----------10-8--
```
Karaange naal naal beh ke

```E |-9-9-9------7----7----
B |---8-8-8-10----10---10---
```
Akh naal akh nu milaa ke', 'Atif Aslam', 'Tiger Zinda Hai', 2017, NULL, 'http://msworldsite.com/dil-diyan-gallan-guitar-tabs-lead-tiger-zinda-hai-atif-aslam/', FALSE, '2018-07-29T13:54:50.564000+00:00', '2018-10-01T16:27:28.115000+00:00');
INSERT INTO public.note_tags (id, user_id, note_id, tag_id) VALUES ('1374fd0b-1d0b-4a46-8ba3-e565de8ecdd1', '3917b9a9-a856-4f33-a910-6ad73f9fa25b', '689bdd9e-6ff8-45d1-b967-96961db7ed3c', '94f83bf8-1cd6-44f7-9e77-dc2d9928b555');
INSERT INTO public.note_tags (id, user_id, note_id, tag_id) VALUES ('2210e44d-d8f9-4c57-b2c3-85a61c023e78', '3917b9a9-a856-4f33-a910-6ad73f9fa25b', '689bdd9e-6ff8-45d1-b967-96961db7ed3c', '22c9085c-724b-4679-aa10-b79b72f9b0be');
INSERT INTO public.notes (id, user_id, title, content, artist, album, release_year, metadata, "references", isPinned, created_at, updated_at) VALUES ('47529b89-dbc9-41fd-8d98-e420700d7fc5', '3917b9a9-a856-4f33-a910-6ad73f9fa25b', 'Humnava Mere | Jubin Nautiyal', '```e | - - - - - - - - - - - - - - - - - - - 
B | - - - - - - - - - - - - - - 8 - - - - - 
G | - 10 - 8-10-8 - 10---10 - - -
```

```e | - - - - - - - - - - - - - - - - - - - - - - - - - - - 
B | - - - - - 8-9-11- - 8- - - -8- - - -8-9-8 - 
G | - 8-10-- -  - - - - - - 10- - -10 - - - - - - -
```

```e | - - - - - - - - - -8-8 - - - - - - - - - - - - - - - - - - - - - - 
B | -  - - 8-9-11- - - - - -11-9- - -9-8 - 9-8- - - - - - - - -
G | - 10-- -  - - - - - - - - - - - - -  - - - - - - - - - 10-8-10-
```

```e | - - - - - - - - -8-    - - - - - - - - - - - - - - - - - - - - 
B | - - - -8-9-11- --    - - 11-9-8- - - - - - - - - - - - - - - - - - - 
G | - 10-- - - - - - --   - - - - - - - - 10/12- 8- - - - - - - - - - - - 
```

```e | - - - - - - - - - - - - - - - - - - - - - - - - - - - - - 
B | - - - - - - - - - - - - - - - - - - - - - - - - - - - - - 
G | - - - - - - - - - - - - - - - - - - - - - - - - - - - - - 
```

```e | - - - - - - - - - - - - - - - - - - - - - - - - - - - - - 
B | - - - - - - - - - - - - - - - - - - - - - - - - - - - - -
G | - - - - - - - - - - - - - - - - - - - - - - - - - - - - - 
```', 'Jubin Nautiyal', 'Humnava Mere', 2018, NULL, NULL, FALSE, '2018-06-03T15:22:04.926000+00:00', '2019-04-14T09:08:59.417000+00:00');
INSERT INTO public.note_tags (id, user_id, note_id, tag_id) VALUES ('96214a7b-0767-4036-9e38-92b4c08ce0d2', '3917b9a9-a856-4f33-a910-6ad73f9fa25b', '47529b89-dbc9-41fd-8d98-e420700d7fc5', 'ca29fa62-24fc-4ecb-808c-f795c7122529');
INSERT INTO public.note_tags (id, user_id, note_id, tag_id) VALUES ('129dc593-c5c4-4f67-bf25-fd05f3fffe15', '3917b9a9-a856-4f33-a910-6ad73f9fa25b', '47529b89-dbc9-41fd-8d98-e420700d7fc5', '94f83bf8-1cd6-44f7-9e77-dc2d9928b555');
INSERT INTO public.note_tags (id, user_id, note_id, tag_id) VALUES ('d37fcc1c-2ec8-4f7a-876b-07f12f28d4b9', '3917b9a9-a856-4f33-a910-6ad73f9fa25b', '47529b89-dbc9-41fd-8d98-e420700d7fc5', '22c9085c-724b-4679-aa10-b79b72f9b0be');
INSERT INTO public.notes (id, user_id, title, content, artist, album, release_year, metadata, "references", isPinned, created_at, updated_at) VALUES ('b3271d4e-82ef-435b-b916-145e8fad8364', '3917b9a9-a856-4f33-a910-6ad73f9fa25b', 'Roke Na Ruke Naina', '```E |-9-9-10-9--------9-----
B |------12-10-10-10------
G |-----------------
```
Tu jo nazron ke saamne

```E |-10-9--------
B |----12-10-10--
G |------------
```
Kal hoga nahi

```E |-9-9-10-9--------
B |------12-10-10--
G |-----------
```
Tujhko dekhe bin main

```E |------12- - -10-10-9--------
B |-10-12-12----------12-10-10--
G |-----------------
```
Mar na jaaun kahin (x2)

```E |-12-12-12-14-12-10-9----------
B |--------------12-12--
G |-------------------
```
Tujhko bhool jaaun kaise

```E |-12-12-12-14-12-10-9----------
B |--------------12-12--
G |-------------------
```
Maane na, manaaun kaise?

```E |-10-9---------
B |----12-10-12---
G |-----------
```
Tu bata…

```E |--9-----------------
B |-10--12-10-9-------12-10-10--
G |-----------11-------
D |-------------------
```
Roke na ruke naina

```E |------9----------------------
B |-10-10-10---12-10-9---------12-10-10---9-10-12--
G |----------------11----------
D |----------------------------
```
Teri ore hai inhe toh rehna

```E |--9-----------------
B |-10--12-10-9-------12-10-10--
G |-----------11-------
D |-------------------
```
Roke na ruke naina…', 'Arijit Singh', 'Badrinath Ki Dulhania', 2017, NULL, 'http://msworldsite.com/roke-na-ruke-naina-guitar-tabs-lead-arijit-singh-badrinath-ki-dulhania/', FALSE, '2018-09-20T14:45:19.672000+00:00', '2019-04-13T06:48:48.933000+00:00');
INSERT INTO public.note_tags (id, user_id, note_id, tag_id) VALUES ('b2ea9af3-1e0a-4fd6-9d97-453f8eeadf40', '3917b9a9-a856-4f33-a910-6ad73f9fa25b', 'b3271d4e-82ef-435b-b916-145e8fad8364', '94f83bf8-1cd6-44f7-9e77-dc2d9928b555');
INSERT INTO public.note_tags (id, user_id, note_id, tag_id) VALUES ('f61c1811-c8cf-4ecd-a655-9900b5aba3a9', '3917b9a9-a856-4f33-a910-6ad73f9fa25b', 'b3271d4e-82ef-435b-b916-145e8fad8364', '22c9085c-724b-4679-aa10-b79b72f9b0be');
INSERT INTO public.notes (id, user_id, title, content, artist, album, release_year, metadata, "references", isPinned, created_at, updated_at) VALUES ('fa6ad70c-cd84-4ef1-a8e4-e0ccf85fa112', '3917b9a9-a856-4f33-a910-6ad73f9fa25b', 'Game Of Thrones', '8 10 12 5        ×4 times

9 10 12 5        ×3 times

9 10 12

5

12 5 8 10 12 5

8 10 7

10 3 8 7 10 3 

8 7 5 

12 5 8

10 12 5

8 10 7

10 3 8 7 10 7 3 5

17                    ×8 times

15                    ×4 times

5 5 5 5 5 5 12 12 12 13 13 13', 'Ramin Djawadi', 'Game of Thrones (Music from the HBO Series)', 2011, NULL, NULL, FALSE, '2017-10-06T03:05:56.801000+00:00', '2020-04-11T07:58:06.969000+00:00');
INSERT INTO public.note_tags (id, user_id, note_id, tag_id) VALUES ('c44c8219-4ee7-4950-b8e2-89ae6dbd1674', '3917b9a9-a856-4f33-a910-6ad73f9fa25b', 'fa6ad70c-cd84-4ef1-a8e4-e0ccf85fa112', '484fde0b-53ea-4d62-82d9-dff38182c04c');
INSERT INTO public.note_tags (id, user_id, note_id, tag_id) VALUES ('2d518d38-99fc-4b51-9222-196fd775291d', '3917b9a9-a856-4f33-a910-6ad73f9fa25b', 'fa6ad70c-cd84-4ef1-a8e4-e0ccf85fa112', '22c9085c-724b-4679-aa10-b79b72f9b0be');
INSERT INTO public.note_tags (id, user_id, note_id, tag_id) VALUES ('2a269900-96d4-4273-9b36-8b77f5ba5b43', '3917b9a9-a856-4f33-a910-6ad73f9fa25b', 'fa6ad70c-cd84-4ef1-a8e4-e0ccf85fa112', 'eebbc269-be1f-43e9-a641-4b2e91a39ff4');
INSERT INTO public.notes (id, user_id, title, content, artist, album, release_year, metadata, "references", isPinned, created_at, updated_at) VALUES ('00bc2a02-7c02-43c8-a236-e9eff23add16', '3917b9a9-a856-4f33-a910-6ad73f9fa25b', 'Ae Mere.. Humsafar, Ek Tera Intezaar', 'Ae Mere.... Humsafar
```e | 8-7-5----8-7-5
```

Ek Tera Intezaar
```e | 8-8-8-12-10-8-8-7-7
```

Sun Sadaayein
```e | 3-3-7-5-3
```

De Rahi Hain
```e | 3-3-7-5-3
```

Manzil Yaar Ki
```e | 0-8-7-5-5
```', 'Udit Narayan, Alka Yagnik', 'Qayamat Se Qayamat Tak', 1988, 'Better tabs at
http://www.desistring.com/ae-mere-humsafar-tab   (attached img)', 'https://www.youtube.com/watch?v=6ykaLHO1COI', FALSE, '2017-10-07T06:51:59.086000+00:00', '2018-09-30T15:23:50.460000+00:00');
INSERT INTO public.note_tags (id, user_id, note_id, tag_id) VALUES ('ab154079-61d0-41e6-b6a0-dcf1635ed25f', '3917b9a9-a856-4f33-a910-6ad73f9fa25b', '00bc2a02-7c02-43c8-a236-e9eff23add16', 'ca29fa62-24fc-4ecb-808c-f795c7122529');
INSERT INTO public.note_tags (id, user_id, note_id, tag_id) VALUES ('77aa7c85-f508-4958-8a39-58e53a8df3a8', '3917b9a9-a856-4f33-a910-6ad73f9fa25b', '00bc2a02-7c02-43c8-a236-e9eff23add16', '94f83bf8-1cd6-44f7-9e77-dc2d9928b555');
INSERT INTO public.note_tags (id, user_id, note_id, tag_id) VALUES ('ce244e2d-e4b3-4a14-ac5a-26d21327a2e7', '3917b9a9-a856-4f33-a910-6ad73f9fa25b', '00bc2a02-7c02-43c8-a236-e9eff23add16', '484fde0b-53ea-4d62-82d9-dff38182c04c');
INSERT INTO public.note_tags (id, user_id, note_id, tag_id) VALUES ('7f887831-c2d7-4396-905f-44518d3f14e8', '3917b9a9-a856-4f33-a910-6ad73f9fa25b', '00bc2a02-7c02-43c8-a236-e9eff23add16', '22c9085c-724b-4679-aa10-b79b72f9b0be');
INSERT INTO public.notes (id, user_id, title, content, artist, album, release_year, metadata, "references", isPinned, created_at, updated_at) VALUES ('e2cbac11-3505-4d7b-9f51-9ec7ec13f110', '3917b9a9-a856-4f33-a910-6ad73f9fa25b', 'Zehnaseeb', 'Zehnaseeb
```e|------------10--9h10-----|
B|--10-12-------------------|
```

Zehnaseeb
```e|--------------------------|
B|--10-12--13---12--------|
```

Tujhe chahun betahasha
```e|--------------------------------------------|
B|-12-12--13-13--10------------------------|
G|------------------------12--9---7/5------|
```

Zehnaseeb
```e|----------------------|
B|--------8----7-------|
G|--7------------------|
```

Mere kareeb
Mere habeeb
Tujhe chahun betahasha
Zehnaseeb

Tere sang beete har lamhe pe
```e|--------------------------------------------|
B|-10-10-10/12--8-10--10-10/12--8-10----|
```

Humko naaz hai
```e|----------------------|
B|--8--------8-8-8----|
G|------9--------------|
```

Tere sang jo na beete us pe
```e|--------------------------------------------|
B|-10-10-10/12--8-10--10-10/12--8-10----|
```

Aitraaz hai
```e|---------------------|
B|--8--------8-8-8---|
G|------9-------------|
```

Is kadar hum dono ka milna
```e|---------------------------------------------|
B|-12-12-12/13--10-12-12-12/13---10-12--|
```

Ek raaz hai
```e|---------------------|
B|-12--10--9-9-9----|
```

Hua ameer
```e|------------10--9h10-----|
B|--10-12-------------------|
```

Dil gareeb
```e|--------------------------|
B|--10-12--13---12--------|
```

Tujhe chahun betahasha
```e|--------------------------------------------|
B|-12-12--13-13--10------------------------|
G|------------------------12--9---7/5------|
```

Zehnaseeb
```e|----------------------|
B|--------8----7-------|
G|--7------------------|
```', 'Chinmayi, Shekhar Ravjiani', 'Hasee Toh Phasee', 2014, NULL, NULL, FALSE, '2017-12-18T17:09:26.271000+00:00', '2018-02-04T01:05:44.921000+00:00');
INSERT INTO public.note_tags (id, user_id, note_id, tag_id) VALUES ('f8ccdac7-2cc6-4012-802e-c486f41bb344', '3917b9a9-a856-4f33-a910-6ad73f9fa25b', 'e2cbac11-3505-4d7b-9f51-9ec7ec13f110', '94f83bf8-1cd6-44f7-9e77-dc2d9928b555');
INSERT INTO public.note_tags (id, user_id, note_id, tag_id) VALUES ('8f68cf20-8fb3-4887-b5f4-f332d46428eb', '3917b9a9-a856-4f33-a910-6ad73f9fa25b', 'e2cbac11-3505-4d7b-9f51-9ec7ec13f110', '22c9085c-724b-4679-aa10-b79b72f9b0be');
INSERT INTO public.notes (id, user_id, title, content, artist, album, release_year, metadata, "references", isPinned, created_at, updated_at) VALUES ('6f5bded7-c6ef-49da-8f88-330e9efd030d', '3917b9a9-a856-4f33-a910-6ad73f9fa25b', 'Ye Hai Game Of Thrones Ki Kahani', 'Am   Am   Am   Am
A      A       A      A

(Am)Yeh (Am)hai
(Am)game of thrones (Am)ki ka(Em)haani…(Em) (Em) (Em)
Ai(G)yaash (G)raja,
pi(G)shaco ki (G)adbhut Ka(Am)haani…(Am) (Am) (Am)

(Am)Yeh (Am)hai
(Am)game of thrones (Am)ki ka(Em)haani…(Em) (Em) (Em)
hmm hmm hmm hmm hmm hmm hmm hmm
Ai(G)yaash (G)raja,
pi(G)shaco ki (G)adbhut Ka(Am)haani…(Am) (Am) (Am)
hmm hmm hmm hmm hmm hmm hmm hmm

(F)Kaun(F)  kiski (C)ammi(C), uske (Dm)bachchon ke kitne (Dm)baap..(Am)
Yeh ka(Am)haani (F)hai ya (F)koi…(F).. abhi(G)shaap…(Am) (Am) (Am)
lalala lalala lalala

Ned (Am)stark (Am)ko 
(Am)raja ka (Am)haath ba(Em)naya…(Em) (Em) (Em)
lalala lalala lalala
Ek shad(G)yantra mein 
fa(G)sa ke (G)gardan ud(Am)vaya…(Am) (Am) (Am)
hahaha hahaha hahaha

(F)Abla(F) hogyi (C)Sansa(C), Arya (Dm)bane(Dm)gi as(Am)sassin..(Am)
Shaa(F)di mein (F)mar gaye (F)Catelyn
(G)Rob aur uski (Am)biwi,uska (Am)bachcha, paltu (Am)bhediya aur (Am)baarati

(Am)Yeh (Am)hai
(Am)game of thrones (Am)ki ka(Em)haani…(Em) (Em) (Em)
(G)Jon (G)aya (G)wapis, 
(G)jaise Mihir (Am)Virani…(Am) (Am) (Am)
Rishton ke bhi roop badalte

(Am)Cersei (Am)nikli 
(Am)apne hi (Am)bhaiya ki dee(Em)wani…(Em) (Em) (Em)
puppy shame shame puppy shame shame

(G)Sheela se (G)lambi, (G)Red wo(G)man ki ja(Am)wani…(Am) (Am) (Am)
wah wah wah wah wah wah wah wah

(F)Chhe  (F)season (C)se (C) keh ra(Dm)he hain(Dm), aayegi (Am)thand (Am)
aur (F)Westeros me (F)Ramsay ne (F)Greyjoy ka (G)kaat daala
lala lalala lalala lalala

(Am)Yeh (Am)hai
(Am)game of thrones (Am)ki ka(Em)haani…(Em) (Em) (Em)
hahaha hahaha hahaha
(G)Dragons ki (G)agni, 
(G)walkers ki (G)breathe bar(Am)faani…(Am) (Am) (Am)
They are zombies, They are frozen, That is different

(Am)Yeh (Am)hai 
(Am)Martin (Am)Bhaiya ki ka(Em)haani…(Em) (Em) (Em)
Cha(G)heete cha(G)racters ko (G)jaan se (G)maarne ki (Am)thaani…(Am) (Am) (Am)', 'Vaibhav Bundhoo', 'Single', 2017, 'Capo on 3
D DUDU
Chords used : Am, Em, G, F', 'https://youtu.be/F6SxzmEOHMI', FALSE, '2019-01-10T16:22:21.832000+00:00', '2019-01-13T10:51:20.051000+00:00');
INSERT INTO public.note_tags (id, user_id, note_id, tag_id) VALUES ('d0ae4e46-3b06-423f-8005-abbf119f2625', '3917b9a9-a856-4f33-a910-6ad73f9fa25b', '6f5bded7-c6ef-49da-8f88-330e9efd030d', '94f83bf8-1cd6-44f7-9e77-dc2d9928b555');
INSERT INTO public.note_tags (id, user_id, note_id, tag_id) VALUES ('391ef754-0d7f-4526-b4af-d167e825d0b8', '3917b9a9-a856-4f33-a910-6ad73f9fa25b', '6f5bded7-c6ef-49da-8f88-330e9efd030d', '26bec2c9-84b7-4e97-8246-28dd469f49cd');
INSERT INTO public.note_tags (id, user_id, note_id, tag_id) VALUES ('9664c25e-5ce2-49da-9594-dd381ce9b834', '3917b9a9-a856-4f33-a910-6ad73f9fa25b', '6f5bded7-c6ef-49da-8f88-330e9efd030d', 'eebbc269-be1f-43e9-a641-4b2e91a39ff4');
INSERT INTO public.notes (id, user_id, title, content, artist, album, release_year, metadata, "references", isPinned, created_at, updated_at) VALUES ('95620da3-cd4a-4384-9020-ba3afd78b6b1', '3917b9a9-a856-4f33-a910-6ad73f9fa25b', 'Ruk Ja O Dil Deewane - DDLJ', 'Dekhe woh idhar hans ke bekhabar
```E|---8/10--8h10p8--------------------10--8h10p8--------------------
B|--------------------11----11-11-------------------11----11-11----
```

Thaam ke dil hum khade hain
```E|-----------------8-----8--8--8--10-11----10-11/13-10-
B|--11/13-9--9--11-------------------------------------
G|-----------------------------------------------------
```

Ghumsum si nazar uski hai magar
```E|--10-10h11p10-8-----10--8h10p8--------------------10--8h10p8--------------------
B|-----------------------------------11----11-11-------------------11----11-11----
```

Hothon pe shikve bade hain
```E|-----------------8--8-----8--8--10-11----10-11/13-10----
B|--11/13-9--9--11----------------------------------------
```

Baat ban jaaye to
```E|--10-10h11p10-------13-13----13-11-11-13-13----
B|--------------13-13----------------------------
```

main baat chhedun zara
```E|-----8--10-11-10-8--8-----8---8h10p8--6-----
B|--9-----------------------------------------
```

Ruk ja o dil deewane
```E|--6-----6------8/10-8--6---6/8--4-----6---6h-8p6--4-----
B|--------------------------------------------------------
```

Poochhun to main zara
```E|---4/6--6-----6---8/10-8--6--6-----
B|-----------------------------------
```

ladki hai ya hai jadoo
```E|--4------4/6--6------8/10-8--6---6/8--4-----6---6h-8p6--4--
B|----------------------------------------------------- 
```

Kushbu hai ya nasha
```E|---4/6--6-----6---8/11-8--6--6--
B|----------------------------------------------------- 
```', 'Udit Narayan', 'Dilwale Dulhania Le Jayenge', 1995, NULL, 'https://www.youtube.com/watch?v=0e12Bp_Pvyc', FALSE, '2019-07-24T02:32:08.806000+00:00', '2019-07-24T02:32:28.693000+00:00');
INSERT INTO public.note_tags (id, user_id, note_id, tag_id) VALUES ('56363c6b-cefa-4d97-9e44-1b04a8cc76b4', '3917b9a9-a856-4f33-a910-6ad73f9fa25b', '95620da3-cd4a-4384-9020-ba3afd78b6b1', 'ca29fa62-24fc-4ecb-808c-f795c7122529');
INSERT INTO public.note_tags (id, user_id, note_id, tag_id) VALUES ('a08b2ad1-40b0-4aad-914d-6240b77deace', '3917b9a9-a856-4f33-a910-6ad73f9fa25b', '95620da3-cd4a-4384-9020-ba3afd78b6b1', '22c9085c-724b-4679-aa10-b79b72f9b0be');
INSERT INTO public.note_tags (id, user_id, note_id, tag_id) VALUES ('36b8adb4-d008-4628-beb6-e5f43cc5d3e5', '3917b9a9-a856-4f33-a910-6ad73f9fa25b', '95620da3-cd4a-4384-9020-ba3afd78b6b1', 'f22d1b82-b224-4a44-a581-b5c25015af54');
INSERT INTO public.notes (id, user_id, title, content, artist, album, release_year, metadata, "references", isPinned, created_at, updated_at) VALUES ('ef38625a-06f4-466a-aa51-915d2226cdf5', '3917b9a9-a856-4f33-a910-6ad73f9fa25b', 'Chand Chupa Badal Mein', 'Chaand Chhupa Baadal Mein
e-----------------------------------------------------
B-----------------------------------------------------
G-7------77-----------------------------------------|
D-----4--------4--5-4-------------------------------|
A--------------------------7-------------------------|
Sharma Ke Meri Jana
e-----------------------------------------------------
B-----------------------------------------------------
G-6-------6-----7-6----44--------------------------|
D----------------------------------------------------|
A-----7----------------------------------------------|

Chand chupa badal mein
e-----------------------------------------------------
B-----------------------------------------------------
G-7------77-----------------------------------------|
D-----4--------4--5-4-------------------------------|
A--------------------------7-------------------------|

Sharma Ke Meri Jana
e-----------------------------------------------------
B-----------------------------------------------------
G-6-------6------------------------------------------|
D-------------------4------------4----99--11-------|
A-----7--------77-----7---5-7-----------------------|

Seene Se Lag Jaa Tu
e-----------------------------------------------------
B-----------------------------------------------------
G-7------7-------------------------------------------|
D-----4--------44-5/4-------------------------------|
A---------------------------7-------------------------|

Balkhake Meri Jana
e-----------------------------------------------------
B-----------------------------------------------------
G-6-------6-----7-6----44--------------------------|
D----------------------------------------------------|
A-----7----------------------------------------------|

Ghumsum Sa Hai 
e-----------------------------------------------------
B-----------------------------------------------------
G-3/4---6-4-6---------------------------------------|
D-----------------------------------------------------|

Gupchup Sa Hai,
e-----------------------------------------------------
B-----------------------------------------------------
G-3/4---6-4-6---------------------------------------|
D-----------------------------------------------------|

Madhosh Hai Khamosh Hai
e-----------------------------------------------------
B-----------------------------------------------------
G-3/4---7-6-7-----3/4----7-6-7-------------------|
D----------------------------------------------------|

Ye Sama, Han Ye Sama Kuchh Aur Hai
e-----------------------------------------------------
B-----------------------------------------------------
G-7/11--999-----9/11--9-66------6/4-4/6-4-3--|
D------------------------------------------------------|

Ho ho ho  Chaand Chhupa Baadal Mein
e-----------------------------------------------------
B-----------------------------------------------------
G----4-6-----7------77----------------------------|
D-4--------------4--------4-5-4--------------------|
A-----------------------------------7---------------|

Sharma Ke Meri Jana
e-----------------------------------------------------
B-----------------------------------------------------
G-6-------6------------------------------------------|
D-------------------4------------4----99--11-------|
A-----7--------77-----7---5-7-----------------------|

Seene Se Lag Jaa Tu
e-----------------------------------------------------
B-----------------------------------------------------
G-7------7-------------------------------------------|
D-----4--------44-5/4-------------------------------|
A---------------------------7-------------------------|

Balkhake Meri Jana
e-----------------------------------------------------
B-----------------------------------------------------
G-6-------6-----7-6----44--------------------------|
D----------------------------------------------------|
A-----7----------------------------------------------|


Nazdikiyaan Badh Jaane De
e-----------------------------------------------------
B-----------------------------------------------------
G-----------4---------------------4------------------|
D--4-5--7-----7---------4-5--7-----7---------------|

Arre Nahi Baba Nahi, Abhi Nahi Nahi Nahi
E-10-9--77------------------------------------------|
B-------------10-10---10-8---10-10-8-7-----------|

Ye Dooriya Mit Janede
e-----------------------------------------------------
B-----------------------------------------------------
G-----------4---------------------4------------------|
D--4-5--7-----7---------4-5--7-----7---------------|

Arre Nahi Baba Nahi, Abhi Nahi Nahi Nahi
E-10-9--77------------------------------------------|
B-------------10-10---10-8---10-10-8-7-----------|

Door Se Hi Tum Ji Bhar Ke Dekho,
E-7/6--6-----99-------12/10-10-9--10-10/9-----|
B----------7------------------------------------------|

Tum Hi Kaho Kaise Door Se Dekhu
E-9/6-6-----999-----9/12--15-14--10-10---------|
B----------7------------------------------------------|

Chand Ko Jaise Dekhta Chakor Hai
E-7/9--10-9-7-7------------------------------------|
B--------------------10-10-10--8-10--10-8--7------|

Ghumsum Sa Hai
e-----------------------------------------------------
B-----------------------------------------------------
G-3/4---6-4-6---------------------------------------|
D-----------------------------------------------------|

Gupchup Sa Hai,
e-----------------------------------------------------
B-----------------------------------------------------
G-3/4---6-4-6---------------------------------------|
D-----------------------------------------------------|

Madhosh Hai Khamosh Hai
e-----------------------------------------------------
B-----------------------------------------------------
G-3/4---7-6-7-----3/4----7-6-7-------------------|
D----------------------------------------------------|

Ye Sama, Han Ye Sama Kuchh Aur Hai
e-----------------------------------------------------
B-----------------------------------------------------
G-7/11--999-----9/11--9-66------6/4-4/6-4-3--|
D------------------------------------------------------|

Ho ho ho Chaand Chhupa Baadal Mein
e-----------------------------------------------------
B-----------------------------------------------------
G----4-6-----7------77----------------------------|
D-4--------------4--------4-5-4--------------------|
A-----------------------------------7---------------|

Sharma Ke Meri Jana
e-----------------------------------------------------
B-----------------------------------------------------
G-6-------6------------------------------------------|
D-------------------4------------4----99--11-------|
A-----7--------77-----7---5-7-----------------------|', 'Udit Narayan, Alka Yagnik', 'Hum Dil De Chuke Sanam', 1999, NULL, 'http://rockonguitar247.blogspot.com/2013/12/chand-chupa-badal-mein-guitar-tabs-hddcs.html', FALSE, '2018-08-28T15:38:48.195000+00:00', '2018-10-01T17:09:14.190000+00:00');
INSERT INTO public.note_tags (id, user_id, note_id, tag_id) VALUES ('111a4d7d-87ad-4dfe-bbb5-4d881baa13eb', '3917b9a9-a856-4f33-a910-6ad73f9fa25b', 'ef38625a-06f4-466a-aa51-915d2226cdf5', '94f83bf8-1cd6-44f7-9e77-dc2d9928b555');
INSERT INTO public.note_tags (id, user_id, note_id, tag_id) VALUES ('13e63dd9-c00d-4a16-ab88-de1dc89ab4b7', '3917b9a9-a856-4f33-a910-6ad73f9fa25b', 'ef38625a-06f4-466a-aa51-915d2226cdf5', '22c9085c-724b-4679-aa10-b79b72f9b0be');
INSERT INTO public.notes (id, user_id, title, content, artist, album, release_year, metadata, "references", isPinned, created_at, updated_at) VALUES ('f18b019b-a55f-4762-8328-e137cee526e2', '3917b9a9-a856-4f33-a910-6ad73f9fa25b', 'Main Phir Bhi Tumko Chaahunga', 'Intro
```e | - - - 7 - - - - - - - - - - - - - - - 
B | - 7 - - - 10 - 8 - 7 - - - - 7 - - 
G | - - - - - - - - - - - - - 9 - - - - 
```

```e | - 7 - - - - - - - - - - - - - - - - - 
B | - - - 10 - 8 - 7 - - - - 7 - - - - 
G | - - - - - - - - - - - 9 - - - - - - -
```

Tum mere ho iss pal mere ho
```e | - - - - - - - - - - - - - - - - - - - - - - - -
B | - - - - - 7 - - - 7 - - - 7 - 10 - 8 - 7 - -
G | - 7 - 9 - - - 9 - - - 9 - - - - - - - - - - - 
```

Kal shayad ye alam naa rahe
```e | - - - 10-10 - 9-9 - 7-7 - - - - - - - - - - - - - - - - - 
B | - 7 - - - - - - - - - - - - - 10-10 - 8-8 - 8 - 10 - 8 - 
```

Kuch aisa ho tum tum naa raho
```e | - - - - - - - - - - - - - - - - - - - - - - - - - - - - - - - -
B | - - - - - - 7 - 7 - 8 - 8p7 - - - - - 7 - 10 - 8 - 7 - 
G | - 7 - 9 - - - - - - - - - - - - 7 - 9 - - - - - - - - - - 
```

Kuch aisa ho hum hum naa rahe
```e | - - - 10-10 - 9-9 - 7-7 - - - - - - - - - - - - - - - - - 
B | - 7 - - - - - - - - - - - - - 10-10 - 8-8 - 8 - 10 - 8 - 
```

Yeh raaste alag ho jaaye
```e | - - - - - - - - - - - - - - - - - - - - - - - - - - - - - 
B | - 8/10 - 10 - 8 - 7 - - - - - - - - - - - - 7 - - - - - - - - 
G | - - - - - - - - - - - - - 9 - 7 - 6 - 7 - 9 - - - - - - - 
```

Chalte chalte hum kho jaaye
```e | - - - 6-6 - 7 - 9 - 9/12 - 12 - 10 - 10-10 - 
B | - 7 - - - - - - - - - - - - - - - - - - - - - - - - 
```

Main phir bhi tumko chahunga
```e | - 7 - 9 - 10 - 12 - 9 - 7 - - - - 7 - 9-9 -
B | - - - - - - - - - - - - - - - - 10 - - - - - - - 
```

Main phir bhi tumko chahunga
```e | - 7 - 9 - 10 - 12 - 9 - 7 - - 7 - - - - - - - - - - - - 
B | - - - - - - - - - - - - - - - - - - 10 - 8 - 7-7 - - - 
```

Is chahat mein marr jaunga
```e | - 10-10- 12 - 9 - 7 - - - - 7 - 9- - -  
B | - - - - - - - - - - - - - 10 - - - - - - - 
```

Main phir bhi tumko chahunga
```e | - 7 - 9 - 10 - 12 - 9 - 7 - - 7 - - - - - - - - - - - - 
B | - - - - - - - - - - - - - - - - - - 10 - 8 - 7-7 - - - 
```

MUSIC
```e | - - - 7 - - - - - - - - - - - - - - - 
B | - 7 - - - 10 - 8 - 7 - - - - 7 - - 
G | - - - - - - - - - - - - - 9 - - - - 
```

```e | - 7 - - - - - - - - - - - - - - - - - 
B | - - - 10 - 8 - 7 - - - - 7 - - - - 
G | - - - - - - - - - - - 9 - - - - - - -
```', 'Arijit Singh, Shashaa Tirupati', 'Half Girlfriend', 2017, NULL, 'https://www.youtube.com/watch?v=Re_ocbs06iU', FALSE, '2017-12-31T09:50:10.055000+00:00', '2017-12-31T16:29:16.067000+00:00');
INSERT INTO public.note_tags (id, user_id, note_id, tag_id) VALUES ('7eb787ad-9220-4ca7-9953-cd9852cefa4c', '3917b9a9-a856-4f33-a910-6ad73f9fa25b', 'f18b019b-a55f-4762-8328-e137cee526e2', '39d6ed04-fc5c-427e-9060-9041887f4d0e');
INSERT INTO public.note_tags (id, user_id, note_id, tag_id) VALUES ('a1a294cc-f025-470a-9eb6-dbcd5a78f385', '3917b9a9-a856-4f33-a910-6ad73f9fa25b', 'f18b019b-a55f-4762-8328-e137cee526e2', '94f83bf8-1cd6-44f7-9e77-dc2d9928b555');
INSERT INTO public.note_tags (id, user_id, note_id, tag_id) VALUES ('c24c4e63-fbfa-4a17-aead-651810faa249', '3917b9a9-a856-4f33-a910-6ad73f9fa25b', 'f18b019b-a55f-4762-8328-e137cee526e2', '22c9085c-724b-4679-aa10-b79b72f9b0be');
INSERT INTO public.notes (id, user_id, title, content, artist, album, release_year, metadata, "references", isPinned, created_at, updated_at) VALUES ('fc768094-40a9-4fc7-84b1-5a1991d96872', '3917b9a9-a856-4f33-a910-6ad73f9fa25b', 'Hai Mera Dil Churake Le Gaya', '```E|--------------
B|-----3--1------
G|-0-0-3-3--3---3-2-3-0-
```
Kitna pyaraa hai ye pyaar pyaraa pyaraa

```E|--3-1-----1-----
B|-3---4-3-4--1--4-3-1-3-
```
Hua hai pehli baar hota hai ek baar

```E|----3-3------
B|-3-1-3--------
G|-------3-2-3-2-0-
```
Phir na hoga ye dubaara

```E|---------3----
B|--1-3\4-3--3-3--3-1-1-
G|-3------------
```
Hai mera dil churake le gaya

```E|---3-------------
B|-3-3--3-1-1-3\4-1---1----
G|------------3--3-2-0-
```
Churaane waala mera kaatil

```E|---------3----
B|--1-3\4-3--3-3--3-1-1-
G|-3------------
```
Hai mera dil churake le gayi

```E|---3-------------
B|-3-3--3-1-1-3\4-1---1----
G|-------------3--3-2-0-
```
Churaane waali meri kaatil

```E|--------------
B|-----3--1------
G|-0-0-3-3--3---3-2-3-0-
```
Ye dil tujhpe aaya hai aate aate

```E|--------------
B|-----3--1------
G|-0-0-3-3--3---3-2-3-0-
```
Darde dil to jaata hai jaate jaate

```E|--3-1-----1-----
B|-3---4-3-4--1--4-3-1-3-
```
Jaage hain soye hain hum dono khoye hain

```E|--3-1-----1-----
B|-3---4-3-4--1--4-3-1-3-
```
Kaisi tanhaai hai masti si chhaai hai

```E|---3-------------
B|-3-3--3-1-1-3\4-1---1----
G|-------------3--3-2-0-
```
Ye mausam hai pyaar ke kaabil

```E|---------3----
B|--1-3\4-3--3-3--3-1-1-
G|-3------------
```
Hai mera dil churake le gaya

```E|---3-------------
B|-3-3--3-1-1-3\4-1---1----
G|-------------3--3-2-0-
```
Churaane waala mera kaatil', 'Udit Narayan, Alka Yagnik', 'Josh', 2000, NULL, 'http://tabandchord.com/2013/02/hai-mera-dil-churake-le-gaya-guitar-tab-josh/', FALSE, '2019-05-25T11:08:28.585000+00:00', '2019-05-25T11:11:55.802000+00:00');
INSERT INTO public.note_tags (id, user_id, note_id, tag_id) VALUES ('73f214e8-2803-4bbf-abef-02d21ba3e612', '3917b9a9-a856-4f33-a910-6ad73f9fa25b', 'fc768094-40a9-4fc7-84b1-5a1991d96872', '94f83bf8-1cd6-44f7-9e77-dc2d9928b555');
INSERT INTO public.note_tags (id, user_id, note_id, tag_id) VALUES ('723938f6-fe22-4aa7-9be9-274ade10dd9f', '3917b9a9-a856-4f33-a910-6ad73f9fa25b', 'fc768094-40a9-4fc7-84b1-5a1991d96872', '22c9085c-724b-4679-aa10-b79b72f9b0be');
INSERT INTO public.notes (id, user_id, title, content, artist, album, release_year, metadata, "references", isPinned, created_at, updated_at) VALUES ('e560e52a-4460-4064-9b86-c8ce805cddd1', '3917b9a9-a856-4f33-a910-6ad73f9fa25b', 'O Hansini', 'O Hansni Meri Hansni
```e | - - - - - - - - - - - - - - - 5 - - - - 
B | - - 8 - 9-6 - - - 6 - - 8 - - 6 - - 
G | - 5 - - - - - - - - - 5 - - - - - - - 
```

Kahaan Ud Chali
```e | - 8-8 - 11 - 10-8 - 10-6 - - -
```

Mere Aramaanon Ke Pankh Lagaake, 
```e | - 6 - - - - - - - - - - - - - - - - - - - - - - - - - - - 
B | - - -9 - 8 - 6 - - - 6/8 - 8 - - 8-8- 10 - 6-8 - 10- -
G | - - - - - - - - - 8 - - - - - - - - - - - - - - - - - - - 
```

Kahaan Ud Chali
```e | - - - - - - - - - - - - - 
B | - 10-10/8 - 8-6 - 8-6 -
```

O Hansni Meri Hansni, Kahaan Ud Chali
Mere Aramaanon Ke Pankh Lagaake, Kahaan Ud Chali
O Hansni Meri Hansni

Interlude (starts at 2:44 in this video https://youtu.be/R4Vj_XsfHTM
```e | - - - 8 - 10-11-10-11-10 - 8 - - 10-11-10-11-10 - 8 -
B | - 9 - - - - - - - - - - - - - - - - - - - - - - - - - - - 
```

```e | - - - 8 - - 8 - - - - - - - - - - - - - -
B | - 9 - - 9 - - 9 - 8 - 6-8 - 8 - 8 - -
```

Aaja Meri Saanson Mein Mahak Raha Re Tera Gajra
```e | - 11-9-9-8-8 - - - - - - - - - - - - - - - - - - - - - - - - - - 
B | - - - - - - - - - 11-11-9-9-8-8 - - - - - - 8 - - - - - - - -8- 
G | - - - - - - - - - - - - - - - - - - - 10-10 - - - 10-8-10 - - -
```

O Aaja Meri Raaton Mein Lahak Raha Re Tera Kajra
```e | - 11 - 11-9-9-8-8 - - - - - - - - - - - - - - - - - - - - -
B | - - - - - - - - - - - -11-11-9-9-8-8 - - -  - - - 8- - - - - - - - 8 - - -
G | - - - - - - - - - - - - - - - - - - - - - -- 10-10 - - - - 10-8-10 - - 10- 
```

O Hansni Meri Hansni, Kahaan Ud Chali', 'Kishore Kumar', 'Zehreela Insaan', 1974, NULL, 'https://www.youtube.com/watch?v=ePvK1d4o2YM', FALSE, '2018-09-11T23:36:09.525000+00:00', '2025-09-12T15:04:23.188000+00:00');
INSERT INTO public.note_tags (id, user_id, note_id, tag_id) VALUES ('7a918c8f-567c-4422-ade3-ff5f04b707ad', '3917b9a9-a856-4f33-a910-6ad73f9fa25b', 'e560e52a-4460-4064-9b86-c8ce805cddd1', '22c9085c-724b-4679-aa10-b79b72f9b0be');
INSERT INTO public.note_tags (id, user_id, note_id, tag_id) VALUES ('ce95edcb-68e9-47d6-8f13-07f9dc9e6986', '3917b9a9-a856-4f33-a910-6ad73f9fa25b', 'e560e52a-4460-4064-9b86-c8ce805cddd1', 'f22d1b82-b224-4a44-a581-b5c25015af54');
INSERT INTO public.notes (id, user_id, title, content, artist, album, release_year, metadata, "references", isPinned, created_at, updated_at) VALUES ('a1b67057-fdc1-48b2-90bb-4a5bc8308294', '3917b9a9-a856-4f33-a910-6ad73f9fa25b', 'Friendship Mashup', '======SINGLE STRUM=========
(G)Yaaron (D)dosti,(G) badi hi ha(C)seen hai

======D D UDUD DU=========
Ye na (G)ho toh, (C)kya phir
(G) Bolo ye zinda(C)gi hai
Koi (G)toh, ho raaz(C)daar
Bega(G)raz tera ho (C)yaar
Koi (G)toh, ho raaz(C)daar....

(G)Yeh dosti hum nahin todenge
Toden(C)ge dam ma(D)gar tera (C)saatha na chhoden(G)ge.
(G)Ye dosti..

Ye (G)number one yaari hai
Ye (C)number one yaari hai
(G)Aisi waisi dos(C)ti nahin
Ye (G)number one yaari hai
Ye (C)number one yaari hai..(G)..

(Em)Mitthi si woh (D)gaali teri 
(Am)Sunne ko tai(C)yaar hoon main
(STOP)Tera yaar hoon main
(G)mmmmm...(D)mmm......Tera yaar hoon main
(G)mmmmm...(D)mmm.

(G)Tere jaisa yaar ka(C)han
(D)Kahan aisa yaara(G)na
(G)Yaad karegi duni(C)ya
(D)Tera mera afsa(G)na

(G)Hum, rahen ya (C)na rahen kal
(C)Kal yaad aa(D)yenge ke ye pal
(G)Pal, ye hain (C)pyar ke pal
(C)Chal, aa mere (D)sang chal

(G)Yeh dosti hum nahin todenge

======FINGERSTYLE=========
Toden(C)ge dam ma(D)gar 
tera (C)saatha na chhoden(G)ge.', 'Various Artists', 'Single', 2022, 'Capo at 2
D D UDUD DU
Chords used : G, C, D', 'https://www.youtube.com/watch?v=g-R6UaeScW8', FALSE, '2020-05-30T05:02:45.041000+00:00', '2020-05-30T05:32:32.632000+00:00');
INSERT INTO public.note_tags (id, user_id, note_id, tag_id) VALUES ('57ba5066-de50-4a35-9673-9a44fc49c35c', '3917b9a9-a856-4f33-a910-6ad73f9fa25b', 'a1b67057-fdc1-48b2-90bb-4a5bc8308294', '07483aae-aaf2-498a-ad00-7abd0a0d46c3');
INSERT INTO public.note_tags (id, user_id, note_id, tag_id) VALUES ('dfee62c8-655c-47cb-88e2-04fea0bb9fbc', '3917b9a9-a856-4f33-a910-6ad73f9fa25b', 'a1b67057-fdc1-48b2-90bb-4a5bc8308294', '94f83bf8-1cd6-44f7-9e77-dc2d9928b555');
INSERT INTO public.note_tags (id, user_id, note_id, tag_id) VALUES ('fe7c08ef-e41e-4920-a272-1bf7a2b5c8f2', '3917b9a9-a856-4f33-a910-6ad73f9fa25b', 'a1b67057-fdc1-48b2-90bb-4a5bc8308294', '26bec2c9-84b7-4e97-8246-28dd469f49cd');
INSERT INTO public.notes (id, user_id, title, content, artist, album, release_year, metadata, "references", isPinned, created_at, updated_at) VALUES ('d7db2280-0937-4271-99db-d1ec003e92ef', '3917b9a9-a856-4f33-a910-6ad73f9fa25b', 'Mi Gente', '```e | - - - - - - 7- - - - - - 
B | - 5- -8 - - - - 7- 7-
```

7 should be pull off', 'J Balvin, Willy William', 'Vibras', 2017, NULL, NULL, FALSE, '2018-06-23T13:02:14.661000+00:00', '2018-06-23T13:04:13.321000+00:00');
INSERT INTO public.note_tags (id, user_id, note_id, tag_id) VALUES ('79aabb02-4651-4276-a8f5-b1e8f71961af', '3917b9a9-a856-4f33-a910-6ad73f9fa25b', 'd7db2280-0937-4271-99db-d1ec003e92ef', '19e5627d-a2b0-4d3f-9425-eb88225bd761');
INSERT INTO public.note_tags (id, user_id, note_id, tag_id) VALUES ('f4b33654-edad-48fc-8326-100164826033', '3917b9a9-a856-4f33-a910-6ad73f9fa25b', 'd7db2280-0937-4271-99db-d1ec003e92ef', '22c9085c-724b-4679-aa10-b79b72f9b0be');
INSERT INTO public.note_tags (id, user_id, note_id, tag_id) VALUES ('6d7fc586-8b19-404d-b5bb-cbc03a7171a1', '3917b9a9-a856-4f33-a910-6ad73f9fa25b', 'd7db2280-0937-4271-99db-d1ec003e92ef', 'eebbc269-be1f-43e9-a641-4b2e91a39ff4');
INSERT INTO public.notes (id, user_id, title, content, artist, album, release_year, metadata, "references", isPinned, created_at, updated_at) VALUES ('dd61a1d9-586a-4e06-84aa-7a60f53343c7', '3917b9a9-a856-4f33-a910-6ad73f9fa25b', 'Ek Tukda Dhoop', 'INTRO  (C...C....C....C...)

(C)Toot ke hum (F)dono mein, (C)Jo bacha woh (F)kum sa (C)hai
(C)Ek tukda (F)dhoop ka, (C)Andar andar (F)namm sa (C)hai

Ek (G)dhaage mein hain (F)uljhe yun, Ke (C)bunte bunte khul gaye
Hum (G)the likhe dee(F)war pe, Baa(C)rish huyi aur dhul gaye

(C)Toot ke hum (F)dono mein, (C)Jo bacha woh (F)kum sa (C)hai
(C)Ek tukda (F)dhoop ka, (C)Andar andar (F)namm sa (C)hai

(C...C....G....F...).....x2
(C...G....C....G..).....x2
(C...C....C....C...)
==============================================
(C)Toote-phoote khwaab ki haaye(F)eee, Duni(G)ya mein rehna (C)kya
(C)Jhoothe-moothe vaadon ki haaye(F)eee, Leha(G)ron mein behna (C)kya

Ho…(C)dil ne dil mein (G)thaana hai, (F)Khud ko phir se (G)paana hai
Dil ke (C)hi saath (G)mein jaana (F)hai...(C)..

(C)Toot ke hum (F)dono mein, (C)Jo bacha woh (F)kum sa (C)hai
(C)Ek tukda (F)dhoop ka, (C)Andar andar (F)namm sa (C)hai
==============================================
(C)Socho zara kya the hum haaye(F)eee, Kya se (G)kya ho ga(C)ye
(C)Hizra wali raaton ki haaye(F)eee, Kab(G)ron mein so ga(C)ye

Ho…(C)tum humare (G)jitne the, (F)Sach kaho kya (G)utne the
Jaane (C)do mat ka(G)ho kitne (F)the...(C)..

(C)Toot ke hum (F)dono mein, (C)Jo bacha woh (F)kum sa (C)hai
(C)Ek tukda (F)dhoop ka, (C)Andar andar (F)namm sa (C)hai
==============================================
(C)Tere hi toh the hum pe haaye(F)eee, Jit(G)ne bhi rang (C)the
(C)Bekhayali mein bhi hum haaye(F)eee, Tere (G)hi toh sang (C)the

Ho…(C)sang jo ye (G)utre hain, (F)Mushqilon se (G)utre hain
Jeete (C)jee jaan se (G)hum guzre (F)hain...(C)..

(C)Raasta hum (F)dono mein, (C)Jo bacha woh (F)kum sa (C)hai
(C)Ek tukda (F)dhoop ka, (C)Andar andar (F)namm sa (C)hai

(C)Toot ke hum (F)dono mein, (C)Jo bacha woh (F)kum sa (C)hai
(C)Ek tukda (F)dhoop ka, (C)Andar andar (F)namm sa (C)hai', 'Raghav Chaitanya', 'Thappad', 2020, 'D U Chuck  D    U Chuck
Mine : D Chuck D U Chuck
Chords used : C, F, G', 'https://www.youtube.com/watch?v=Kwz_VEf82kI', FALSE, '2020-03-04T16:24:24.874000+00:00', '2020-05-03T02:48:15.766000+00:00');
INSERT INTO public.note_tags (id, user_id, note_id, tag_id) VALUES ('6e71db03-cddc-4d7e-afc0-8f9912ba25c4', '3917b9a9-a856-4f33-a910-6ad73f9fa25b', 'dd61a1d9-586a-4e06-84aa-7a60f53343c7', '94f83bf8-1cd6-44f7-9e77-dc2d9928b555');
INSERT INTO public.note_tags (id, user_id, note_id, tag_id) VALUES ('12ee8ad0-41a1-476b-8b68-e758cf2db159', '3917b9a9-a856-4f33-a910-6ad73f9fa25b', 'dd61a1d9-586a-4e06-84aa-7a60f53343c7', '26bec2c9-84b7-4e97-8246-28dd469f49cd');
INSERT INTO public.notes (id, user_id, title, content, artist, album, release_year, metadata, "references", isPinned, created_at, updated_at) VALUES ('944353b0-c2d8-4275-bc66-0d279f4d7a06', '3917b9a9-a856-4f33-a910-6ad73f9fa25b', 'Khamoshiyan', '(Am)Khamoshiyan (C)awaaz hain
Tum (Em)sunne to (G)ao (Dm)kabhi
Chu (Am)kar tumhein khil (C)jaen gi
Ghar (Em)inko (G)bulao (Dm)kabhi

(F)Beqrar hai baat karne ko
(G)Kehne do inko (E)zara

(F)Khamoshiyan...(Dm)
Teri (G)meri (C)Khamoshiyan
(F)Khamoshiyan...(Dm)
Lipti (G)hui (C)Khamoshiyan...(Em)...(Am)

(Am)Kya uss gali mein kabhi tera jaana (Dm)hua
(G)Jahaan se zamaane ko guzre zamaana (C)hua
(Am)Mera samay toh wahin pe hai thehra (Dm)hua
(G)Bataaun tumhe kya mere sath kya kya (C)hua

(Am)Khamoshiyan ek (C)saaz hai
Tum (Em)dhun koi laao (Dm)zaraa
(Am)Khamoshiyan (C)alfaaz hain
Kabhi (Em)aa gunguna le (Dm)zara
(F)Beqarar hain baat karne ko
(G)Kehne do inko (E)zaraa

(F)Khamoshiyan...(Dm)
Teri (G)meri (C)Khamoshiyan
(F)Khamoshiyan...(Dm)
Lipti (G)hui (C)Khamoshiyan...(Am)

(Am)Nadiya ka paani bhi khamosh behta (Dm)yahaan
(G)Khili chandani mein chhipi lakh (C)khamoshiyan
(Am)Baarish ki boondon ki hoti kahaan hai (Dm)zubaan
(G)Sulagte dilon mein hai khamosh uthta (C)dhuaan

(Am)Khamoshiyan (C)aakaash hai
Tum (Em)udne toh aao (Dm)zara
(Am)Khamoshiyan (C)ehsaas hai
Tumhe (Em)mehsoos hoti hai (Dm)kya

(F)Beqarar hain baat karne ko
(G)Kehne do inko (E)zaraa

(F)Khamoshiyan...(Dm)
Teri (G)meri (C)Khamoshiyan
(F)Khamoshiyan...(Dm)
Lipti (G)hui (C)Khamoshiyan...(Am)', 'Arijit Singh', 'Khamoshiyan', 2015, 'Capo at 5
D DUDU
Chords used : Am, C, Em, G, Dm, F, E', 'https://www.youtube.com/watch?v=rOx-nVNT9W4', FALSE, '2019-04-18T08:30:30.159000+00:00', '2019-04-18T14:21:08.712000+00:00');
INSERT INTO public.note_tags (id, user_id, note_id, tag_id) VALUES ('c715e4fc-6135-4279-8a74-c1c6a0c32fec', '3917b9a9-a856-4f33-a910-6ad73f9fa25b', '944353b0-c2d8-4275-bc66-0d279f4d7a06', '94f83bf8-1cd6-44f7-9e77-dc2d9928b555');
INSERT INTO public.note_tags (id, user_id, note_id, tag_id) VALUES ('800da4ff-793f-4433-8134-c92980bec4ca', '3917b9a9-a856-4f33-a910-6ad73f9fa25b', '944353b0-c2d8-4275-bc66-0d279f4d7a06', '26bec2c9-84b7-4e97-8246-28dd469f49cd');
INSERT INTO public.notes (id, user_id, title, content, artist, album, release_year, metadata, "references", isPinned, created_at, updated_at) VALUES ('2f79d853-af4e-47a4-8e3a-226b4d0b90fd', '3917b9a9-a856-4f33-a910-6ad73f9fa25b', 'Ghar se nikalte hi - Armaan Malik', 'If not able to play Bb, use C

========FINGERSTYLE==========
Ghar se (F) nikalte hi
Kuch door (Bb) chal(C)te (F) hi
(F) Raste mein (Dm) hai (C) uska (F) ghar

========D U Chuck U  U Chuck U==========
(F) Pehli dafaa maine
(Am) Jab usko dekha to
(Bb) Saansein (C) gayi yeh (F) thehar

(F) Rehti hai dil mein (C) mere
(Dm) Kaise bataaun (F) usey
(Bb) Main toh nahi keh sakaa
(Am) Koi bataa de (C) usey

Ghar se (F) nikalte hi
Kuch door (Bb) chal(C)te (F) hi
(F) Raste mein (Dm) hai (C) uska (F) ghar

Music: (F) (Dm) (Bb) [x2]
e---------------
b---------------
g-------------5
d--3-2-3-----

e--3-5--8-5------------3-5-8-5-----------
b----------------6-5-8-----------------6-5-6

e--3-5--8-5---------------------------------------8-----------------
b----------------6-5-8---8s10-8------8-10-----------10--6-5-6

(F) Uski gali (Dm) mein hai dhali
(Bb) Kitni hi (C) shaamein (F) meri
(Dm) Dekhe kabhi (Am) woh jo mujhe
(Bb) Khush hoon main (C) itne mein (F) hi

Maine (Bb) tareeke sau aazm(F)aaye,
Jaake (Bb) usey na kuch bol (F) paye
(G) Baithe rahe hum raat (F) bhar (C)

Jo paas (F) jaata hoon
(F) Sab bhool (Bb) jaa(C)ta ho(F)on
(F) Milti hai (Dm) jab (C) yeh (F) nazar

Ghar se (F) nikalte hi
Kuch door (Bb) chal(C)te (F) hi
(F) Raste mein (Dm) hai (C) uska (F) ghar

Music: (F) (Am) (Dm) (Bb) [x2]

(F) Kal jo miley (Dm) woh raahon mein
(Bb) Toh main (C) usey rok (F) loon
(Dm) Uske dil mein (Am) kya hai chhipa
(Bb) Ik baar (C) main poochh (F) loon

Par ab (Bb) wahaan woh rehti (F) nahi hai
Maine (Bb) suna hai woh jaa (F) chuki hai
(G) Khaali pada hai yeh she(C)har

Main phir bhi (F) jaata hoon, Sab (Bb) dohra(C)ata ho(F)on
Shayad (Dm) miley (C) kuch kha(F)bar

Ghar se (F) nikalte hi
Kuch door (Bb) chal(C)te (F) hi
(F) Raste mein (Dm) hai (C) uska (F) ghar', 'Armaan Malik', 'Ghar Se Nikalte Hi', 2018, 'D U Chuck U  U Chuck U', 'https://www.youtube.com/watch?v=vqtspR7UN9w
https://tabandchord.com/2018/04/ghar-se-nikalte-hi-chords-armaan-malik/', FALSE, '2021-01-09T05:44:28.354000+00:00', '2021-01-09T06:03:23.918000+00:00');
INSERT INTO public.note_tags (id, user_id, note_id, tag_id) VALUES ('d3824ba1-1d0d-4820-ab80-d6006d0288f8', '3917b9a9-a856-4f33-a910-6ad73f9fa25b', '2f79d853-af4e-47a4-8e3a-226b4d0b90fd', '39d6ed04-fc5c-427e-9060-9041887f4d0e');
INSERT INTO public.note_tags (id, user_id, note_id, tag_id) VALUES ('3a2d1fbe-d1e6-4654-a9eb-77ef8f0ee75e', '3917b9a9-a856-4f33-a910-6ad73f9fa25b', '2f79d853-af4e-47a4-8e3a-226b4d0b90fd', '94f83bf8-1cd6-44f7-9e77-dc2d9928b555');
INSERT INTO public.note_tags (id, user_id, note_id, tag_id) VALUES ('a6dd1ac8-189d-4c43-ac39-3f8d9c84c5da', '3917b9a9-a856-4f33-a910-6ad73f9fa25b', '2f79d853-af4e-47a4-8e3a-226b4d0b90fd', '26bec2c9-84b7-4e97-8246-28dd469f49cd');
INSERT INTO public.notes (id, user_id, title, content, artist, album, release_year, metadata, "references", isPinned, created_at, updated_at) VALUES ('7bf4010e-a476-47cc-a11c-32bd8bd6c4bc', '3917b9a9-a856-4f33-a910-6ad73f9fa25b', 'Humein Tumse Pyaar Kitna', 'Humein tumse pyaar kitna
```e | - - - - - - 3 - 3 - 5 - - - 5 - 5 - 5 - 
B | - 5 - 6 - - - - - - - - - - - - - - - - -
```

Yeh Hum Nahi Jaante
```e | - 7 - 10 - 7 - 5 - - - - - - - - - - -
B | - - - - - - - - - - - 8 - 8 - 7 - 8 -
```

Magar jee nahin sakte
```e | - 7 - 5 - 3 - - - - - 3 - - - - - - - 
B | - - - - - - - 6 - 5 - - - 6 - 5 - 3 - 
```

Tumhare binaa
```e | - - - - - - - - - - - - - - - - - 4 - 5 - 
B | - 3s8 - 8 - 3 - 6 - 5 - - - - - - - - -
```', 'Kishore Kumar', 'Kudrat', 1981, NULL, NULL, FALSE, '2018-01-24T13:59:02.966000+00:00', '2018-01-24T14:45:20.973000+00:00');
INSERT INTO public.note_tags (id, user_id, note_id, tag_id) VALUES ('065a8ed5-b59a-4c14-a741-78ea39dfef80', '3917b9a9-a856-4f33-a910-6ad73f9fa25b', '7bf4010e-a476-47cc-a11c-32bd8bd6c4bc', '22c9085c-724b-4679-aa10-b79b72f9b0be');
INSERT INTO public.note_tags (id, user_id, note_id, tag_id) VALUES ('8cdef669-51d5-4500-bb5c-29c8f80b1b4f', '3917b9a9-a856-4f33-a910-6ad73f9fa25b', '7bf4010e-a476-47cc-a11c-32bd8bd6c4bc', 'f22d1b82-b224-4a44-a581-b5c25015af54');
INSERT INTO public.notes (id, user_id, title, content, artist, album, release_year, metadata, "references", isPinned, created_at, updated_at) VALUES ('88a8d5b5-c402-446c-b41e-98924f389dd4', '3917b9a9-a856-4f33-a910-6ad73f9fa25b', 'Neeralli Sanna - Sonu Nigam (Kannada)', 'Neeralli sanna, ale ondu Mudi 
```e | - - - - - - - - 5 - - - - - - - - - - - - -5- - - - -  
B | - 5 - 7 - 8 - - - 8 -7 - - 5 - 7 - 8 - - - 8 -7  -
```

choorada chandraneega
```e | - - - - - - - - 5 - - - - - - - - - -  
B | - 5 - 7 - 8 - - - 8 -7 - - 5 - 7 - 
```

Illondu chooru, allondu chooru
```e | - - - - - - - - - - - - - - - - - - - - - - - - - - - - - 
B | - - - 5 - 7 - 8 - 7 - 5 - - - - 5 - 7 - 8 - 7 - 5 - 
G | - 7 - - - - - - - - - - - -  -7 - - - - - - - - - - - - 
```

Ondaga beku beega
```e | - - - - - - - - - - 5 - - - - - - - - - - - - - - - - - - 
B | - - - 5 - 7 - 8 - - - 8 - 7 - 5 - 5 - - - - - - 
G | - 7 - - - - - - - - - - - -  - - - - - - - - - - - - 
```', 'Sonu Nigam, Shreya Ghoshal', 'Hudugaru', 2011, NULL, 'https://www.youtube.com/watch?v=OMaQW24nAYU', FALSE, '2017-12-23T13:28:35.741000+00:00', '2017-12-24T17:15:42.318000+00:00');
INSERT INTO public.note_tags (id, user_id, note_id, tag_id) VALUES ('b65a8d8f-e9e6-47b5-abc0-24cf25210885', '3917b9a9-a856-4f33-a910-6ad73f9fa25b', '88a8d5b5-c402-446c-b41e-98924f389dd4', '22c9085c-724b-4679-aa10-b79b72f9b0be');
INSERT INTO public.note_tags (id, user_id, note_id, tag_id) VALUES ('32722a84-5073-4789-be1e-7acdac4c2277', '3917b9a9-a856-4f33-a910-6ad73f9fa25b', '88a8d5b5-c402-446c-b41e-98924f389dd4', 'bfb29683-c6ea-4f7b-affc-5fe459c721bd');
INSERT INTO public.notes (id, user_id, title, content, artist, album, release_year, metadata, "references", isPinned, created_at, updated_at) VALUES ('6f577649-6e45-4153-b26b-91a26c8bb31f', '3917b9a9-a856-4f33-a910-6ad73f9fa25b', 'Aye Kaash Ke Hum', '(Am) Intro (Am)

(Am)aye kaash ke hum 
(C)hosh mein ab 
(G)aane naa paa(Am)ye   x2

bas (G)nagmein (G)tere 
(F)pyaar (G)ke, 
gaa(G)te hee jaa(Am)ye 

Aye kaash ke hum...

(Am)khilatee, mahakatee 
ye (F)zulfon kee shaam 
(G)hasate, khanakate 
ye hothhon ke (F)jaam   x2

(C)aa jhoom ke saaz (G)uthhaye, 
bas (G)nagmein (F)tere 
(F)pyaar (G)ke ..
gaate hee jaa(Am)ye

Aye kaash ke hum...

(Am)Ho bas agar tum 
hu(F)maare sanam
(G)Hum toh sitaaron
pe rakh de ka(F)dam  x2

(C)Saaraa jahaan bhool (G)jaaye
Bas (G)nagmein (F)tere
(F)pyaar (G)ke
Gaate hee jaa(Am)ye

(Am)aye kaash ke hum
(C)hosh mein ab
(G)aane naa paa(Am)ye x2

bas (G)nagmein (G)tere
(F)pyaar (G)ke,
gaa(G)te hee jaa(Am)ye', 'Kumar Sanu', 'Kabhi Haan Kabhi Naa', 1994, 'Capo on 5
Strum : D DUDU  OR   D D DU
Chords used : Am, C, G, F', 'https://youtu.be/5LX-QQhdrrc', FALSE, '2018-10-28T01:39:17.279000+00:00', '2018-11-03T08:14:33.240000+00:00');
INSERT INTO public.note_tags (id, user_id, note_id, tag_id) VALUES ('0ce79d4d-720b-4ccd-b99e-ce4b19eab982', '3917b9a9-a856-4f33-a910-6ad73f9fa25b', '6f577649-6e45-4153-b26b-91a26c8bb31f', '26bec2c9-84b7-4e97-8246-28dd469f49cd');
INSERT INTO public.note_tags (id, user_id, note_id, tag_id) VALUES ('9f3465ac-6d97-49b3-9a4c-cd436ca18151', '3917b9a9-a856-4f33-a910-6ad73f9fa25b', '6f577649-6e45-4153-b26b-91a26c8bb31f', 'f22d1b82-b224-4a44-a581-b5c25015af54');
INSERT INTO public.notes (id, user_id, title, content, artist, album, release_year, metadata, "references", isPinned, created_at, updated_at) VALUES ('155ad22d-aaaf-4579-9198-8f7bd0346343', '3917b9a9-a856-4f33-a910-6ad73f9fa25b', 'Mere Bina Tu - Phata Poster', 'Mere (C)Bina Tu, Mere (Am)Bina Tu
Mere (F)Bina Tu, Mere (C)Bina Tu

Mere (Am)Bina Khush Rahe Tu (F)Zamane Mein
Ke (G)Aaoon Na Main Yaad Bhi (C)Anjaane Mein

Mere (C)Bina Tu, Mere (C)Bina Tu
Mere (F)Bina Tu, Mere (C)Bina Tu

(Am)Bhool Ab Jana (F)Guzraa Zamana
(G)Keh To Rahe Ho (Am)Mujhko Magar
(C)Tasveer Le Lo (F)Khat Bhi Le Jao
(G)Lauta Do Mere (C)Sham-O-Saher

Jaan (C)Jaye Re, Jaan (C)Jaye Re
Jaan (F)Jaye Meri Tujh (Am)Ko Bhulane Mein
Ke (G7)Aaoon Na Main Yaad Bhi (C)Anjaane Mein

Mera (C)Bina Tu, Mera (C)Bina Tu
Mera (F)Bina Tu.. (G)

(C)...(Em)...(F)...(Am)
(C)...(Em)...(F)...(Am)

Tujhse (Am)Hai Waada, Hai Yeh (F)Irada
Ab Na (G)Milenge, Tujhse (C)Kabhi
De Jao (Am)Mujhko, Saare Hi (F)Aansu
Le Jao (G)Mujhse, Meri (C)Khushi

Meri (C)Khushi To, Meri (C)Khushi To
Meri (F)Khushi Aansuon Ko (Am)Bahane Mein
Ke (G7)Aaun Na Main Yaad Bhi (C)Anjaane Mein

Mera (C)Bina Tu, Mera (C)Bina Tu
Mera (F)Bina Tu.. (G)

(C)...(Em)...(F)...(Am)
(C)...(Em)...(F)...(Am)

Mujhko do (Am)raahe pe chhod (F)ke yoon
Jaane (G)chale ho tum kis (C)gali
Tumne hee (Am)di thi mujhko (F)khushi ab
Tumne hi (G)jane kyun chheen (C)li

Tujhe (C)mila kya, tujhe (C)mila kya
Tujhe (F)mila kya mujhe yun (Am)rulaane mein
Ke (G7)Aaun Na Main Yaad Bhi (C)Anjaane Mein

Mere (C)Bina Tu, Mere (C)Bina Tu
Mere (F)Bina Tu, Mere (C)Bina Tu

Mere (Am)Bina Khush Rahe Tu (F)Zamane Mein
Ke (G)Aaoon Na Main Yaad Bhi (C)Anjaane Mein

Mere (C)Bina Tu, Mere (C)Bina Tu
Mere (F)Bina Tu, Mere (C)Bina Tu....', 'Rahat Fateh Ali Khan', 'Phata Poster Nikhla Hero', 2013, 'Capo at 3
D D UDUD D (DU)', 'http://guitarchordshub.blogspot.com/2013/11/mere-bina-tu-guitar-chords.html', FALSE, '2021-01-09T04:46:05.137000+00:00', '2021-01-09T05:14:07.128000+00:00');
INSERT INTO public.note_tags (id, user_id, note_id, tag_id) VALUES ('a7e90c18-bfe1-4d37-a0ac-2e8fe99af67e', '3917b9a9-a856-4f33-a910-6ad73f9fa25b', '155ad22d-aaaf-4579-9198-8f7bd0346343', '94f83bf8-1cd6-44f7-9e77-dc2d9928b555');
INSERT INTO public.note_tags (id, user_id, note_id, tag_id) VALUES ('f6c30193-f56a-4043-b385-083b35d827f0', '3917b9a9-a856-4f33-a910-6ad73f9fa25b', '155ad22d-aaaf-4579-9198-8f7bd0346343', '26bec2c9-84b7-4e97-8246-28dd469f49cd');
INSERT INTO public.notes (id, user_id, title, content, artist, album, release_year, metadata, "references", isPinned, created_at, updated_at) VALUES ('5d203b0c-1b7c-4bd2-87c0-5391d49509ca', '3917b9a9-a856-4f33-a910-6ad73f9fa25b', 'Piya basanti re', '', 'Sultan Khan, K. S. Chithra', 'Piya Basanti', 2000, 'Chords used : A, D, Bm, F#m, E', 'https://www.youtube.com/watch?v=6qwkB9Jc2-A', FALSE, '2019-05-26T12:11:32.770000+00:00', '2019-05-26T12:12:18.927000+00:00');
INSERT INTO public.note_tags (id, user_id, note_id, tag_id) VALUES ('bd8b05bb-7e3a-42e9-a6d3-25b4a8582daa', '3917b9a9-a856-4f33-a910-6ad73f9fa25b', '5d203b0c-1b7c-4bd2-87c0-5391d49509ca', 'ca29fa62-24fc-4ecb-808c-f795c7122529');
INSERT INTO public.note_tags (id, user_id, note_id, tag_id) VALUES ('54e6f92f-84be-4e1f-a3d7-af6a7961ae68', '3917b9a9-a856-4f33-a910-6ad73f9fa25b', '5d203b0c-1b7c-4bd2-87c0-5391d49509ca', '94f83bf8-1cd6-44f7-9e77-dc2d9928b555');
INSERT INTO public.note_tags (id, user_id, note_id, tag_id) VALUES ('c1e51287-7c04-4f26-8811-ce13634f2c32', '3917b9a9-a856-4f33-a910-6ad73f9fa25b', '5d203b0c-1b7c-4bd2-87c0-5391d49509ca', '26bec2c9-84b7-4e97-8246-28dd469f49cd');
INSERT INTO public.notes (id, user_id, title, content, artist, album, release_year, metadata, "references", isPinned, created_at, updated_at) VALUES ('6992ab60-ff27-42db-b93e-c8a748eeeaf0', '3917b9a9-a856-4f33-a910-6ad73f9fa25b', 'Gulabi Aankhein', 'Intro
(Am) (G) (F) (E)

Gulaabi (Am)Aankhen Jo Teri (G)Dekhi
Sharaabi (F)Yeh Dil Ho (E)Gaya.
(Am)Sambhaalo Mujhko O Mere (G)Yaaron
Sambhalna (F)Mushkil Ho (E)Gaya.

(Am)Dil Mein Mere (F)Khwaab Tere
Tasveer (G)Jaise Ho (F)Deewaar (E)Pe.
(Am)Tujhpe Fida (F)Main Kyoon Hua
Aata Hai (G)Gussa (F)Mujhe Pyaar (E)Pe.
(Am)Main Lut Gaya Maanke Dil (G)Ka Kaha,
Main Kahin Ka (F)Na Raha,
Kya Kahoon (E)Main Dilruba.
(Am)Bura Yeh Jaadu Teri (G)Aankhon Ka
Yeh Mera (F)Kaatil Ho (E)Gaya.

Gulaabi (Am)Aankhen Jo Teri (G)Dekhi
Sharaabi (F)Yeh Dil Ho (E)Gaya.
(Am)Sambhaalo Mujhko O Mere (G)Yaaron
Sambhalna (F)Mushkil Ho (E)Gaya.

(Am)Maine Sada (F)Chaaha Yehi
Daaman (G)Bacha Loon (F)Haseenon Se (E)Main.
(Am)Teri Kasam (F)Khwaabon Mein Bhi
Bachta (G)Fira (F)Naazneenon Se (E)Main.
(Am)Tauba Magar Mil Gayi (G)Tujhse Nazar,
Mil Gaya (F)Dard-E-Jigar,
Sun Zara O (E)Bekhabar,
(Am)Zara Sa Haske Jo (G)Dekha Tune
Main Tera (F)Bismil Ho (E)Gaya.

Gulaabi (Am)Aankhen Jo Teri (G)Dekhi
Sharaabi (F)Yeh Dil Ho (E)Gaya.
(Am)Sambhaalo Mujhko O Mere (G)Yaaron
Sambhalna (F)Mushkil Ho (E)Gaya.', 'Mohammed Rafi', 'The Train', 1970, 'D UUD UUD DU
Chords used : Am, G, F, E', 'https://www.youtube.com/watch?v=SbbVZ27I2sc', FALSE, '2018-11-03T14:04:48.953000+00:00', '2018-11-09T02:45:02.065000+00:00');
INSERT INTO public.note_tags (id, user_id, note_id, tag_id) VALUES ('89c9628a-2371-4080-aaa3-59cc74179f30', '3917b9a9-a856-4f33-a910-6ad73f9fa25b', '6992ab60-ff27-42db-b93e-c8a748eeeaf0', '94f83bf8-1cd6-44f7-9e77-dc2d9928b555');
INSERT INTO public.note_tags (id, user_id, note_id, tag_id) VALUES ('084e9740-c8b5-4e9c-b033-af937042be99', '3917b9a9-a856-4f33-a910-6ad73f9fa25b', '6992ab60-ff27-42db-b93e-c8a748eeeaf0', '26bec2c9-84b7-4e97-8246-28dd469f49cd');
INSERT INTO public.notes (id, user_id, title, content, artist, album, release_year, metadata, "references", isPinned, created_at, updated_at) VALUES ('48455c4a-471a-4707-9c56-c820302fbf15', '3917b9a9-a856-4f33-a910-6ad73f9fa25b', 'Do pal Ruka', '......Do....pal....ruka....khwaabon....ka...carvan
```e |--6-----4-----------------------------------------------
B |---------------7-6----6-4-----------6-----4-----6----
G |-----------------------------------------------6-------
```

......Aur....phir....chal....diye.........tum..... kahan....hum....kahan
```e |----------------------------------------------------------------------
B |--4-6----7------6------4-2--------2--------4-6--------------------
G |------------------------------4------------------------6-------4-3--
```

......Do....pal....ki....thi....ye....dilon....ki. ...daastaan
```e |--6-----4--------------------------------------------4--------
B |--------------7----6-----6-----6-4-----6----4----------6---
G |--------------------------------------------------6-----------
```

......Aur....phir....chal....diye.........tum..... kahan....hum....kahan
```e |----------------------------------------------------------------------
B |--4-6----7------6------4-2--------2--------4-6-------------------
G |------------------------------4------------------------6-------4-3-
```

......Aur....phir....chal....diye.........tum..... kahan....hum....kahan
```e |----------------------------------------------------------------------
B |--4-6----7------6------4-2--------2--------4-6--------------------4-
G |------------------------------4------------------------6-------4-3-----
```

STANZA :-

......Tum....the....ki....thi....koyi....ujali.... ..kiran
```e |--6-------6-----4----6----6-4-----6-8-9----8-9-----
```

......Tum....the....ya.....koyi....kali....muskaay i
```e |--9-8-----9-----11----9-7----6------9-7-6-6-6---
B |----------------------------------7-----------------
```

......Tum....the....ya....sapno....ka....tha...... saawan
```e |--6-------6-----4-----6-6------4----6-8------9-8-9--
```

......Tum.....the....ke....khushiyon...ki....ghata ....chaayi....thi
```e |--9-8-----9-----11----9-7-6-------------9-7------6-6-------6--
B |-------------------------------------7----------------------------
```

......Tum....the....ki....tha......koyi....phool.. ..khila
```e |--6-------6-----7----6-4-------------4-4------4-4--
B |------------------------------7-6---------------------
```

......Tum....the.....ya....mila......tha....mujhe. ..naya....jahaan
```e |------------------------------------------------------------------------------------
B |--6-4----4-6----7----6-4-2----2-----4-6----------------6-4-6------4-----2----
G |--------------------------------------------------6-8--------------6------4-----3-
```

......Do....pal....ruka....khwaabon....ka...carvan
```e |--6-----4---------------------------------------------
B |---------------7-6----6-4-----------6-----4-----6--
G |-----------------------------------------------6------
```

......Aur....phir....chal....diye.........tum..... kahan....hum....kahan
```e |----------------------------------------------------------------------
B |--4-6----7------6------4-2--------2--------4-6--------------------
G |------------------------------4------------------------6-------4-3--
```

......Do....pal....ki....thi....ye....dilon....ki. ...daastaan
```e |--6-----4--------------------------------------------4------
B |--------------7----6-----6-----6-4-----6----4----------6--
G |--------------------------------------------------6----------
```

......Aur....phir....chal....diye.........tum..... kahan....hum....kahan
```e |----------------------------------------------------------------------
B |--4-6----7------6------4-2--------2--------4-6--------------------
G |------------------------------4------------------------6-------4-3--
```

......Aur....phir....chal....diye.........tum..... kahan....hum....kahan
```e |-------------------------------------------------------------------------
B |--4-6----7------6------4-2--------2--------4-6--------------------4--
G |------------------------------4------------------------6-------4-3------
```', 'Lata Mangeshkar, Sonu Nigam', 'Veer-Zaara', 2004, NULL, NULL, FALSE, '2017-11-08T02:55:47.628000+00:00', '2017-11-08T03:15:41.933000+00:00');
INSERT INTO public.note_tags (id, user_id, note_id, tag_id) VALUES ('af176bdd-5977-4adf-a66b-0f134db0ac99', '3917b9a9-a856-4f33-a910-6ad73f9fa25b', '48455c4a-471a-4707-9c56-c820302fbf15', '94f83bf8-1cd6-44f7-9e77-dc2d9928b555');
INSERT INTO public.note_tags (id, user_id, note_id, tag_id) VALUES ('504cd1ed-758a-4706-ae5f-26b117578b29', '3917b9a9-a856-4f33-a910-6ad73f9fa25b', '48455c4a-471a-4707-9c56-c820302fbf15', '22c9085c-724b-4679-aa10-b79b72f9b0be');
INSERT INTO public.notes (id, user_id, title, content, artist, album, release_year, metadata, "references", isPinned, created_at, updated_at) VALUES ('5cd825fa-468e-45eb-952c-4e073650b605', '3917b9a9-a856-4f33-a910-6ad73f9fa25b', 'Aye Zindagi - Ram Sampath - Satyamev Jayte', 'Aye(C) zindagi tu hi(F) bata
Khoya hai (G) jo paaun (C)kahaan?
Har bhool(C) ko maafi (F)mile
Roothe (G)palon ko main laaun (C)manaa?
 
(F)Naa jaane kitni (Am)hansti aankhon ke
Saare (G) sapne chheen liye maine
(F)Saaye hain chheene (Am) kitne saron se
Aur (G) kitne ghar phoonk diye maine
Naa jaane (C) kitne,  rishton ki, 
dor main (G)kaat ke aaya hoon
(C)Itni baatein,  bhoolun main kaise?
Kaise main (G)khud ko (C)apnaaun...?
 
Aye(C) zindagi tu hi(F) bata
Khoya hai (G) jo paaun (C)kahaan?
Har bhool(C) ko maafi (F)mile
Roothe (G)palon ko main laaun (C)manaa?
 
Hey Hey
 
Ho(F) aankhein bhi khuli, (Am)maaloom tha sab
Sab kuch(G) hote dekh raha tha main
(F)Phir bhi naa kuch bhi, (Am)roka maine
Jaane (G)kis lehar baha tha maine
 
(C)Kaash ye sab ik khwaab hi ho
Aankh (G)khule to sab theek(C) mile
Bojh ye(C) bann ke jaaye utar
Dil ye (G)mera phir se (C)khile(F)
 
(C)Aye zindagi tu hi (F)bata
Khoya hai (G)jo paaun (C)kahaan?
(C)Har bhool ko maafi (F)mile
Roothe (G)palon ko main laaun (C)manaa', 'Ram Sampath', 'Satyamev Jayate', 2012, 'D D UUD DU', 'https://tabs.ultimate-guitar.com/tab/ram-sampath/aye-zindagi-chords-1165329', FALSE, '2022-02-20T12:47:09.096000+00:00', '2022-02-20T12:51:31.187000+00:00');
INSERT INTO public.note_tags (id, user_id, note_id, tag_id) VALUES ('beacb476-fd85-44f1-a656-3f9de9ae0285', '3917b9a9-a856-4f33-a910-6ad73f9fa25b', '5cd825fa-468e-45eb-952c-4e073650b605', '94f83bf8-1cd6-44f7-9e77-dc2d9928b555');
INSERT INTO public.note_tags (id, user_id, note_id, tag_id) VALUES ('b9f2b343-efc2-4eca-9c02-60d51b211392', '3917b9a9-a856-4f33-a910-6ad73f9fa25b', '5cd825fa-468e-45eb-952c-4e073650b605', '26bec2c9-84b7-4e97-8246-28dd469f49cd');
INSERT INTO public.notes (id, user_id, title, content, artist, album, release_year, metadata, "references", isPinned, created_at, updated_at) VALUES ('cd02ac16-aaeb-4d03-92b9-b641522dac62', '3917b9a9-a856-4f33-a910-6ad73f9fa25b', 'Tujhe Kitna Chahein Aur Hum', '=========SINGLE STRUM========
Dil ka dari(G)ya beh hi ga(Em)ya
Raahon mein (C)yun jo tu mil ga(D)ya
Mushqil se (G)main sambhla tha (Em)haan
Toot gaya (C)hoon phir ek da(D)faa

=========D D UDUD D (DU)========
Baat big(C)di hai iss qa(D)dar
Dil hai (C)toota, toote hain (G)hum

Tere (G)bin ab na lenge ek bhi (Em)dum
Tujhe (C)kitna (D)chaahein aur (G)hum

Tere (G)bin ab na lenge ek bhi (D)dum
Tujhe (C)kitna chaahein aur (G)hum
Tere (G)saath ho jaayenge (D)khatam
Tujhe (C)kitna chaahein aur (G)hum

```e | - 9/10- -12-9 - -7-5 - -4-2- - - - (Here 2 will be 0 with capo)
```

Waqt (G)ne hai kiya humpe (Em)kaisa sitam
Tum bhi (C)bezaar ho bar(D)baad hain hum

Jaane (G)kis raaste mujhko (Em)le jayenge
Bedi(C)sha ye mere dagma(D)gate kadam
Saath de(C)ti parchaai(D)yan
Aur meher(C)baan ho rahe (G)gham

Tere (G)bin ab na lenge ek bhi (D)dum
Tujhe (C)kitna chaahein aur (G)hum
Tere (G)saath ho jaayenge (D)khatam
Tujhe (C)kitna chaahein aur (G)hum
Tujhe (C)kitna chaahein aur (G)hum

Ho…', 'Jubin Nautiyal', 'Kabir Singh', 2019, 'Capo at 2
D D UDUD D (DU)
Chords used : G, Em, C, D', 'https://www.youtube.com/watch?v=Tx9f9IleaRo&feature=youtu.be', FALSE, '2021-01-09T05:14:41.297000+00:00', '2021-01-09T05:39:27.437000+00:00');
INSERT INTO public.note_tags (id, user_id, note_id, tag_id) VALUES ('5728e181-3a81-4f58-a1d7-0a20e51cfd7e', '3917b9a9-a856-4f33-a910-6ad73f9fa25b', 'cd02ac16-aaeb-4d03-92b9-b641522dac62', '94f83bf8-1cd6-44f7-9e77-dc2d9928b555');
INSERT INTO public.note_tags (id, user_id, note_id, tag_id) VALUES ('752e3adc-bdc9-4449-b7b1-2011a42a624f', '3917b9a9-a856-4f33-a910-6ad73f9fa25b', 'cd02ac16-aaeb-4d03-92b9-b641522dac62', '26bec2c9-84b7-4e97-8246-28dd469f49cd');
INSERT INTO public.notes (id, user_id, title, content, artist, album, release_year, metadata, "references", isPinned, created_at, updated_at) VALUES ('5d2bb846-3699-48b2-83bc-f2991c270b34', '3917b9a9-a856-4f33-a910-6ad73f9fa25b', 'Kaun Tujhe (Dhoni)', 'Tu aata hai seene mei
```e | - - - - - - - - - - - - - - - - - - - - - - - - - - -
B | -10-11-10- - - - - - - - - - - - - - - -  - - - -
G | - - - - - - - -12- -10-9- -9-10-10-12-12 -
```

Jab jab saansein bharti hoon
```e | - - - - - - - - - - - - - - - - - - - - - - - - - - 
B | - - -10- - - - - - - - - - - - - - - - - - - - - - 
G | -12- - - -12-10-9- - - - - - - 9-9-10-10 -
D | - - - - - - - - - - - - -12-12- - - - - - - - - - 
```

Tere dil ki galiyon se
```e | - - - - - - - - - - - - - - - - - - - - - - - - - - -
B | -10-11-10- - - - - - - - - - - - - - - -  - - - -
G | - - - - - - - -12- -10-9- -9-10-10-12-12 -
```

Main har roz guzarti hoon
```e | - - - - - - - - - - - - - - - - - - - - - - 
B | - - -10- - - - - - - - - - - - - - - - - - 
G | -12- - - -12-10-9-10-9- - - - - - - -
D | - - - - - - - - - - - - - - - -12-12-12- 
```

Hawaa ke jaise chalta hai tu
```e | - - - - - - - - - - - - - - - - - - - - - - -- - - - - 
B | -10- -10/11-10- - - - - - - - - - - - - - - - - - 
G | - - - - - - - - - - -12-10-9-9-10-10-12-12 -
```

Main ret jaisi udti hoon
```e | - - - - - - - - - - - - - - - - - - - - - - - - - - - - - 
B | -8- -8/10- - - - - - - - - - - - - - - - - - - - - - - 
G | - - - - - - - -12-10-9- - - - - - - -9-9--10-10 -
D | - - - - - - - - - - - - - - -12-12- - - - - - - - - - -
```

Kaun tujhe yun pyar karega
```e | -10- - - - - - - - - - - - - - - - - - - - - - - - - -  
B | - - - -10-10- - - - - - - - - - - - - - - - - - - - -
G | - - - - - - - - -12-10-9-10-10- -12-12-12 - -
```

Jaise main karti hoon
```e | - - - - - - - - - - - - - - - - - - - - - -
B | - - -10- - - - - - - - - - - - - - - - - -
G | -12- - -12-10-9-10-9- - - - - - - - -
D | - - - - - - - - - - - - - - -12-12-12 - 
```

Ho ho….
```e | - - - - - - - - - - - - - - - - - - - - - - - - - - - - - 
B | - - - - - - - - - - -10-11-10- - - - - - - - - - - - - - 
G | - - - -9-10-12- - - - - - - - - -12- -10-9- - - - - - 
D | -12- - - - - - - - - - - - - - - - - - - - -  - - 12-10- 
```

```e | - - - - - - - - - - - - - - - - - - - - - - - - - - 
B | - - - - - - - - - - - - - - -10- - - - - - - - - -
G | - - - - - - -9-10-12- - - - - - 9-10- - - - -
D | -10-12- - - - - - - - - - - - - - - - - - -12 - 
```

Meri nazar ka safar
```e | - - - - - - - - - - - - - - - - - - - -
B | - - - -10- - - - -10- - - - - - - - 
G | - - - - - - -12- - - - -10-9-10 -
D | -12- - - - - - - - - - - - - - - - - 
```

Tujhpe hi aake ruke
```e | - - - - - - - - - - - - - - - - - - - -
B | - - - -10- - - - -10- - - - - - - - 
G | - - - - - - -12- - - - -10-9-12 -
D | -12- - - - - - - - - - - - - - - - - 
```

Kehne ko baaqi hai kya
```e | - - - - - - - - - - - - - - - - - - - -
B | - - - -10- - - - -10- - - - - - - - 
G | - - - - - - -12- - - - -10-9-10 -
D | -12- - - - - - - - - - - - - - - - -
```

Kehna tha jo keh chuke
```e | - - - - - - - - - - - - - - - - - - - -
B | - - - -10- - - - -10- - - - - - - - 
G | - - - - - - -12- - - - -10-9-12 -
D | -12- - - - - - - - - - - - - - - - - 
```

Meri nigaahein hain,  Teri nigahon pe
```e | - - - - - -13-12-10- - - - - - - - - - -10-8- - - - -
B | -10-11- - - - - - - - -10- - - - - 10- - - - - -11- - -
G | - - - - - - - - - - - - - - - - - - -12- - - - - - - - - - - 10-
```

Tujhe khabar kya be-khabar
```e | - - - - - - - - - - - - - - - - - - - - - - - - -
B | - - - - - - -11-10- - - - - - - - - - - - - -
G | -10-12- - - - - - - -12-10- -12-10-9 -
```

Main tujhse hi chhup chhup kar
Teri aankhen padhti hoon
Kaun tujhe yun pyaar karega
Jaise main karti hoon

Ho ho….


===========SINGLE STRING ==========


Tu aata hai seene mein
e-7-8-7-5-3-2-2-3-3-5-5

Jab jab saansein bharti hoon
e-5-5-7-5-3-2-0-0-2-2-3-3

Tere dil ki galiyon se
e-7-7-8-7-5-3-2-2-3-3-5-5

Main har roz guzarti hoon
e-5-7-5-3-2-3-2-0-0--0

Hawa ke jaise chalta hai tu
e-7-8-7-5-3-2-2-3-3-5-5--5

Main ret jaisi udti hoon
e-5-7-5-3-2-0-0-2-2-3-3

Kaun tujhe      yun       pyar        karega
e-12-7-7--------7-5-----3-5------5-7-7

Jaise main karti hoon
e-5-5-7-5-3-2-3-2-0-0--0

Haa.. Aa..
e-0-2-3-5-7-8-7-5-----3 -2-0 

Ha...aaaaa
e-----0-2-3-5-7-2-3-0
B-2------------------------', 'Palak Muchhal', 'M.S. Dhoni: The Untold Story', 2016, NULL, 'https://www.youtube.com/watch?v=7LlJvZRJysQ', FALSE, '2017-10-10T02:37:34.528000+00:00', '2019-12-13T13:00:19.821000+00:00');
INSERT INTO public.note_tags (id, user_id, note_id, tag_id) VALUES ('004b7f71-f944-4944-a851-35a29b108176', '3917b9a9-a856-4f33-a910-6ad73f9fa25b', '5d2bb846-3699-48b2-83bc-f2991c270b34', '94f83bf8-1cd6-44f7-9e77-dc2d9928b555');
INSERT INTO public.note_tags (id, user_id, note_id, tag_id) VALUES ('27347602-dbd9-4560-a908-c337b4c73bac', '3917b9a9-a856-4f33-a910-6ad73f9fa25b', '5d2bb846-3699-48b2-83bc-f2991c270b34', 'f6f1fa22-4ebb-4dfc-8a00-65f2e520dc91');
INSERT INTO public.note_tags (id, user_id, note_id, tag_id) VALUES ('17060c40-e77e-47ed-8e5c-9793f0c813e7', '3917b9a9-a856-4f33-a910-6ad73f9fa25b', '5d2bb846-3699-48b2-83bc-f2991c270b34', '22c9085c-724b-4679-aa10-b79b72f9b0be');
INSERT INTO public.notes (id, user_id, title, content, artist, album, release_year, metadata, "references", isPinned, created_at, updated_at) VALUES ('3b323aae-e7ad-41bb-af1c-b41cf362d9b8', '3917b9a9-a856-4f33-a910-6ad73f9fa25b', 'Thodi Jagah - Marjaavan', '```e | - - - - - - - - - - - - - - - - - - - - - - - - - - - - - - - - - - - - - 
B | - - - 0-1-3- - - - 0-1-3- - - - - - -0-1-3 - - - - -0-1-3 -
G | - 2- - - - - - - -2 - - - - - - - - - - - - - - - - - - - - - - - - - - 
D | - - - - - - - - - - - - - - - - - - - - - - - - - - - - - - - - - - - - - 
A | - - - - - - - - - - - - - - - - - - - - - - - - - - - - - - - - - - - - -
E | - - - - - - - - - - - - - - - - - - - - 1- - - - - - - - -3- - - - - - 
```

======FINGERSTYLE===========
Tho[Am]di jagah de de mujhe
Tere [F]paas kahin reh [G]jaaun main
[Am]Khamoshiyaan teri sunu
Aur [F]door kahin na [G]jaaun main [Am]

Ap[C]ni khushi de[F]ke main tujhe
Tere [Am]dard se jud [G]jaaun main…

======STRUMMING===========
Mila jo [Am]tu yahaan mujhe
Dilaaun [F]main yaqeen tujhe
Rahoon ho[G]ke tera sadaa
Bas itna [E]chaahta hoon main

Tho[Am]di jagah de de mujhe
Tere [F]paas kahin reh [G]jaaun main
[Am]Khamoshiyaan teri sunu
Aur [F]door kahin na [G]jaaun main

======FINGERSTYLE===========
[Am]Hoon besahara tere bina main
[F]Tu jo na ho to [G]main bhi nahin
[Am] Dekhun tujhe yaara jitni dafaa main
[F]Tujhpe hai aata [G]mujhko yaqeen

Sab[C]se main juda ho[F]ke abhi
Teri [Am]rooh se jud [G]jaaun main

======STRUMMING===========
Mila jo [Am]tu yahaan mujhe
Dilaaun [F]main yaqeen tujhe
Rahoon ho[G]ke tera sadaa
Bas itna [E]chaahta hoon main

Tho[Am]di jagah de de mujhe
Tere [F]paas kahin reh [G]jaaun main
[Am]Khamoshiyaan teri sunu
Aur [F]door kahin na [G]jaaun main', 'Arijit Singh', 'Marjaavaan', 2019, 'D Chuck U  U Chuck U
Capo on 3rd fret
Intro: [Dm] [G] [F] [G]', 'https://www.youtube.com/watch?v=_axFQkRzRQ4', FALSE, '2019-10-27T07:56:21.547000+00:00', '2019-10-27T08:01:01.697000+00:00');
INSERT INTO public.note_tags (id, user_id, note_id, tag_id) VALUES ('4c326d89-3fd7-465c-b24f-a75007f782ed', '3917b9a9-a856-4f33-a910-6ad73f9fa25b', '3b323aae-e7ad-41bb-af1c-b41cf362d9b8', '39d6ed04-fc5c-427e-9060-9041887f4d0e');
INSERT INTO public.note_tags (id, user_id, note_id, tag_id) VALUES ('449684a8-fe55-4d6a-a46d-411c74a38bb5', '3917b9a9-a856-4f33-a910-6ad73f9fa25b', '3b323aae-e7ad-41bb-af1c-b41cf362d9b8', '94f83bf8-1cd6-44f7-9e77-dc2d9928b555');
INSERT INTO public.note_tags (id, user_id, note_id, tag_id) VALUES ('45f51c1f-20ab-4127-aaef-f4d8e3942ab0', '3917b9a9-a856-4f33-a910-6ad73f9fa25b', '3b323aae-e7ad-41bb-af1c-b41cf362d9b8', '26bec2c9-84b7-4e97-8246-28dd469f49cd');
INSERT INTO public.notes (id, user_id, title, content, artist, album, release_year, metadata, "references", isPinned, created_at, updated_at) VALUES ('3b86cb09-e36a-4aa1-873b-ebe538df6df0', '3917b9a9-a856-4f33-a910-6ad73f9fa25b', 'Ishq Wala Love', 'Starting Tune :
```E |------------
B |----4-6-------
G |-3/5-5----3------
```

Song Part :

```E |------------
B |-4-3-1----3-1-----1---
G |----3----3-1----3-1-0----
D |---------------------3----
```
Surkh wala, sauz wala, Faiz wala love

```E |------------
B |-4-3-1----3-1-----1---
G |----3----3-1----3-1-0----
D |---------------------3----
```
Hota hai jo love se jyada waise wala love

```E |------------
B |------------
G |------------
D |-1-1-3-1-3-3/5---------
```
Ishq wala love

```E |------------
B |------------
G |-3-3------0---3----
D |---3-3-3-3-3---1---3-3-3-3-3-1-3--
```
Hua jo dard bhi toh humko aaj kuch zyada hua

```E |------------
B |------------
G |------------
D |-1-1-3-1-3-3/5---------
```
Ishq wala love

```E |------------
B |------------
G |-3-3------0---3----
D |---3-3-3-3-3---1---3-3-3-3-3-1-3--
```
Ye kya hua hai kya khabar yehi pata hai zyada hua

```E |------------
B |------------
G |------------
D |-1-1-3-1-3-3/5---------
```
Ishq wala love

```E |------------
B |------------
G |-3-3------0---3----
D |---3-3-3-3-3---1---3-3-3-3-3-1-3--
```
Agar ye usko bhi hua hai phir bhi mujhko zyada hua

```E |------------
B |------------
G |------------
D |-1-1-3-1-3-3/5---------
```
Ishq wala love

```E |----1--------
B |-1-3-4---4-3-4-3-1----1-3--
G |------------3------3---
```
Meri neend jaise pehli baar tooti hai

```E |----1--------
B |-1-3-4---4-3-4-3-1-----1-3--
G |------------3------
```
Aankhein mal ke dekhi hai maine subah

```E |----1--------
B |-1-3-4---4-3-4-3-1-----1-3--
G |-----------3-------3-3-3-1--
```
Hui dhoop zyada leke teri roshni din chadha…

```E |------------
B |------------
G |------------
D |-1-1-3-1-3-3/5---------
```
Ishq wala love

```E |----1--------
B |-1-3-4---4-3-4-3-1----1-3--
G |------------3------3---
```
Jhanke badalon ki jaali ke peechhe se

```E |----1--------
B |-1-3-4---4-3-4-3-1-----1-3--
G |------------3------
```
Kare chandani ye mujhko ittala

```E |----1--------
B |-1-3-4---4-3-4-3-1-----1-3----------1-1-4-4-
G |------------3-------3-3-3-1--
```
Leke noor sara chand mera yahin pe hai chhupa chhupa hua

```E |------------
B |------------
G |------------
D |-1-1-3-1-3-3/5---------
```
Ishq wala love
.
.
.

Hua jo dard bhi toh humko aaj kuch zyada hua

Ishq wala love

Ye kya hua hai kya khabar yehi pata hai zyada hua

Ishq wala love

Agar ye usko bhi hua hai phir bhi mujhko zyada hua

Ishq wala love



Kyon na aise hota

Jo milte tum ho jaate gum saath mere

Hote hote hoga samjhaye hum

Tham jaa aye tham O dil mere

Toota jaata jaata taara jab gira

Zara zyada zyada maangu dil tera

Kabhi zyada zyada maane na dil ye sarphira

Ishq wala love



Bada ye dil nadaan tha, par aaj kuch zyada hua

Ishq wala love

Jo khone ka tha dar tujhe pata nahi kyu zyada hua

Ishq wala love



Hua jo dard bhi toh humko aaj kuch zyada hua

Ishq wala love

Ye kya hua hai kya khabar yehi pata hai zyada hua

Ishq wala love

Agar ye usko bhi hua hai phir bhi mujhko zyada hua

Ishq wala love



Surkh wala, sauz wala, Faiz wala love

Hota hai jo love se jyada waise wala love

Ishq wala love (x2)', 'Salim Merchant, Neeti Mohan, Shekhar Ravjiani', 'Student of the Year', 2012, NULL, NULL, FALSE, '2017-11-03T16:18:06.738000+00:00', '2018-09-12T16:11:16.841000+00:00');
INSERT INTO public.note_tags (id, user_id, note_id, tag_id) VALUES ('7bf671f9-44e7-44aa-aab0-8053e4555c71', '3917b9a9-a856-4f33-a910-6ad73f9fa25b', '3b86cb09-e36a-4aa1-873b-ebe538df6df0', '94f83bf8-1cd6-44f7-9e77-dc2d9928b555');
INSERT INTO public.note_tags (id, user_id, note_id, tag_id) VALUES ('2f7174d8-1d96-4dea-a9bf-0cde78d28465', '3917b9a9-a856-4f33-a910-6ad73f9fa25b', '3b86cb09-e36a-4aa1-873b-ebe538df6df0', '22c9085c-724b-4679-aa10-b79b72f9b0be');
INSERT INTO public.notes (id, user_id, title, content, artist, album, release_year, metadata, "references", isPinned, created_at, updated_at) VALUES ('e665e647-3491-4479-8018-ab1135a0ad0a', '3917b9a9-a856-4f33-a910-6ad73f9fa25b', 'Dil Ne Yeh Kaha Hai Dil Se', 'E --------------------------------------
B -----6---------------------------------
G -5-7---7-5-4-7-5---------------------
Dil ne yeh kaha hai dil se
E --------------------------------------
B -------6-------------------------------
G -5-5-7--7-5-4-7-5-------------------
Mohabbat ho gayi hai tum se

E --------------------------------------
B -------8-6-4-6\8-6-----------------
G -5-7-8-------------------------------
meri jaan na mere dilber

E --------------------------------------
B ------6-4--3-4\6-4------------------
G -3-5-7-------------------------------
mera aietebar ker lo

E --------------------------------------
B -------8-6-4-6\8-6-------------------
G -5-7-8---------------------------------
jitna bekarar hu mein

E --------------------------------------
B ------6-4--3-4\6-4-----------------
G -3-5-7-------------------------------
khud ko bekarar ke lu

E --------------------------------------
B --------------------------------------
G --3-5---5-8-7-5-8-7----------------
meri dhadkano ko sumjho

E --------------------------------------
B --------------------------------------
G -7-5-4-4----4-4--7-5-5---------------
tum bhi muj se pyar ker lo', 'Udit Narayan, Alka Yagnik, Kumar Sanu', 'Dhadkan', 2000, NULL, NULL, FALSE, '2017-11-08T02:50:21.585000+00:00', '2017-11-08T03:01:16.933000+00:00');
INSERT INTO public.note_tags (id, user_id, note_id, tag_id) VALUES ('b7064b25-795c-4dfe-8a99-69aad01950ba', '3917b9a9-a856-4f33-a910-6ad73f9fa25b', 'e665e647-3491-4479-8018-ab1135a0ad0a', '94f83bf8-1cd6-44f7-9e77-dc2d9928b555');
INSERT INTO public.note_tags (id, user_id, note_id, tag_id) VALUES ('b35f91cc-afbb-4b2c-a91e-467781a107fb', '3917b9a9-a856-4f33-a910-6ad73f9fa25b', 'e665e647-3491-4479-8018-ab1135a0ad0a', '22c9085c-724b-4679-aa10-b79b72f9b0be');
INSERT INTO public.notes (id, user_id, title, content, artist, album, release_year, metadata, "references", isPinned, created_at, updated_at) VALUES ('f79848ec-cd42-4a9f-b34e-e45fc6d93b7e', '3917b9a9-a856-4f33-a910-6ad73f9fa25b', 'Kho Gaye Hum Kahan', 'Intro (G) - 6-4 3 434343 3-6

(G) Rooh se behti hui (Am7)dhun ye ishare de..(D)....(D)....
(G) Kuch mere raaz tere (Am7)raaz aawara se..(D)....(D)....

(C)Kho gaye hum (G)kahan
(C)Rangon sa ye (G)jahan
(C)Kho gaye hum (D)kahan
(C)Rangon sa ye (D)jahan

(G)Tedhe-medhe raaste hain
(C)Jaadui imaaratein hain
(G)Main bhi hoon
Tu bhi hai (C)yahan

(G)Khoyi soyi sadko pe
(D)Sitaron ke kandhon pe Hum
(G)naachte udte hain (D)yahan

(C)Kho gaye hum (G)kahan
(C)Rangon sa ye (G)jahan
(C)Kho gaye hum (D)kahan
(C)Rangon sa ye (D)jahan

(G)Ooo..(C)....(G)oo…(D)..
(G)Ooo..(C)....(G)oo…(D)..

(B7)..So (Am7)gayi hain ye (D)saansein (G)sabhi
(B7)..Adhoo(Am7)ri si hai (D)kahaani (G)meri

(B7)..Phisal (Am7)jaayein bhi toh (D)darr na (G)koi
(B7)..Ruk (Am7)jaane ki (D)zaroorat (G)nahi

(G) Kaagaz ke parde hain, (Am7)Taale hain darwazon pe..(D)....(D)....
(G) Paani mein doobe huve, (Am7)Khwaab alfazon ke..(D)....(D)....

(C)Kho gaye hum (G)kahan
(C)Rangon sa ye (G)jahan
(C)Kho gaye hum (D)kahan
(C)Rangon sa ye (D)jahan

(G)Tedhe-medhe raaste hain
(C)Jaadui imaaratein hain
(G)Main bhi hoon
Tu bhi hai (C)yahan

(G)Khoyi soyi sadko pe
(D)Sitaron ke kandhon pe Hum
(G)naachte udte hain (D)yahan

(G)Ooo..(C)....(G)oo…(D)..
(G)Ooo..(C)....(G)oo…(D)..', 'Jasleen Royal, Prateek Kuhad', 'Baar Baar Dekho', 2016, 'Capo at 7
Fingerstyle for G : 6-4 34 5-2 4343
Fingerstyle for Others : 5-4 34 5-2 4343
NOTE : Here D is not normal D, its open D
Chords used : G, D, C, B7', 'https://www.youtube.com/watch?v=lKpQjjKOXto', FALSE, '2022-01-12T03:43:49.735000+00:00', '2022-01-12T04:31:12.086000+00:00');
INSERT INTO public.note_tags (id, user_id, note_id, tag_id) VALUES ('d7a23fe4-55dc-4cfc-b1cd-c972ce7ca9ae', '3917b9a9-a856-4f33-a910-6ad73f9fa25b', 'f79848ec-cd42-4a9f-b34e-e45fc6d93b7e', '94f83bf8-1cd6-44f7-9e77-dc2d9928b555');
INSERT INTO public.note_tags (id, user_id, note_id, tag_id) VALUES ('8ea9742a-39ee-4242-8e02-253bf60584c5', '3917b9a9-a856-4f33-a910-6ad73f9fa25b', 'f79848ec-cd42-4a9f-b34e-e45fc6d93b7e', '375ee2c2-3bd4-473f-afd0-87ef7a38f19a');
INSERT INTO public.note_tags (id, user_id, note_id, tag_id) VALUES ('64629382-530f-44ed-85f7-6ebfba74842a', '3917b9a9-a856-4f33-a910-6ad73f9fa25b', 'f79848ec-cd42-4a9f-b34e-e45fc6d93b7e', '26bec2c9-84b7-4e97-8246-28dd469f49cd');
INSERT INTO public.notes (id, user_id, title, content, artist, album, release_year, metadata, "references", isPinned, created_at, updated_at) VALUES ('49e6f668-1c94-426a-b714-067ef03d51a3', '3917b9a9-a856-4f33-a910-6ad73f9fa25b', 'Dheere Dheere Se', 'Saxophone intro
```E|--------------------------------------------------------------------------------
B|---4h5---5/7-----5--4---2h4-----2---------2h4-----5-----4--2--------2--4--5--4--
G|---------------------------------------------------------------------------------4--------------
```

Guitar intro 1
```E|--------------------------------------------------------------------11-9--7-----
B|------9/12----11h12p11-9--9-----7-----7------7h9-----------------
G|-----------------------------------------------------------------
```

Guitar intro 2
```E|-----------------9------9/11-11-11-------------------------------------------
B|------9/12------------------------------11h12p11-9--9------5/7-----7------7\5--
G|-----------------------------------------------------------------------
```

filler
```E|------------------4-----4--6--7--6--7--9--
B|--5--7--5--7-----7--------------------
G|--------------------------------------
```

Intro 3
```E|--------------------------------------------------------------
B|------9/12----11h12p11-9--9-----7-----7------7h9-----12-11-9--
G|--------------------------------------------------------------
```

Dhire Dhire se meri zindegi me aana
```E|-----------------------------------------------------------------------
B|-----7--9------9/12-11-9-----9--9-----12-11-9-----9-----11h12p11p9-----
G|----------------------------------------------------------------------------------------------11-
```

Dhire dhire se mere dil ko churana
```E|-----------------------------------------------------------
B|-----7--9------9/12-11-9-----9--9--12----11----9--9-----9--
G|-----------------------------------------------------------
```

tumse pyaar hume hai kitna jane jana
```E|-----------------------------------------------------------------------
B|-----7--9------9/12-11-9-----9--9-----12-11-9-----9-----11h12p11p9-----
G|---------------------------------------------------------------------------------------------11-
```

tumse milkar tumko hai batana
```E|-----------------------------------------------------------
B|-----7--9------9/12-11-9-----9--9--12----11----9--9-----9--
G|-----------------------------------------------------------
```

o dhire dhire se (female part)
```E|--------------------------------------------------------------------------
B|--7------7--9------9/12-11-9-----9--9-----12-11-9-----9-----11h12p11p9----
G|-------------------------------------------------------------------------------11-
```

Dhire dhire se dil ko churana
```E|-----------------------------------------------------------
B|-----7--9------9/12-11-9-----9--9--12----11----9--9-----9--
G|-----------------------------------------------------------
```

Tumse pyaar hume hai kitna jaane jana
```E|----------------------------------------------------------------9--------
B|-----7--9------9/12-11-9-----9--9-----12-11-9-----9-----11----------
G|--------------------------------------------------------------------11-
```

tumse milkar tumko hai batana
```E|-----------------------------------------------------------
B|-----7--9------9/12-11-9-----9--9--12----11----9--9-----9--
G|-----------------------------------------------------------
```

Jab se tujhe dekh dil ko kahin aram nahi
```E|--------------------------------------------------------------------------------------
B|------2/4--4-------------5--4-----4--------------------5--4-----------------------------
G|-----------------4-----6--------------------4-----6--------------6--4--6-----4-----3--3--
```

filler
```E|-----------------------------------------
B|-----------------------------------------
G|-----3-----4--6--4--3-----3-----3--4--3--
D|----------------------------6-----6-----------
```

mere honton pe ek tere siba koi naam nahi
```E|--------------------------------------------------------------------------------
B|--------------------------------------------------------------------------------
G|-----6--4--3-----4--6--6-----6--4--3-----4--6--6-----4--3-----4-----3-----------
D|--------------------------------------------------------------------------------------6--6--
```

filler lead
```E|--------------------------------------------------
B|--------------------------------------------------
G|---------------------3/4--3-----------------------
D|------4/6-----6--------------4------4/6------6\1--
```

Apna bhi haal tumhare jaisa hai saajan
```E|------9/11-11-------------12-11----11-----------------12-11-------------------------
B|--------------------12----14-----------------12-12----14----------14-12-14----12----11-
G|-----------------------------------------------------------------------------
```

filler
```E|-----------------------------------------
B|-----11-12----14-12-11----11------11-12-11-
G|--------------------------------13----13----------
```

bas yaad tujhe karte hai or koi kaam nahi
```E|------7/9-----------------------9--9-----9----------------------9--9--------------------------------
B|-------------12----11----12---------------12----11----12----------12-11-12----11-------9--9--
G|-----------------------------------------------------------------------------------------
```', 'Kumar Sanu, Anuradha Paudwal', 'Aashiqui', 1990, NULL, 'https://www.acousterr.com/tab/dheere-dheere-se', FALSE, '2018-08-11T10:11:21.590000+00:00', '2019-01-20T10:27:49.335000+00:00');
INSERT INTO public.note_tags (id, user_id, note_id, tag_id) VALUES ('9d17701a-7e31-4227-9f89-fe3a625dfd4e', '3917b9a9-a856-4f33-a910-6ad73f9fa25b', '49e6f668-1c94-426a-b714-067ef03d51a3', '39d6ed04-fc5c-427e-9060-9041887f4d0e');
INSERT INTO public.note_tags (id, user_id, note_id, tag_id) VALUES ('a6d9b106-966a-4a83-8c8a-2d5dd4044745', '3917b9a9-a856-4f33-a910-6ad73f9fa25b', '49e6f668-1c94-426a-b714-067ef03d51a3', '22c9085c-724b-4679-aa10-b79b72f9b0be');
INSERT INTO public.note_tags (id, user_id, note_id, tag_id) VALUES ('0235064f-339a-4080-9fdf-dff24818721a', '3917b9a9-a856-4f33-a910-6ad73f9fa25b', '49e6f668-1c94-426a-b714-067ef03d51a3', 'f22d1b82-b224-4a44-a581-b5c25015af54');
INSERT INTO public.notes (id, user_id, title, content, artist, album, release_year, metadata, "references", isPinned, created_at, updated_at) VALUES ('8a518fc5-6730-4e0e-9a38-a594af5873bc', '3917b9a9-a856-4f33-a910-6ad73f9fa25b', 'Mission Impossible', '```e | - - - - - - - - - - - - - - - - - - - 
B | - - - - - - - - - - - - - - - - - - -
G | - - - - - - - - - - - - - - - - - - -         ....................x2
D | - - - - - - - - - - - - - - - - - - - 
A | - - - - -1 -3 - - - - - - - - - - - 
E | - 3- 3- - - - - -3 -3 -1 -2 - -  
```

```e | -6h3 - - -6h3 - - - 6h3- - - - - - - - -
B | - - - - -3 - - - - - - - - - - - - - - - - - - - 
G | - - - - - - - - - - -6 - - - - - 5- -3h5 - -
```

```e | - - - - - 2- - - - - 1- - - - - 0- - - - - - - 
B | - - - - - - - - - - - - - - - - - - - -4h3 - - 
G | -3h0 - - -3h0 - - -3h0 - - - - - - - - 
```

```e | -11h8 - - -11h8 - - - - -11h8 - - - - - - - - - - - 
B | - - - - - -8 - - - - - - - - - - - - - - - - - - - - - - - - - 
G | - - - - - - - - - - - - - -11 - - - - - - -10 - -8h10 - 
```

```e | - - - - - 2- - - - - 1- - - - - 0- - - - - - - 
B | - - - - - - - - - - - - - - - - - - - -4h3 - - 
G | -3h0 - - -3h0 - - -3h0 - - - - - - - - 
```

```e | - - - - - - - - - - - - - - - - - - - - - - - - 
B | - - - - - - - - - - - - - - - - - - - - - - - - 
G | - - - - - - - - - - - - - - - - - - - - - - - - 
D | - 0 - 0 - 1 - 3 - 0 - 0 -1 - 3 - 0 - -
```




OLD


E----10//////----/15-----------------------------------------------
B--------------------------------------------------------------------
G--------------------------------------------------------------------
D--------------------------------------------------------------------
A-----------------------------------1----3--------------------------
E------------------------3----3---------------3----3----1----2---

E-------------------------------------------------
B-------------------------------------------------
G---------------3----5--------------------------
D----5----5----3----5----5----5----3----4---
A----5----5----1----3----5----5----3----4---
E----3----3----------------3----3----1----2---

E----------------6----8--------------------------
B----8----8----------------8----8----6----7---
G-------------------------------------------------
D-------------------------------------------------
A-------------------------------------------------
E-------------------------------------------------

PART 2
E------------------------------------------------------------
B----11p8--------11p8-------11p8---------------------
G------------------------------------------------------------
D-------------12-----------11----------10-----8--10----
A-------------------------------------------------------------
E-------------------------------------------------------------

PART 3
E--------------14--------------13--------------12------11--10---
B----11---------------11-------------11----------------------------
G--------12--------------12-------------12-------------------------
D----------------------------------------------------------------------
A----------------------------------------------------------------------
E----------------------------------------------------------------------

PART 4
E----11p8--------11p8-------11p8--------------------
B------------------------------------------------------------
G------------12------------11----------10-----8--10---
D------------------------------------------------------------
A------------------------------------------------------------
E------------------------------------------------------------



[[SINGLE STRING]]


[ 9 9 9 9 12 14

9 9 9 9 7 8 ]  x3 times

12 9 4

12 9 3

12 9 2 0 2

12 9 16

12 9 15

12 9 14 12 14', 'Lalo Schifrin', 'Mission: Impossible (Original TV Soundtrack)', 1966, NULL, 'https://www.youtube.com/watch?v=r4AEKJomOXY
https://www.youtube.com/watch?v=g4ZK39FzFoU', FALSE, '2017-10-06T03:06:27.706000+00:00', '2020-10-14T14:09:27.261000+00:00');
INSERT INTO public.note_tags (id, user_id, note_id, tag_id) VALUES ('fab74660-6e8d-4653-9e63-84694f78721b', '3917b9a9-a856-4f33-a910-6ad73f9fa25b', '8a518fc5-6730-4e0e-9a38-a594af5873bc', '484fde0b-53ea-4d62-82d9-dff38182c04c');
INSERT INTO public.note_tags (id, user_id, note_id, tag_id) VALUES ('a5bbb793-47e0-48fd-b4ca-eb931f580838', '3917b9a9-a856-4f33-a910-6ad73f9fa25b', '8a518fc5-6730-4e0e-9a38-a594af5873bc', 'f6f1fa22-4ebb-4dfc-8a00-65f2e520dc91');
INSERT INTO public.note_tags (id, user_id, note_id, tag_id) VALUES ('7838a87e-ad56-4242-8d9e-1e8f4e9e6f1d', '3917b9a9-a856-4f33-a910-6ad73f9fa25b', '8a518fc5-6730-4e0e-9a38-a594af5873bc', '22c9085c-724b-4679-aa10-b79b72f9b0be');
INSERT INTO public.note_tags (id, user_id, note_id, tag_id) VALUES ('34452b0c-edfe-4e88-a903-544904f05dfd', '3917b9a9-a856-4f33-a910-6ad73f9fa25b', '8a518fc5-6730-4e0e-9a38-a594af5873bc', 'eebbc269-be1f-43e9-a641-4b2e91a39ff4');
INSERT INTO public.notes (id, user_id, title, content, artist, album, release_year, metadata, "references", isPinned, created_at, updated_at) VALUES ('779133db-4f77-4681-83a2-827b374a9e56', '3917b9a9-a856-4f33-a910-6ad73f9fa25b', 'Tu Hi Yeh Mujhko Bata De', 'Tu hi yeh mujhko bata de
2-10-9-10-9-7-9-7-5

Chahoon main ya na

5-7-9-7-7-7

Apne tu dil ka pata de

2-10-9-10-9-7-9-7-5

Chahoon main ya na

5-7-9-7-7-7

Itna bata doon tujhko

14-14-14-14-12-12-12

Chahat pe apni mujhko

12-12-12-12-10-10-10

Yun to nahi ikhtiyaar

10-10-10-10-9-7-10-9

Phir bhi yeh socha dil ne

14-14-14-14-12-12-12

Ab jo laga hoon milne

12-12-12-12-10-10-10

Poochhoon tujhe ik baar.. o..

10-10-10-10-9-7-10-9......

Tu hi yeh mujhko bata de

2-10-9-10-9-7-9-7-5', 'Arijit Singh, Palak Muchhal', 'Aashiqui 2', 2013, NULL, NULL, FALSE, '2017-10-06T03:11:22.978000+00:00', '2017-10-06T03:11:42.438000+00:00');
INSERT INTO public.note_tags (id, user_id, note_id, tag_id) VALUES ('db0e4415-c9d9-4a2a-b524-569e67aac94f', '3917b9a9-a856-4f33-a910-6ad73f9fa25b', '779133db-4f77-4681-83a2-827b374a9e56', '94f83bf8-1cd6-44f7-9e77-dc2d9928b555');
INSERT INTO public.note_tags (id, user_id, note_id, tag_id) VALUES ('d7591467-91c7-440d-b94b-5446d6013046', '3917b9a9-a856-4f33-a910-6ad73f9fa25b', '779133db-4f77-4681-83a2-827b374a9e56', '484fde0b-53ea-4d62-82d9-dff38182c04c');
INSERT INTO public.note_tags (id, user_id, note_id, tag_id) VALUES ('ecb10fba-b241-4c88-8e29-c151a8d461e9', '3917b9a9-a856-4f33-a910-6ad73f9fa25b', '779133db-4f77-4681-83a2-827b374a9e56', '22c9085c-724b-4679-aa10-b79b72f9b0be');
INSERT INTO public.notes (id, user_id, title, content, artist, album, release_year, metadata, "references", isPinned, created_at, updated_at) VALUES ('39949683-cef2-49dc-b06e-e0fdc44b9bec', '3917b9a9-a856-4f33-a910-6ad73f9fa25b', 'Dhaaga - TVF Aspirants', '=========SINGLE STRUM========
(G)Haule se sir(Em)hane mein
(C)rakh kar ye (G)yade
(G)mere man ki (Em)jholi me 
(C)chhodkar ye (G)yade

=========STRUMMING========
(C)aankho se (G)ojhal 
ho na (C)jana tu (G)sathi 
(C)Udta sa (G)badal ho na (D)jana

(G)Dhaga ye (Dm)toote na ye (C)dhaga (Am)
(C)barso ki (D)yadon ka ye (G)dhaga
(G)Dhaga ye (Dm)toote na ye (C)dhaga (Am)
(C)barso ki (D)yadon ka ye (G)dhaga

=========SINGLE STRUM========
(G)toota jo mein (Em)tune aakar joda 
(D)tere hatho se mein (C)bna (G)tha

=========STRUMMING========
(G)tera tha jo (Em)hua jab mera wo
(D)dhaga tere bina (C)adhoora (G)
(C)dunia ye (G)meri tuj (C)se hi thi (G)poori
(C)jana ye (G)lekin der (D)se jana

(G)Dhaga ye (Dm)toote na ye (C)dhaga (Am)
(C)barso ki (D)yadon ka ye (G)dhaga
(G)Dhaga ye (Dm)toote na ye (C)dhaga (Am)
(C)barso ki (D)yadon ka ye (G)dhaga

(G)Haule se sir(Em)hane mein
(C)rakh kar ye (G)yade
(G)mere man ki (Em)jholi me 
(C)chhodkar ye (G)yade
(C)aankho se (G)ojhal 
ho na (C)jana tu (G)sathi 
(C)Udta sa (G)badal ho na (D)jana', 'Nilotpal Bora', 'Aspirants (Original Series Soundtrack)', 2021, 'Capo at 4
Strum :  ddD DU
               Dd D U  (My Version)', 'https://www.youtube.com/watch?v=fI1Eg9Qc0vw', FALSE, '2021-05-08T09:38:27.430000+00:00', '2021-05-08T10:41:16.705000+00:00');
INSERT INTO public.note_tags (id, user_id, note_id, tag_id) VALUES ('b9e3a919-9f11-4345-a41d-0feedc1ac63f', '3917b9a9-a856-4f33-a910-6ad73f9fa25b', '39949683-cef2-49dc-b06e-e0fdc44b9bec', '94f83bf8-1cd6-44f7-9e77-dc2d9928b555');
INSERT INTO public.note_tags (id, user_id, note_id, tag_id) VALUES ('27e07026-d830-43eb-8046-32cd53b4ed03', '3917b9a9-a856-4f33-a910-6ad73f9fa25b', '39949683-cef2-49dc-b06e-e0fdc44b9bec', '26bec2c9-84b7-4e97-8246-28dd469f49cd');
INSERT INTO public.notes (id, user_id, title, content, artist, album, release_year, metadata, "references", isPinned, created_at, updated_at) VALUES ('484d58de-7523-4baf-a727-e43abddc38f3', '3917b9a9-a856-4f33-a910-6ad73f9fa25b', 'The Night King - Game of Thrones', '```E|--5--------5--8--8--5--------5--------5--8--8--5--------12----------8--8--10----8-----5--8--8--5-
B|------------------------------------------------------------------10----------------------------------
```

```E|-----12-------8--8--10----8-----------5--5-----
B|-----------10-----------------------6--------5--
```

```E|-----5-------5--8-----8--8-----8--7-------8--8-----8--5------5--5-----5----------------------
B|----------------------------------------------------------------------------------------6-----6--6-----6--5---
```

```E|--------8--8-----8--7--------8--8-----8--5--------5--5-----5----------------------------
B|-------------------------------------------------------------------------6--------6--6------6--5--
```

```E|--------0--------------------------------------------------------------------------------------------------
B|--3-----------------1--1--------------------1--1-----------------------1--1--------------------1--1--0------
G|-----------------2--------2-----2--------2--------2-----2--------2--------2-----2--------2--------------2--
```

```E|-----------------------------------------------------------------------------------------------------------0--5--5--
B|-----------1--1--------------------1--1--0-----------------1--1--------------------1--1--0-----------------
G|--------2--------2-----2--------2--------------2--------2--------2-----2--------2--------------2-----------
```

```E|------------------------0--5--5--------------------------12-0--------------0-----------10------------------
B|------1--1--0-----------------------------1--1--0--------------10-10----------10-10-------------------
G|---2-----------------2-----------------2-----------------------------------------------------------------0-
D|------------------------------------------------------------------------------------------10-10-9----7-----
```

```E|------------------8-----0--5-
B|-----------------------------
G|---------5--5--4-----7-------
D|------7----------------------
```

```E|-----0--5--5-----10----------------------------------5--8--8--7--5--3-----5--8--8--5-----5--8--8--7--5--3-
B|-----------------------------------------------------------------------------------------------------------
G|-----------------------------------------5--5--3-----------------------------------------------------------
D|--------------------10-10-8--7--5-----7--------------------------------------------------------------------
```

```E|-----5--10-10----------8--8--6--5--3-----5--8--8--5-----5--8--8--7--------5--8--8--5-----------------------
B|--------------10----10-------------------------------------------------------------------------------------
G|--------------------------------------------------------------------------------------------------5--5--2--
D|-----------------------------------------------------------------------------------------7-----7-----------
```

```E|--13----13-13----13-12----------13----13-13----13-10----------10----10-10----10-------------------------------
B|--------------------------------------------------------------------------------11----------11----11-11----10-
G|--------------------------------------------------------------------------------------------------------------
```

```E|--------------------------------------------------------------------------13-13-13-13-13-13-13-15-
B|-----------8-----------------8-----------------8-----------------8--------------------------------
G|--10----------------10----------------10----------------10----------------------------------------
```

```E|--13-13-13-13-13-13-13-15-------------------------------------------------------------------------------
B|--------------------------------16-16-16-16-16-16-16-15-------1--4--4--------------------4--4-----------
G|-----------------------------------------------------------------------5-----5--------5--------5-----5--
```

```E|--------------------------------------------------------------------------------------------------
B|-----4--4--------------------4--4--------------------4--4--3-----1--------1--1--4--4--------------
G|--5--------5-----5--------5--------5-----5--------5-----------------------------------5-----5-----
```

```E|-----------------------------------------------------------------------3--------4--6-----8-----13-13-10----8--
B|--------4--4--3-----1--------1--1--------1--1--------1--1-----1--4--3-----------------------8-----------------
G|--5--5--------------------------------------------------------------------------------------------------------
```

```E|--------------------6-----8-----8--15-15----------------------------------------------------
B|-----8--------9--------------------------15-------------------------------------11-13-------
G|--------------------------------------------------------------12----------13----------------
D|--------------------------------------------------13-13----12-------------------------------
A|-----------------------------------------------15-------------------------------------------
```

```E|-----------------------------------------------------------------------------------------------------
B|--4--4-----4--4--3--------4--4-----4--4--------------------------------------------------------------
G|-----------------------------------------5--------5--5-----5--5--------------------------------------
D|-----------------------------------------------------------------6--------6--6-----6--6--5-----3--1--
```

```E|-----------------------------------------3--4--3-----1--------3--4--3--------4--6--4-----------------------------
B|--4--4--4--4--4--------------------6--------------------------------------------------4--------4--4-----4--4--3--
G|-----------------5--------5--5-----------------------------------------------------------5-----------------------
```

```E|--4--4-----4--4--3--------3--3-----3--3--------------------------2--------2--2--2-----2--2--3--
B|-----------------------------------------4--------4--4-----4--4--------------------------------
G|-----------------------------------------------------------------------------------------------
```

```E|--11-11----11-11-10-------11-11----11-11-8--------8--8-----8--8--6--------6--6-----6--6--7--------11-11----11-11-10-
B|--------------------------------------------------------------------------------------------------------------------
G|--------------------------------------------------------------------------------------------------------------------
```

```E|--11-11----11-11-8--------8--8-----8--8--6--------6--6--6--6--6--6--6--6--7--------11-11-11-11-11-11-11-10-
B|-----------------------------------------------------------------------------------------------------------
G|-----------------------------------------------------------------------------------------------------------
```

```E|--11-11-11-11-11-11-11-11-8--------8--8--8--8--8--8--8--6--------6--6--6--6--6--6--6--6--7-----
B|-----------------------------------------------------------------------------------------------
G|-----------------------------------------------------------------------------------------------
```

```E|-----11-11-11-11-11-11-11-10-------11-11-11-11-11-11-11-11-8--------8--8--8--8--8--8--8--6--
B|--------------------------------------------------------------------------------------------
G|--------------------------------------------------------------------------------------------
```

```E|--6--6--6--6--6--6--6--6--7--------11-11-11-11-11-11-11-10-------10-10-11-10-10-8--8--8--8--8--8--8--8--8--8--
B|--------------------------------------------------------------------------------------------------------------
G|--------------------------------------------------------------------------------------------------------------
```

```E|--8--8--8--6-----6--8--8--8--8--8--8--8--8--6--6--6--6--6--8--6--6--3--3--6--8--8--8--6--6--3--3--3--3--3--3--3--
B|--------------8--------------------------------------------------------------------------------------------------
G|-----------------------------------------------------------------------------------------------------------------
```

```E|--------------------------------------------------------------------------------------8--------8--11-11-8-----8--
B|--1--4--4--------------------4--4--------------------4--4--------------------4--4--3-----------------------------
G|-----------5-----5--------5--------5-----5--------5--------5-----5--------5--------------------------------------
```

```E|--8--11-11-10----8--------8--11-11-8-----8--------8--11-11-10-------11-11-11-11-11-11-10-10-10-10-10-10-
B|--------------------------------------------------------------------------------------------------------
G|--------------------------------------------------------------------------------------------------------
```

```E|--11-11-11-11-11-11-8--8--8--8--8--8--11-11-11-11-11-11-10-10-10-10-10-10-11-11-11-11-11-11-8--8--8--8--8--8--
B|--------------------------------------------------------------------------------------------------------------
G|--------------------------------------------------------------------------------------------------------------
```

```E|--13-13-13-13-13-13-11-11-11-11-11-11-13-13-13-13-13-13-11-11-11-11-11-8-----------8--------3--8--------3--8--
B|--------------------------------------------------------------------------------8--------6-----------6--------
G|-----------------------------------------------------------------------------10-------5-----------5-----------
D|--------------------------------------------------------------------------10----------------------------------
```

```E|--------3--8--------3--8---
B|-----6-----------6---------
G|--5-----------5------------
```', 'Ramin Djawadi', 'Game of Thrones: Season 8 (Music from the HBO Series)', 2019, 'TBD : Alignment', 'https://www.acousterr.com/tab/the-night-king', FALSE, '2020-02-08T13:58:39.796000+00:00', '2025-09-12T14:59:57.294000+00:00');
INSERT INTO public.note_tags (id, user_id, note_id, tag_id) VALUES ('4e61809d-22e5-4505-a344-d0da6d339139', '3917b9a9-a856-4f33-a910-6ad73f9fa25b', '484d58de-7523-4baf-a727-e43abddc38f3', 'ca29fa62-24fc-4ecb-808c-f795c7122529');
INSERT INTO public.note_tags (id, user_id, note_id, tag_id) VALUES ('4e8aefe7-33f1-4d3b-8aac-4a3d3a39f893', '3917b9a9-a856-4f33-a910-6ad73f9fa25b', '484d58de-7523-4baf-a727-e43abddc38f3', '22c9085c-724b-4679-aa10-b79b72f9b0be');
INSERT INTO public.note_tags (id, user_id, note_id, tag_id) VALUES ('4b8c1ea4-3f1a-4b93-96b1-a78027e1e2c3', '3917b9a9-a856-4f33-a910-6ad73f9fa25b', '484d58de-7523-4baf-a727-e43abddc38f3', 'eebbc269-be1f-43e9-a641-4b2e91a39ff4');
INSERT INTO public.notes (id, user_id, title, content, artist, album, release_year, metadata, "references", isPinned, created_at, updated_at) VALUES ('9af9ecd5-8de9-45e1-8b9d-291d61a098e3', '3917b9a9-a856-4f33-a910-6ad73f9fa25b', 'Memories - Maroon 5', 'Here''s to the ones that we got 
Cheers to the wish you were here, but you''re?not 
```E|-------------------------------------------------------------------------------- 
B|---5/7--4--5--7--4--5---5/7-----4-----------4-----------4-----------4-------- 
G|----------------------------------------------4--6-------4--6-------4--6------6--4-- 
```

Cause?the drinks bring?back all the memories 
Of everything we''ve?been through 
```E|------------------------------------------------------------------ 
B|----------------------------------------------------------------- 
G|--------------------------------------------------------------4-----3----- 
D|--6--6--6--6--4--6--4--4-----4-----4--6--6-----6----------------- 
```

Toast to the ones here today 
Toast to the ones that we lost on the way 
```E|-------------------------------------------------------------------------------- 
B|---5/7--4--5--7--4--5---5/7-----4-----------4-----------4-----------4-------- 
G|----------------------------------------------4--6-------4--6-------4--6------6--4-- 
```

''Cause the drinks bring back all the memories 
And the memories bring back, memories bring back you 
```E|-------------------------------------------------------------------------- 
B|-------------------------------------------------------------------------- 
G|------------------------------------------------------------4--3--3--3--3--4-----4-- 
D|--6--6--6--6--4--6--4--4-----4--4--4--6--6--6----------------------------- 
```

There''s a time that I remember, 
when I did not know no pain 
```E|----------------------------------------------------------------------- 
B|---------------------7---7\4--4---4/9--------------4--5--5--5----4-------- 
G|-----4--6---6/8--------------------------8----4/6----------------------4----- 
```

When I believed in forever, 
and everything would stay the same 
```E|----------------------------------------------------------------- 
B|----------4--5--5--5-----4------------------------------------4--5-------- 
G|---4/6------------------------6/8--4---3/4--4--4--4--4--------6----- 
```

Now my heart feel like December 
when somebody say your name 
```E|-------------------------------------------------------------------------- 
B|---------------------7---7\4--4---4/9-----------------4--5--7-----5-----4-------- 
G|-----4--6---6/8--------------------------8------4/6---------------------------4----- 
```

''Cause I can''t reach out to call you, 
but I know I will one day, yeah 
```E|----------------------------------------------------------------- 
B|----------4--5--5--5-----4------------------------------------4--5-------- 
G|---4/6------------------------6/8--4---3/4--4--4--4--4--------6---4-- 
```

Everybody hurts sometimes 
Everybody hurts someday, ayy-ayy 
```E|----------------------------------------------------------------- 
B|----------------------------------------------------------------- 
G|--4--4--4--4---6/8--4--4-----4--4--4--4---6/8-------------------- 
D|--------------------------------------------------------------8--8-----8--9----- 
```

But everything gon'' be alright 
Go and raise a glass and say, ayy 
```E|----------------------------------------------------- 
B|--------------------------------------------------7-------------- 
G|--4--4--4--4---6/8--4--4--4--4--4--4-----4--3--4----- 
```

Toast to the ones here today 
Toast to the ones that we lost on the way 
```E|----------------------------------------------------------------------------- 
B|---5/7--4--5--7--4--5---5/7-----4------------4------------4---------4-------- 
G|---------------------------------------------4--6--------4--6--------4--6-----6--4-- 
```

''Cause the drinks bring back all the memories 
And the memories bring back, memories bring back you 
```E|-------------------------------------------------------------------------- 
B|-------------------------------------------------------------------------- 
G|------------------------------------------------------------4--3--3--3--3--4-----4-- 
D|--6--6--6--6--4--6--4--4-----4--4--4--6--6--6----------------------------- 
```

Doo-doo, doo-doo-doo-doo 
```E|-------------------------------------------------------------------------------------- 
B|---5/7--4--------------------------------4--5--4---------------------------4--5--4-------------- 
G|--------------6-----6--6--6--4---4/6--------------6--6--6--4---4/6--------------6--6--6-- 
```

memories bring back, 
memories bring back you 
```E|-------------------------------------- 
B|-------------7-------------------------- 
G|--4--4--4-----4--3--3--3--3--4--4----- 
```', 'Maroon 5', 'Jordi', 2019, NULL, 'https://www.youtube.com/watch?v=tp-u6r2l4TY', FALSE, '2020-01-26T11:08:51.196000+00:00', '2020-01-26T12:02:09.709000+00:00');
INSERT INTO public.note_tags (id, user_id, note_id, tag_id) VALUES ('a99093da-967c-48ee-9a44-455e55b66f73', '3917b9a9-a856-4f33-a910-6ad73f9fa25b', '9af9ecd5-8de9-45e1-8b9d-291d61a098e3', '22c9085c-724b-4679-aa10-b79b72f9b0be');
INSERT INTO public.note_tags (id, user_id, note_id, tag_id) VALUES ('60e39506-9200-4cb6-ab17-ac5787c28937', '3917b9a9-a856-4f33-a910-6ad73f9fa25b', '9af9ecd5-8de9-45e1-8b9d-291d61a098e3', 'eebbc269-be1f-43e9-a641-4b2e91a39ff4');
INSERT INTO public.notes (id, user_id, title, content, artist, album, release_year, metadata, "references", isPinned, created_at, updated_at) VALUES ('5114ed90-6d61-40e6-b92a-2cd487102a89', '3917b9a9-a856-4f33-a910-6ad73f9fa25b', 'Pi Jaun', '(Am)...(G)...(F)
(Am)...(F)...(G)

(Am)Bhulaon kaisey
Woh (G)Pal Jo Mere (F)Bin Tu Jo (G)Beeta Chuka
(Am)Lutaon Kesay
Jo (G)Anso Meri (F)Yaad Mein (G)Baha Chuka

(Am)Mar Main Jaon (G)Faana Ho Jaon
(F)Kahin Mein JaKe (G)Doob Jaon
(Am)Nazar Milaon (G)To Yeh Chahon
Ke (F)Teri Ankhon (G)Se

Pi (C)Jaon...(G)
Yeh (Am)Gham
Pi (C)Jaon...(G)
Yeh (Am)Num
Pi (C)Jaon...(G)
Yeh (Am)Gham
Pi (Am)Jaon...(G)
Yeh (Am)Num...(G)

(Am)...(C)...(G)...(F)
(Am)...(C)...(F)...(G)

(Am)Bhujaon Kaisey
Yeh (G)Aag Jo Tere (F)Dil Main Jo (G)Laga Chuka
(Am)Sula’on Kaisey
Woh (G)Siskian Jo (F)Dil Mein Hoon (G)Daba Chuka

(Am)Mar Main Jaon (G)Faana Ho Jaon
(F)Kahin Mein JaKe (G)Doob Jaon
(Am)Nazar Milaon (G)To Yeh Chahon
Ke (F)Teri Ankhon (G)Se

Pi (C)Jaon...(G)
Yeh (Am)Gham
Pi (C)Jaon...(G)
Yeh (Am)Num
Pi (C)Jaon...(G)
Yeh (Am)Gham
Pi (Am)Jaon...(G)
Yeh (Am)Num...(G)

(C)...(Am)...(Gm)
(C)...(Am)...(Gm)

(Am)Mitaon Kaisey
(G)Haathon Ki (F)Lakeeron Per Hai (G)Jo Likha
(Am)Bataon Kaisey
(G)Mujh Ko Hai Tu (F)Bus Tera Hi (G)Aasra

(Am)Raat Kali (G)Baat Baqi
(F)Ashk Bheege (G)Dil Sawali
(Am)Mann Mein Mere (G)Tu Hi Tu Hai
(F)Aja (G)Saathi

(Am)Teri Baatein (G)Bandagi Hai
(F)Tu Hi Meri (G)Zindagi Hai
(Am)Lamhe Tune (G)Jo Diye Hein
(F)Wohi Meri (G)Dastaan

Pi (C)Jaon...(G)
Yeh (Am)Gham
Pi (C)Jaon...(G)
Yeh (Am)Num
Pass (C)Aaa...(G)
Mere (Am)Sanam
Bhool (Am)Jaaa...(G)
Saray (Am)Ghum

Pi (C)Jaon...(G)
Yeh (Am)Gham
Pi (C)Jaon...(G)
Yeh (Am)Num
Pi (C)Jaon...(G)
Yeh (Am)Gham
Pi (Am)Jaon...(G)
Yeh (Am)Num...(G)', 'Farhan Saeed', 'Pi Jaun', 2011, 'Capo at 3
D DU UDU
Chords used : Am, G, F, C', 'https://youtu.be/BB5JAKmZU3k', FALSE, '2018-11-20T04:12:03.952000+00:00', '2018-11-20T14:27:17.903000+00:00');
INSERT INTO public.note_tags (id, user_id, note_id, tag_id) VALUES ('179ba764-4901-45ef-bd1f-3c0b18572473', '3917b9a9-a856-4f33-a910-6ad73f9fa25b', '5114ed90-6d61-40e6-b92a-2cd487102a89', '94f83bf8-1cd6-44f7-9e77-dc2d9928b555');
INSERT INTO public.note_tags (id, user_id, note_id, tag_id) VALUES ('a814819e-adf9-414f-aac7-cdd827aac59e', '3917b9a9-a856-4f33-a910-6ad73f9fa25b', '5114ed90-6d61-40e6-b92a-2cd487102a89', '26bec2c9-84b7-4e97-8246-28dd469f49cd');
INSERT INTO public.notes (id, user_id, title, content, artist, album, release_year, metadata, "references", isPinned, created_at, updated_at) VALUES ('9b824707-f7b5-4970-ac4d-64abcc1af353', '3917b9a9-a856-4f33-a910-6ad73f9fa25b', 'Ye Dhuan Dhuan (Intro)', '```e | - - - - - - - - - - - - - - - - - - - - - - - - - - -
B | - - - 3 - 5 - 3-5 -6 - - - - - 1 - 3 - 1-3 - 5 - 
G | - 2 - - - - - - - - - - - - - 0 - - - - - - - - - - 
```

```e | - - - - - - - - - - - - - - - - - - - - - - - - - -
B | - - - 3 - 5 - 3-5 -6 - - - -3 - 3 - 5-3 - 1 -
G | - 2 - - - - - - - - - - - - -  - - - - - - - -  - -
```

```e |  - - - - - - - - - - - - - - - - - - - -  - - - - - 
B | - - -1 - 3 - 1-3 - 5 - - - - 5 - 5 - 6-5 - 3 - 
G | - 0 - - - - - - - - - -  - - - - - - - - - - - - - 
```', 'Shreya Ghoshal, Roop Kumar Rathod', 'Tumsa Nahin Dekha - A Love Story', 2004, NULL, NULL, FALSE, '2018-09-12T01:08:03.018000+00:00', '2018-09-12T01:15:23.661000+00:00');
INSERT INTO public.note_tags (id, user_id, note_id, tag_id) VALUES ('9a13af3e-5bbc-4fca-9607-c8d91a88bdee', '3917b9a9-a856-4f33-a910-6ad73f9fa25b', '9b824707-f7b5-4970-ac4d-64abcc1af353', '39d6ed04-fc5c-427e-9060-9041887f4d0e');
INSERT INTO public.note_tags (id, user_id, note_id, tag_id) VALUES ('3212e7e6-ee2e-443a-87eb-ee8b6a805cb5', '3917b9a9-a856-4f33-a910-6ad73f9fa25b', '9b824707-f7b5-4970-ac4d-64abcc1af353', '94f83bf8-1cd6-44f7-9e77-dc2d9928b555');
INSERT INTO public.note_tags (id, user_id, note_id, tag_id) VALUES ('ec3a0490-004c-4dca-bad7-21e81a805a9f', '3917b9a9-a856-4f33-a910-6ad73f9fa25b', '9b824707-f7b5-4970-ac4d-64abcc1af353', '22c9085c-724b-4679-aa10-b79b72f9b0be');
INSERT INTO public.notes (id, user_id, title, content, artist, album, release_year, metadata, "references", isPinned, created_at, updated_at) VALUES ('2ef2d8e9-7c3e-4fe2-94f9-75af9669b28a', '3917b9a9-a856-4f33-a910-6ad73f9fa25b', 'Mera Pyar Tera Pyar - Jalebi', 'Fingerstyle -  4/5/6   3 2 3 1 2 3 2
Strum - D Chak U     U Chak U

===========FINGERSTYLE===========
Main (Em)jitna tumhe (D)dekhun
Mann (Bm)yeh na (Em)bhare
Main (Em)jitna tumhe (D)sochun
Mann (Bm)yeh na (Em)bhare

Inn (D)aankhon mein chhalakta hai
Mera (C)pyar tera (Em)pyar
(D)Kahin tujh mein dhadakta hai
Mera (C)pyar tera (Em)pyar

Mera (D)pyar tera (Em)pyar
Mera (D)pyar tera (Em)pyar…

===========STRUMMING===========
Main (Em)jitna tumhe (D)dekhun
Mann (Bm)yeh na (Em)bhare
Main (Em)jitna tumhe (D)sochun
Mann (Bm)yeh na (Em)bhare

===========FINGERSTYLE===========
(Em)Thoda sa mera hai thoda tumhara
(G)Mila-jula sa yeh khwaab humaara
(A)Ek meethi dhunn sunaayi
(C)de rahi hai (Em)aaj kal
(A)Hans ke saare gham humaare
(C)dega khushiyon (G)mein badal

Mera (D)pyar tera (Em)pyar
Mera (D)pyar tera (Em)pyar…

===========STRUMMING===========
Main (Em)jitna tumhe (D)dekhun
Mann (Bm)yeh na (Em)bhare
Main (Em)jitna tumhe (D)sochun
Mann (Bm)yeh na (Em)bhare

===========FINGERSTYLE===========
(Em)Koi nahi sau saal jiya hai
(G)Pyar magar kaayam rehta hai
(A)Dhoop khushboo aur hawayein
(C)Banke yeh reh(Em) jaayega
(A)Baad apne bhi humaare
(C)Yeh jahaan meh(G)kayega

Mera (D)pyar tera (Em)pyar
Mera (D)pyar tera (Em)pyar…

===========STRUMMING===========
Main (Em)jitna tumhe (D)dekhun
Mann (Bm)yeh na (Em)bhare
Main (Em)jitna tumhe (D)sochun
Mann (Bm)yeh na (Em)bhare', 'Arijit Singh', 'Jalebi', 2018, 'capo on 3
Chords used : Em, D, Bm, C, A, G', 'https://www.youtube.com/watch?v=nmM5Hds61DQ', FALSE, '2019-02-15T02:23:18.172000+00:00', '2019-08-18T06:03:30.494000+00:00');
INSERT INTO public.note_tags (id, user_id, note_id, tag_id) VALUES ('39493f98-c877-4d15-ac82-c36a6ad639bd', '3917b9a9-a856-4f33-a910-6ad73f9fa25b', '2ef2d8e9-7c3e-4fe2-94f9-75af9669b28a', '94f83bf8-1cd6-44f7-9e77-dc2d9928b555');
INSERT INTO public.note_tags (id, user_id, note_id, tag_id) VALUES ('80ff501b-3bc8-4425-8297-9958eb5fbc36', '3917b9a9-a856-4f33-a910-6ad73f9fa25b', '2ef2d8e9-7c3e-4fe2-94f9-75af9669b28a', '375ee2c2-3bd4-473f-afd0-87ef7a38f19a');
INSERT INTO public.note_tags (id, user_id, note_id, tag_id) VALUES ('d91a16d1-698e-45d3-946e-0ec9a7bf8936', '3917b9a9-a856-4f33-a910-6ad73f9fa25b', '2ef2d8e9-7c3e-4fe2-94f9-75af9669b28a', '26bec2c9-84b7-4e97-8246-28dd469f49cd');
INSERT INTO public.notes (id, user_id, title, content, artist, album, release_year, metadata, "references", isPinned, created_at, updated_at) VALUES ('9f795a76-eb6a-4b8d-a087-965545b8e2b3', '3917b9a9-a856-4f33-a910-6ad73f9fa25b', 'Ram Siya Ram - Adipurush', 'Ho (Em)Janam Janam Ki (Am)Khoj Bataye                 
(D)Ram Se Chalke (Em)Ram Pe Aaye            
(Em)Prem Koyi Hum (Am)Aur Na Jaane      
(D)Ram Se Roothe (Em)Ram Se Maane

(Em)Ram Siya Ki (Am)Karun (D)Kahaani                      
(Em)Ek Hai Chandan (D)Ek Hai (Em)Paani

(Em)Ram Siya (A)Ram          
Siya (D)Ram Jai Jai (Em)Ram x2

(Em)Hari Anant Hari (Am)Katha Ananta
(D)Kahahin Sunahi Bahu(Em)vidhi Sab Santa
(Em)Ram Ratan Dhan (Am)Jo Koyi Paaye
(D)Jeevan Bhar Ra(Em)mayan Gaye
(Em)Mangal Bhavan (Am)Amangal (D)Haari
(Em)Drabahu Sudasarath (D)Ajar (Em)Bihari

(Em)Ram Siya (A)Ram          
Siya (D)Ram Jai Jai (Em)Ram x2', 'Sachet Tandon, Parampara Tandon', 'Adipurush', 2023, 'Capo : 2nd fret
Strum : D DU Chuck D
Chords used : Em, Am, D, A', 'https://www.youtube.com/watch?v=XikCX5EnFao', FALSE, '2023-06-28T03:21:03.991000+00:00', '2023-06-28T05:19:47.557000+00:00');
INSERT INTO public.note_tags (id, user_id, note_id, tag_id) VALUES ('7fcb5227-9829-4919-8c72-f7395c4074c4', '3917b9a9-a856-4f33-a910-6ad73f9fa25b', '9f795a76-eb6a-4b8d-a087-965545b8e2b3', '94f83bf8-1cd6-44f7-9e77-dc2d9928b555');
INSERT INTO public.note_tags (id, user_id, note_id, tag_id) VALUES ('286d822f-2689-47d9-99d2-7959a253242d', '3917b9a9-a856-4f33-a910-6ad73f9fa25b', '9f795a76-eb6a-4b8d-a087-965545b8e2b3', '26bec2c9-84b7-4e97-8246-28dd469f49cd');
INSERT INTO public.note_tags (id, user_id, note_id, tag_id) VALUES ('aeb4dce8-bc63-4626-ab07-7892ff6bf75e', '3917b9a9-a856-4f33-a910-6ad73f9fa25b', '9f795a76-eb6a-4b8d-a087-965545b8e2b3', '6a3e1159-3e7b-4145-b202-58429f143d25');
INSERT INTO public.notes (id, user_id, title, content, artist, album, release_year, metadata, "references", isPinned, created_at, updated_at) VALUES ('722a4c8d-2eba-4678-b8df-99c67b0b8e8e', '3917b9a9-a856-4f33-a910-6ad73f9fa25b', 'O Bedardeya - Arijit Singh', '[Intro]
(G)

[Verse]
(G)Pyaar Jhootha Tha Jataya Hi Kyon
(Am)Pyaar Jhootha Tha Jataya Hi Kyon
(Cm)Aise Jaana Tha To(G)Aaya Hi Kyon
(Cm)Aise Jaana Tha To(G)Aaya Hi Kyon

(Cm)Ae Sitamgar Tu Zara (G)Aur Sitam Kar De Aa
(Cm)Aaja Bewajah Sa Yeh Rishta khatam(D)Kar De Aa

[Chorus]
(G)O Bedardeya, Yaar Be(Am)dardeya
(Em)O Bedardeya, Yaar Be(Bm)dardeya
(C)O Bedardeya, (Cm)Yaar Bedardeya
(G)O Bedardeya, Yaar Be(Am)dardeya  (C)Oo…

[Verse]
(G)Dard-e-dil Ke Bina Mehfil Hi Kya
(Am)Dard-e-dil Ke Bina Mehfil Hi Kya
(Cm)Jo Naa Toota Kabhi Woh(G)Dil Hi Kya
(Cm)Jo Naa Toota Kabhi Woh (D)Dil Hi Kya

(Cm)Hai Mera Haal Bura (G)Aur Bura Kar De Aa
(Cm)Mere Zakhmon Ko Zara Aur Hara (D)Kar De Aa

[Verse]
(G)O Bedardeya, Yaar Be(Am)dardeya
(Em)O Bedardeya, Yaar Be(Bm)dardeya
(C)O Bedardeya, (Cm)Yaar Bedardeya
(G)O Bedardeya, Yaar Be(Am)dardeya  (C)Oo…

[Bridge]
(G)Hum Mein Jo Tha Woh Raha Kyon Nahin
(Cm)Dil Mein Tha Kuchh To Kaha (G)Kyon Nahin
(Cm)Dil Mein Tha Kuchh To Kaha (G)Kyon Nahin

(Cm)Tha Kabhi Pyaar To In(G)saaf Mera Kar De Aa
(Cm)Ya Kabhi Tha Hi Nahi Saaf Mana (D)Kar De Aa

[Chorus]
(G)O Bedardeya, Yaar Be(Am)dardeya
(Em)O Bedardeya, Yaar Be(Bm)dardeya
(C)O Bedardeya, (Cm)Yaar Bedardeya
(G)O Bedardeya, Yaar Be(Am)dardeya
(Em)O Bedardeya, Yaar Be(Bm)dardeya
(C)O Bedardeya, Yaar Bedardeya
(G)O Bedardeya, Yaar Be(Am)dardeya
(Em)O Bedardeya, Itna Reham
(Bm)Kar De Aa
(C)O Bedarde(Cm)ya, O(G)Bedardeya
(Am)O Yaar Bed(Em)ardeya, Bedardeya, Be(Bm)dardeya
Yaar Be(C)dardeya, Bedardeya, Yaar Bedardeya (Cm)Oo…', 'Arijit Singh', 'Tu Jhoothi Main Makkaar', 2023, 'Key: G
Capo: No Capo
Strumming: D DUDU
Chords used : G, Am, Bm, C, D, Em', 'https://www.youtube.com/watch?v=yjL4K6lqzFU
https://mjmusicnotes.com/o-bedardeya-guitar-chords/
https://tabs.ultimate-guitar.com/tab/misc-soundtrack/tu-jhoothi-main-makkaar-o-bedardeya-chords-4678445', FALSE, '2023-04-21T15:10:52.499000+00:00', '2023-04-21T15:16:35.059000+00:00');
INSERT INTO public.note_tags (id, user_id, note_id, tag_id) VALUES ('8ac8d0aa-9582-4530-9ae1-f1905704d53d', '3917b9a9-a856-4f33-a910-6ad73f9fa25b', '722a4c8d-2eba-4678-b8df-99c67b0b8e8e', '94f83bf8-1cd6-44f7-9e77-dc2d9928b555');
INSERT INTO public.note_tags (id, user_id, note_id, tag_id) VALUES ('84cdaca4-aeeb-49d3-9df5-37629af01388', '3917b9a9-a856-4f33-a910-6ad73f9fa25b', '722a4c8d-2eba-4678-b8df-99c67b0b8e8e', '26bec2c9-84b7-4e97-8246-28dd469f49cd');
INSERT INTO public.notes (id, user_id, title, content, artist, album, release_year, metadata, "references", isPinned, created_at, updated_at) VALUES ('d2d7426f-0e02-4c03-88b8-bcfdc1870e70', '3917b9a9-a856-4f33-a910-6ad73f9fa25b', 'Gori Tera Gaon Bada Pyara', '```e|---------------
B|----------0-----
G|--0-----0-2--2-0---
D|-2--2-0-2--------2-0-
```
Gori Tera Gaon Bada Pyara

```e|-----------
B|-----0-----
G|--0-2---2-0---
D|-2--------2-0-
```
Maein To Gaya Maara

```e|-------------
B|-------------
G|--0h2-------
D|-2---2-2-2p0-0-0-0-
```
Aake Yahan Re

```e|---------------
B|----------0-----
G|--0-----0-2--2-0---
D|-2--2-0-2-------2-0-
```
Us Par Roop Tera Saada

```e|----------
B|----0-----
G|--0-2--2-0---
D|-2-------2-0-
```
Chandrama Jyon Aadha

```e|-------------
B|-------------
G|--0h2-------
D|-2---2-2-2p0-0-0-0-
```
Aadha Jawaan Re

```E|----0--0-----
B|-0-3---3--3-0---
G|-----------2-2-
```
Ji Karta Hai

```E|---0--0-----
B|-0-3--3--3-0---
G|----------2-2-
```
Mor Ke Paon Mein

```E|------0h2----
B|--0h3-3----3-3-
G|-2---------
```
Payaliya Pehna Doon

```E|-0--0h2----
B|--3----3-0-0-
```
FLUTE

```E|----0--0-----
B|-0-3--3--3-0---
G|----------2-2-
```
Kuhu Kuhu Gaati

```E|----0--0-----
B|-0-3--3--3-0---
G|----------2-2-
```
Koyaliya Ko

```E|------0--------
B|--0h3-3---3-3-0-0----
G|-2------------2-0-
```
Phoolon Ka Gehna Doon

```e|---------------
B|---------0-----
G|--0----0-2--2-0---
D|-2--2-0-2-------2-0-
```
Yahin Ghar Apna Banane Ko

```e|---------------
B|-----0-1-0---
G|--0-2-------
D|-2-------2-0-
```
Panchi Kare Dekho

```e|-------------
B|-------------
G|--0h2---2-2-2-2-
D|-2---2-2-----
```
Tinke Jama Re

```e|-------
B|-------
G|--0h2----
D|-2---2-2-2-
```
Tinke Jama Re

Gori Tera Gaon…', 'K. J. Yesudas', 'Chitchor', 1976, NULL, 'http://tabandchord.com/2013/06/gori-tera-gaon-bada-pyara-guitar-tabs-yesudas/', FALSE, '2018-08-27T01:54:17.828000+00:00', '2018-10-01T17:03:57.682000+00:00');
INSERT INTO public.note_tags (id, user_id, note_id, tag_id) VALUES ('2c91c428-0fe8-45a3-ac5b-b510c1570f9c', '3917b9a9-a856-4f33-a910-6ad73f9fa25b', 'd2d7426f-0e02-4c03-88b8-bcfdc1870e70', '22c9085c-724b-4679-aa10-b79b72f9b0be');
INSERT INTO public.note_tags (id, user_id, note_id, tag_id) VALUES ('5e7cd032-d548-4dfb-a3b9-2f53df823f6b', '3917b9a9-a856-4f33-a910-6ad73f9fa25b', 'd2d7426f-0e02-4c03-88b8-bcfdc1870e70', 'f22d1b82-b224-4a44-a581-b5c25015af54');
INSERT INTO public.notes (id, user_id, title, content, artist, album, release_year, metadata, "references", isPinned, created_at, updated_at) VALUES ('0c95d41f-ec13-4ebe-8bde-52bd4085adce', '3917b9a9-a856-4f33-a910-6ad73f9fa25b', 'Sabka Katega', '[D]Din Kate Na Raat

What Brought Us [D]Together, Might Remain Unspoken.
What Held Us Together, Might Be Worn Off And Broken.
Even If Your Way Was Different, As I Felt Was Mine,
Now I Want Our Paths To Cross, Waiting For My Time.

[D]Din Kate Na Raat Kate Na Subah Kate Na Shaam,
[D]Dhoop Hate Na Chaaon Hate Na Gum Hate Na Jaam,
Dekho [A]Sabka Katega [D]
[D]Sabka Katega Raam, Yu Hi [A]Kat Ta Rahega, [D]
[D]Sabka Katega Raam.

[D]Teri Yaadome Kal Ki Rain Bitayi Thi,
[D]Meri Aakhome Firse Aas Bhar Aayi Thi,
[A]Shaakhose Phool Toote, Raahome Jiske,
[Bm]Dil Dooba Num Hua Pyaar Me Uske,

[D]Yaad Ghate Na Yaad Bhare Ye Yaad Badhe Har Saans,
[D]Pyaas Me Teri Jaane Kitne Kaat Chuka Me Jaam,
Dekho [A]Sabka Katega [D]
[D]Sabka Katega Raam, Yu Hi [A]Kat Ta Rahega, [D]
[D]Sabka Katega Raam.

[A]Phir Se Subah Hogi, [Bm]Kabhi To Tere Dar Par,
[A]Phir Se Tere Man Me, [Bm]Hum Rahe Har Pal.
[A]Phir Se Subah Hogi, [Bm]Kabhi To Tere Dar Par,
[A]Phir Se Tere Man Me, [Bm]Hum Rahe Har Pal.

[D]Kya Hua Jo Jhooth Kaha Ki Mujhe Na Tumse Pyaar,
[D]Maan Bhi Jaao Kat Jayega Pyaar Me Jeevan Yaar,
Jaise [A]Sabka Katega [D]
[D]Sabka Katega Yaar, Yu Hi [A]Kat Ta Rahega, [D]
[D]Sabka Katega Yaar.', 'Poorvi Koutish', 'Single', 2020, 'D U Chuck D   UUD DU
Chords used : D, A, Bm', NULL, FALSE, '2019-04-23T02:53:33.494000+00:00', '2019-04-23T02:54:48.677000+00:00');
INSERT INTO public.note_tags (id, user_id, note_id, tag_id) VALUES ('7e1fef80-2a71-42eb-81ca-031e0e77cfca', '3917b9a9-a856-4f33-a910-6ad73f9fa25b', '0c95d41f-ec13-4ebe-8bde-52bd4085adce', '94f83bf8-1cd6-44f7-9e77-dc2d9928b555');
INSERT INTO public.note_tags (id, user_id, note_id, tag_id) VALUES ('1fc69834-23ae-45c9-b936-287cdf21b3ab', '3917b9a9-a856-4f33-a910-6ad73f9fa25b', '0c95d41f-ec13-4ebe-8bde-52bd4085adce', '26bec2c9-84b7-4e97-8246-28dd469f49cd');
INSERT INTO public.notes (id, user_id, title, content, artist, album, release_year, metadata, "references", isPinned, created_at, updated_at) VALUES ('fdeae2a0-2f30-4855-9c7b-ec70b8181b7a', '3917b9a9-a856-4f33-a910-6ad73f9fa25b', 'Mohabbatein Theme', '```E|---------------------------------------10----
B|--------10-11-10-11-10-------------13-
G|---9\12----------------------12-------
```

```E|-----------------------------
B|-----------10-13-10-------------
G|--10-12--------------10-10\12----
```

```E|--10-10-11-10h/p11--------------13----
B|-------------------------------13-11-13----13-
```

```E|------------10----------------
B|--13-13------13-11-10-10h11---10----
G|--------------------------------------------------12-
```

```E|-----------------------------------------10----
B|----------10-11-10-11-10-------------13-
G|-----12--------------------------12-------
```

```E|-----------------------------
B|-----------10-13-10-------------
G|--10-12--------------10-10\12----
```', 'Jatin-Lalit', 'Mohabbatein', 2000, NULL, 'https://www.youtube.com/watch?v=FDXp6EzKkSQ', FALSE, '2018-09-10T11:07:59.399000+00:00', '2019-04-10T04:17:18.040000+00:00');
INSERT INTO public.note_tags (id, user_id, note_id, tag_id) VALUES ('7d12aeb8-1ea0-420b-b221-1d37058c6ea7', '3917b9a9-a856-4f33-a910-6ad73f9fa25b', 'fdeae2a0-2f30-4855-9c7b-ec70b8181b7a', '94f83bf8-1cd6-44f7-9e77-dc2d9928b555');
INSERT INTO public.note_tags (id, user_id, note_id, tag_id) VALUES ('eac65ac6-3f5f-47f8-b4f8-505a0c7855bc', '3917b9a9-a856-4f33-a910-6ad73f9fa25b', 'fdeae2a0-2f30-4855-9c7b-ec70b8181b7a', '22c9085c-724b-4679-aa10-b79b72f9b0be');
INSERT INTO public.notes (id, user_id, title, content, artist, album, release_year, metadata, "references", isPinned, created_at, updated_at) VALUES ('aa07db93-4177-4276-89f3-5e1d7bcee21d', '3917b9a9-a856-4f33-a910-6ad73f9fa25b', 'Soniyo - Raaz 2', '=============D Chuck D U Chuck=============
(G) Soni(Em)yo (G) O soni(Em)yo
Tumhe (F) Dekhta hoon
To (C) sochta hoon (G) bas yahi

Tum (Em) jo (G) mera saath (Em) do
Saare (F) gam bhula ke
Jee loon (C) muskuraake (G) zindagi

Tu (G) dede mera saath, thaam le haath
Chahe (Em) jo bhi ho baat
Tu (C) bas (Am) de de mera (G) saath
Tu (G) dede mera saath, thaam le haath
Chahe (Em) jo bhi ho baat
Tu (C) bas (Am) de de mera (G) saath

Raaho mein (G) tanha hu
Saath (Em) le chal yoon
Sang (F) tere safar (C) pura (G) kaaroon
Raaho mein (G) tanha hu
Saath (Em) le chal yoon
Sang (F) tere safar (C) pura (G) kaaroon

Kya (Em) kahu (G) ye (Em) zindagi
Tu hi (F) meri saans (C) rehna tu paas (G) har ghadi

Tu (G) dede mera saath, thaam le haath
Chahe (Em) jo bhi ho baat
Tu (C) bas (Am) de de mera (G) saath
Tu (G) dede mera saath, thaam le haath
Chahe (Em) jo bhi ho baat
Tu (C) bas (Am) de de mera (G) saath

Tujhko jo (G) paaya to
Hai ye (Em) lagta kyu
Baahon (F) mein bas teri (C) mehfuz (G) hu
Tujhko jo (G) paaya to
Hai ye (Em) lagta kyu
Baahon (F) mein bas teri (C) mehfuz (G) hu

Tum (Em) bano (G) saya (Em) mera
Zinde(F)gi me aao zinda(C)gi bitaao (G) bas yahin

Tu (G) dede mera saath, thaam le haath
Chahe (Em) jo bhi ho baat
Tu (C) bas (Am) de de mera (G) saath
Tu (G) dede mera saath, thaam le haath
Chahe (Em) jo bhi ho baat
Tu (C) bas (Am) de de mera (G) saath', 'Sonu Nigam, Shreya Ghoshal, Neeraj Shridhar', 'Raaz - The Mystery Continues', 2009, 'Capo - 2nd Fret
D Chuck D U Chuck
Initial Strum : D D (https://youtu.be/05Of9clbdps?t=5)
=============D     D=============
(Em)Baby, come (G)stand by my side
(C)Come and be my (G)guiding light
Oooo… (Em)I’ll be what you (G)want me to be
I’ll (C)give all my love in (G)whole of my life
Chords used : Em, G, F, C', 'https://wrytin.com/rahulpandey/soniyo-chords-raaz-2-jgktsqys', FALSE, '2020-03-21T12:32:50.830000+00:00', '2020-03-21T12:46:02.734000+00:00');
INSERT INTO public.note_tags (id, user_id, note_id, tag_id) VALUES ('03725422-2c96-4ae6-89c8-e5f1f19dc3b6', '3917b9a9-a856-4f33-a910-6ad73f9fa25b', 'aa07db93-4177-4276-89f3-5e1d7bcee21d', '94f83bf8-1cd6-44f7-9e77-dc2d9928b555');
INSERT INTO public.note_tags (id, user_id, note_id, tag_id) VALUES ('651612ba-f1a7-4807-8dbe-5c156b44a852', '3917b9a9-a856-4f33-a910-6ad73f9fa25b', 'aa07db93-4177-4276-89f3-5e1d7bcee21d', '26bec2c9-84b7-4e97-8246-28dd469f49cd');
INSERT INTO public.notes (id, user_id, title, content, artist, album, release_year, metadata, "references", isPinned, created_at, updated_at) VALUES ('82dd6bfa-cad7-4460-96de-2c051dccbf6e', '3917b9a9-a856-4f33-a910-6ad73f9fa25b', 'Ghar aaja', 'INTRO
Em C D Em C D x2

VERSE 1
(Em)Ghar aaja ghar aaja,
(C) piya mora (D)ghar aaja ..
(Em)ghar aaja, ghar aaja (C)re(D)... ×2

INSTRUMENTAL Em C D

VERSE
Tomake a(Em)bar(C)..(D)..
Bhalo kore c(Em)hena(C)..(D)
Kotha dao e(Em)bar....
(C)Hari(D)ye jabe(Em) na(C)..(D)

Tomake a(Em)bar(C)..(D)..
Bhalo kore c(Em)hena(C)..(D)
Kotha dao e(Em)bar....
(C)Hari(D)ye jabe(Em) na(C)..(D)

CHORUS
(Em)Ghar aaja ghar aaja,
(C) piya mora (D)ghar aaja ..
(Em)ghar aaja, ghar aaja (C)re(D)... ×2

INSTRUMENTAL Em C D

VERSE
Ekhono ka(G)che.. chithi-ra a(A)che..
Amar kotha(C)-ra.. tomar bh(G)ashay..
Muthor ad(G)ore.. smriti-ra gho(A)re..
Du-thot har(C)alo.. kar kuas(Bsus4)hay.. (B)

Eto k(B)ache eshe..
Bhalobeshe s(C)eshe.. fer(A)abe
Ke fe(D)rabe ?

CHORUS
(Em)Ghar aaja ghar aaja,
(C) piya mora (D)ghar aaja ..
(Em)ghar aaja, ghar aaja (C)re(D)... ×2

INSTRUMENTAL Em C D

VERSE
Tomar du-haa(G)te.. sajano raa(A)te..
Rakhbo nije(C)ke.. dur shima(G)nay..
Ashbe ki f(G)ire.. chokher shor(A)ire..
Emon fe(C)ra-to.. takei man(G)ay..

Eto kac(B)he eshe..
Valobeshe (C)seshe.. se fe(A)rabe
Ke fer(D)abe ?

CHORUS
(Em)Ghar aaja ghar aaja,
(C) piya mora (D)ghar aaja ..
(Em)ghar aaja, ghar aaja (C)re(D)... ×2', 'Akhil Sachdeva', 'Ghar Aaja', 2019, 'Scale: E Minor
Time Signature: 4/4
Tempo: 84
Strumming: DU,DU,DU,DU
Chords used : Em, C, D', 'https://www.chordzone.org/2017/12/mrs-sen-ghar-aaja-chords-and-lyrics.html', FALSE, '2018-11-06T01:18:22.782000+00:00', '2018-11-08T09:45:36.095000+00:00');
INSERT INTO public.note_tags (id, user_id, note_id, tag_id) VALUES ('a5cbd363-0459-4f24-ad85-886bb03ff391', '3917b9a9-a856-4f33-a910-6ad73f9fa25b', '82dd6bfa-cad7-4460-96de-2c051dccbf6e', 'da9a1522-98fb-4b92-bae9-f41c00333985');
INSERT INTO public.note_tags (id, user_id, note_id, tag_id) VALUES ('a42734bc-8a93-4a1d-b75b-495e8f2fe06d', '3917b9a9-a856-4f33-a910-6ad73f9fa25b', '82dd6bfa-cad7-4460-96de-2c051dccbf6e', '26bec2c9-84b7-4e97-8246-28dd469f49cd');
INSERT INTO public.notes (id, user_id, title, content, artist, album, release_year, metadata, "references", isPinned, created_at, updated_at) VALUES ('a367ee8a-bb1e-48d8-9904-8c067b783972', '3917b9a9-a856-4f33-a910-6ad73f9fa25b', 'O Soniye - Arijit Singh', 'INTRO - Em D C D

O soniye..
O soniye.. Tera mera saath yunhi rehna
O soniye.. Har jind meri ban rehna

Hothan diyaan laaliyan
Kanna diyaan vaaliyan
Puchta hi kendi sun ta lun mein
Mere apne tere ab se, tere sapne mere
Tu kadam ho raasta banu main

Oh meri soniye ve roothne se pehle
Pyaar se main tujhko manaa lun
Tera-mera, tera-mera saath yunhi rehna
Har jind ainve meri rehna
O soniye.. tera-mera saath yunhi rehna
O soniye.. har jind meri ban rehna..

Kadi ae naa kallan naasi mahiya
Nazaraa nu khwabaan ne vi chhadeya
Bin tere jiyaan vi te mahiya
Jivein rooh jaan bina
Dil mera kenda ai,
Har pal rahegi saath tu ban mera saaya

Sona sona naam tera jind ‘ch meri
Khushiya da pegaam laaya

O soniye.. tera mera saath yunhi rehna
O soniye.. har jind meri ban rehna

Mera savera tu hai
Yaadon ka dera tu
Mera kinaara tu hai humdum
Tenu gavaaya jad ton
Jinddi ganwayi ainve
Aas ki ye door toote naa..

O soniye.. tera mera saath yunhi rehna
O soniye.. har jind meri ban rehna', 'Arijit Singh, Vibha Saraf', 'Titoo MBA', 2014, 'Intro strum - D U Chuck
Regular strum - D  U-Chuck    D  U-Chuck  D  (DU)
Chords used : Em, D, C, D', 'https://www.youtube.com/watch?v=34qZLgy3ZzY', FALSE, '2020-04-22T03:00:21.395000+00:00', '2020-06-05T03:20:56.661000+00:00');
INSERT INTO public.note_tags (id, user_id, note_id, tag_id) VALUES ('5bda8168-499a-472b-bd36-dd03f0e5dc47', '3917b9a9-a856-4f33-a910-6ad73f9fa25b', 'a367ee8a-bb1e-48d8-9904-8c067b783972', '39d6ed04-fc5c-427e-9060-9041887f4d0e');
INSERT INTO public.note_tags (id, user_id, note_id, tag_id) VALUES ('f78a4439-63ff-4037-b001-8bf4970926ca', '3917b9a9-a856-4f33-a910-6ad73f9fa25b', 'a367ee8a-bb1e-48d8-9904-8c067b783972', 'f38a575b-3040-4496-8494-78d603e260b4');
INSERT INTO public.note_tags (id, user_id, note_id, tag_id) VALUES ('1d61b311-6981-4737-9aa0-fec73aae47c2', '3917b9a9-a856-4f33-a910-6ad73f9fa25b', 'a367ee8a-bb1e-48d8-9904-8c067b783972', '26bec2c9-84b7-4e97-8246-28dd469f49cd');
INSERT INTO public.note_tags (id, user_id, note_id, tag_id) VALUES ('e2363f20-e6c4-4e53-85d4-81ea729f3a87', '3917b9a9-a856-4f33-a910-6ad73f9fa25b', 'a367ee8a-bb1e-48d8-9904-8c067b783972', '8d4fc519-7375-432c-8b6a-6cf000e9f287');
INSERT INTO public.notes (id, user_id, title, content, artist, album, release_year, metadata, "references", isPinned, created_at, updated_at) VALUES ('0052552b-f569-47e3-ad1e-99ab278d6ced', '3917b9a9-a856-4f33-a910-6ad73f9fa25b', 'Kuch Kuch Hota Hai', '```E |-7-8-7------7-
B |-----10-8----
```
Tum Paas Aaye

```E |-7-8-7------7-
B |-----10-8----
```
Yoon Muskuraaye

Tum Paas Aaye
Yoon Muskuraaye

```E |---7---------
B |-10---10-8-7-10---
G |------------7-
```
Tumne Na Jane Kya

```E |----7--------
B |-10-8---10-8-8-8-
```
Sapne Dikaaye

```E |----7-12-10--
B |-8-8-10------
```
Ab To Mera Dil

```E |-----7-12-12-12-10-
B |-8-8-10----------
```
Jage Na Sota Hai

```E |---7---------
B |-10---10-8-7-10-10--
G |------------7-
```
Kya Karon Hai

```E |----7--------
B |-10-8---10-8-8-8-8-
```
Kuch Kuch Hota Hai

```E |-7-8-10-10-12-10-8-7------7-8-10--
B |------------10-10--------
```
Na Jane Kaisa Ahsaas Hai

```E |-7-8-10-10-12-10-8-7------7-8-10--
B |------------10-10--------
```
Bujhti Nahin Hai, Kya Pyaas Hai

```E |---7---------
B |-10---10-8-8-7-10-
G |-----------7-
```
Kya Nasha Is Pyaar Ka

```E |------------------
B |-8-8------------10-7-8-
G |---9-7-------7--------
D |-------10----------
```
Mujhpe Sanam, Chaa Ne Laga….

```E |----7-12-10--
B |-8-8-10------
```
Koi Na Jane,

```E |-----7-12-12-12-10-
B |-8-8-10----------
```
Kyoon Chain Khota Hai

```E |---7---------
B |-10---10-8-7-10-10--
G |------------7-
```
Kya Karon Hai

```E |----7--------
B |-10-8---10-8-8-8-8-
```
Kuch Kuch Hota Hai




9 10 9 7 5 9

9 10 9 7 5 9

7 9 7 5 4 7 0

7 5 7 5 5 5 5

5 7 9 14 12

5 7 9 14 14 12

7 9 7 5 4 7 0

7 5 7 5 5 5 5', 'Udit Narayan, Alka Yagnik', 'Kuch Kuch Hota Hai', 1998, NULL, 'http://msworldsite.com/tum-paas-aaye-guitar-tabs-lead/', FALSE, '2017-10-06T03:03:29.372000+00:00', '2018-10-02T11:14:48.169000+00:00');
INSERT INTO public.note_tags (id, user_id, note_id, tag_id) VALUES ('a7386cd9-0f79-4bb5-9f13-e5bb748ee19d', '3917b9a9-a856-4f33-a910-6ad73f9fa25b', '0052552b-f569-47e3-ad1e-99ab278d6ced', '94f83bf8-1cd6-44f7-9e77-dc2d9928b555');
INSERT INTO public.note_tags (id, user_id, note_id, tag_id) VALUES ('57dd9adb-da27-427d-bb4d-5ad4f2f8afe6', '3917b9a9-a856-4f33-a910-6ad73f9fa25b', '0052552b-f569-47e3-ad1e-99ab278d6ced', '484fde0b-53ea-4d62-82d9-dff38182c04c');
INSERT INTO public.note_tags (id, user_id, note_id, tag_id) VALUES ('def6e543-f1b7-4c07-a801-de8c82bb36eb', '3917b9a9-a856-4f33-a910-6ad73f9fa25b', '0052552b-f569-47e3-ad1e-99ab278d6ced', '22c9085c-724b-4679-aa10-b79b72f9b0be');
INSERT INTO public.notes (id, user_id, title, content, artist, album, release_year, metadata, "references", isPinned, created_at, updated_at) VALUES ('18481678-7cf6-4852-afad-9b3a791ae5b8', '3917b9a9-a856-4f33-a910-6ad73f9fa25b', '60 Years of Bollywood', 'Ye Chand sa Roshan chehra - Kashmir Ki Kali (1964)
Ae Dil Mujhe Bata De - Bhai Bhai (1956)
Aajkal Tere Mere Pyar Ke Charche - Bhai Bhai (1968)
Mere saamne waali khidki mein - Padosan (1968)
Khwab tum ya koi haqeeqat - Teen Devian (1965)
Chala jata hoon kisiki dhun mein - Mere Jeevan Saathi (1972)
Hai apna dil to aawara - Solva Saal (1958)
Dil deke dekho - Dil deke dekho(1959)
Tumsa nahi dekha - Tumsa nahi dekha(1957)
Ude jab jab zulfe teri - Naya Daur (1957)
Shaam dhale khidki tale - Albela (1951)
Shola jo bhadke - Albela (1951)
Sar jo tera chakraaye - Pyaasa (1957)
Yeh dosti hum nahi todenge - Sholay (1975)
Ek ajnabee haseena se - Ajnabee (1974)
Yeh shaam mastani - Kati Patang (1971)
Ek din bik jayega maati ke mol - Dharam Karam (1975)
Kya Hua Tera Vada - Hum Kisise Kum Naheen (1977)
Dil Dhundta Hai - Mausam (1975)
Hum dono do premi - Ajanabee (1974)
Kanchi re kanchi - Hare rama hare krishna (1971)
Kabhie kabhie mere dil mein - Kabhie kabhie (1976)
Ban than chali - Kurukshetra (2000)
Anjaani raahon mein - Meri Jaan Hindustan(1997)
Dil hai chota sa - Roja (1992)
Haye re haye - Jeans (1998)
Tum paas aaye - Kuch Kuch Hota Hai (1998)
Na tum jaano na hum - Kaho na pyaar hai (2000)
Main koi aisa geet - Yes boss (1997)
Pehla nasha - Jo jeeta wohi sikandar (1992)
Allah ke bande - Waisa bhi hota hai part 2 (2006)
Iktara - Wake up sid (2009)
Yuh hi chala chal - Swades (2004)
Kabira - Yeh jawaani hai deewani (2013)


Kya See Kya Ho Gaya (Guide, 1965)
Din Dhal Jaye Haye (Guide, 1965)
Mai Chali Mai Chali (Padosan, 1968)
Zaroorat Hai (Manmauji, 1962)
O Gore Gore (Samadhi, 1950)
Eechak Dana (Shree 420, 1955)
Mera Kya naam re (CID, 1956)
Om Shanti Om (Karz, 1980)
Chuadhwi Ka Chand (Chaudhavi ka chand, 1960)
O Mere Sona Re Sona (Teesri Manzil, 1966)
Musaafir Hoon Yaaron (Parichay, 1972)
Pyaar Baant Te Chalo (Hum sab ustad hai, 1965)
Deewana Hua Baadal (Kashmir Ki Kali, 1964)
Baar Baar Dekho (China Town, 1962)
Lakdi Ki Kaathi (Masoom, 1983)
Aao Twist Kare (Bhoot Bangla, 1965)
Jab Koi Baat Bigad Jaaye (Jurm, 1990)
Aap Jaisa Koi Meri Zindagi Me Aaye (Qurbani, 1980)
Choo Kar Mere Man Ko (Yaarana, 1981)
Ik Ladki Ko Dekha To Aisa Laga (1942 - A love story, 1994)
Gud Se Meetha Ishq Ishq (Taal, 1999)
Wo Ladki Hai Kahaan (Dil Chahta Hai, 2001)
O Mitwa (Lagaan, 2001)
Roja Jaaneman (Roja, 1992)', 'Various Artists', 'Mashup/Compilation', NULL, 'DDUUD DDUUD         OR          DDU DDU
Chords used : G, D, Em, C', 'https://chordify.net/chords/scoopwhoop-60-years-of-bollywood-in-4-chords-scoopwhoop
https://chordify.net/chords/scoopwhoop-60-years-of-bollywood-part-ii-sw-cafe-session-v-scoopwhoop', FALSE, '2018-10-06T05:17:32.063000+00:00', '2018-10-06T12:51:48.460000+00:00');
INSERT INTO public.note_tags (id, user_id, note_id, tag_id) VALUES ('8d7e02f4-67be-4a56-ac2f-c3739b964f55', '3917b9a9-a856-4f33-a910-6ad73f9fa25b', '18481678-7cf6-4852-afad-9b3a791ae5b8', '07483aae-aaf2-498a-ad00-7abd0a0d46c3');
INSERT INTO public.note_tags (id, user_id, note_id, tag_id) VALUES ('c6311af6-0c9d-4fa5-9bf1-70e7ffa411ca', '3917b9a9-a856-4f33-a910-6ad73f9fa25b', '18481678-7cf6-4852-afad-9b3a791ae5b8', '26bec2c9-84b7-4e97-8246-28dd469f49cd');
INSERT INTO public.notes (id, user_id, title, content, artist, album, release_year, metadata, "references", isPinned, created_at, updated_at) VALUES ('38115573-4b18-4d48-9a53-0f6650f69946', '3917b9a9-a856-4f33-a910-6ad73f9fa25b', 'Sach Keh Raha Hai Deewana - RHTDM', '(Am) Sach Keh raha Hai Dee(F)wana Dil
(Am) Dil na Kisi se La(F)gana

(Am) Sach Keh raha Hai Dee(F)wana Dil
(Am) Dil na Kisi se La(F)gana
(Am) Jhoothe Hai Yaar Ke (F) Waade Saare
(Am) Jhoothi Hai Pyaar Ki (F) Kasme (Am)
Maine Har (G) Lamha Jise Chaha, (D) Jise Pooja
(F) Usine Yaaron Mera Dil (Am) Toda Toda
Tanha Tanha (G) Choda

(Am) Sach Keh raha Hai Dee(F)wana Dil
(Am) Dil na Kisi se La(F)gana
(Am) Jhoothe Hai Yaar Ke (F) Waade Saare
(Am) Jhoothi Hai Pyaar Ki (F) Kasme (Am)
Maine Har (G) Lamha Jise Chaha, (D) Jise Pooja
(F) Usine Yaaron Mera Dil (Am) Toda Toda
Tanha Tanha (G) Choda

(C) Mausam Mausam, (F) Tha Suhana Bada
(C) Mausam Mausam, (F) Maine Dekha Use
(D) Hua Main Pagal (G) Bas Pal Bhar (Am) Me, Aah
(C) Mausam Mausam, (F) Tha Suhana Bada
(C) Mausam Mausam, (F) Maine Dekha Use
(D) Hua Main Pagal (G) Bas Pal Bhar (Am) Mein

Aa (Am) Ke Basi Hai Wo (G) Mere Man Me
Us(F)ki Kami Hai Ab (Am) Jeevan Me
Wo (Am) Door Hai Meri (G) Nazron se
(F) Kyu Use Me Cha(E)hu

(Am) Sach Keh raha Hai Dee(F)wana Dil
(Am) Dil na Kisi se La(F)gana
(Am) Jhoothe Hai Yaar Ke (F) Waade Saare
(Am) Jhoothi Hai Pyaar Ki (F) Kasme (Am)
Maine Har (G) Lamha Jise Chaha, (D) Jise Pooja
(F) Usine Yaaron Mera Dil (Am) Toda Toda
Tanha Tanha (G) Choda

(C) Sundar Sundar (F) Wo Haseena Badi
(C) Sundar Sundar (F) Main To Khone Laga
(D) Uske Nashe Mein (G) Bin Piye Behka, Aah
(C) Sundar Sundar (F) Wo Haseena Badi
(C) Sundar Sundar (F) Main To Khone Laga
(D) Uske Nashe Mein (G) Bin Piye Behka

Ek (Am) Din Use Bhula (G) Doonga Main
Us(F)ki Nishaan Mita (Am) Doonga Main
Cha(Am)honga Na Main Us (G) Pathar Ko
(F) Jaa Usse Bata (E) De

(Am) La Lai Lai Lai Lai (F) La Le
La (Am) Lai Lai Lai (F) Lai La
(Am) La Lai Lai Lai Lai (F) La Le
La (Am) Lai Lai Lai (F) Lai La (Am)

Maine Har (G) Lamha Jise Chaha, (D) Jise Pooja
(F) Usine Yaaron Mera Dil (Am) Toda Toda
Tanha Tanha (G) Choda', 'KK', 'Rehnaa Hai Terre Dil Mein', 2001, 'Strum : DUD  DUD  DU
Alternat Strum for fast part : D UDUD UDUD D DU
Chords used : Am, G, F, D, C', 'https://www.youtube.com/watch?v=9hUsfGDkxTI
https://wrytin.com/rahulpandey/sach-keh-raha-hai-deewana-chords-rehna-hai-tere-dil-mein-jgp1q3tz', FALSE, '2022-11-21T14:37:46.692000+00:00', '2022-11-21T15:28:51.447000+00:00');
INSERT INTO public.note_tags (id, user_id, note_id, tag_id) VALUES ('a0dd2c78-376a-4ed0-9ac4-e0f4732f1141', '3917b9a9-a856-4f33-a910-6ad73f9fa25b', '38115573-4b18-4d48-9a53-0f6650f69946', '94f83bf8-1cd6-44f7-9e77-dc2d9928b555');
INSERT INTO public.note_tags (id, user_id, note_id, tag_id) VALUES ('303f20af-84cb-4af3-9996-b7a0367a949e', '3917b9a9-a856-4f33-a910-6ad73f9fa25b', '38115573-4b18-4d48-9a53-0f6650f69946', '26bec2c9-84b7-4e97-8246-28dd469f49cd');
INSERT INTO public.notes (id, user_id, title, content, artist, album, release_year, metadata, "references", isPinned, created_at, updated_at) VALUES ('10135167-2f31-4b7e-a165-c2d8a706d0dc', '3917b9a9-a856-4f33-a910-6ad73f9fa25b', 'Na Kajre ki Dhaar Intro', 'E----------------------------------------------------------
B--9-9--11--11--8--8--9--9--6--6--8-9-8-6-6--6-6/8-', 'Pankaj Udhas, Sadhana Sargam', 'Mohra', 1994, NULL, NULL, FALSE, '2018-01-14T08:24:55.518000+00:00', '2018-01-14T09:47:57.863000+00:00');
INSERT INTO public.note_tags (id, user_id, note_id, tag_id) VALUES ('2f0b0f37-7f09-4239-8c2b-ce3d54c6c54d', '3917b9a9-a856-4f33-a910-6ad73f9fa25b', '10135167-2f31-4b7e-a165-c2d8a706d0dc', '39d6ed04-fc5c-427e-9060-9041887f4d0e');
INSERT INTO public.note_tags (id, user_id, note_id, tag_id) VALUES ('ed6dced0-4567-497b-86d1-559d186099a7', '3917b9a9-a856-4f33-a910-6ad73f9fa25b', '10135167-2f31-4b7e-a165-c2d8a706d0dc', '94f83bf8-1cd6-44f7-9e77-dc2d9928b555');
INSERT INTO public.note_tags (id, user_id, note_id, tag_id) VALUES ('ff3a4bfc-a0c0-4ae7-9d93-c7d57159d9ca', '3917b9a9-a856-4f33-a910-6ad73f9fa25b', '10135167-2f31-4b7e-a165-c2d8a706d0dc', '22c9085c-724b-4679-aa10-b79b72f9b0be');
INSERT INTO public.notes (id, user_id, title, content, artist, album, release_year, metadata, "references", isPinned, created_at, updated_at) VALUES ('fabe3fe5-d9b7-4b12-b487-02d8a5f5d25a', '3917b9a9-a856-4f33-a910-6ad73f9fa25b', 'Bandeya - Arijit Singh', '```e | - - - - 7- - -10-8-7-8 - - - - 7- -
B | - 10- - - - - - - - - - - - -10 - - - -
```

```e | - - - - - - - - - - - -7- - - - - - - - - - -
B | - -8 -10- - -7-8 - -10 - - 8-10- -
```

(G) Chal, chal ve tu bandeya (Em) uss galiye  
Jahaan (D) koi kisi ko na jaane  
Kya (G) rehna wahaan par (Em) sun bandeya  
Jahaan (D) apne hi na pehchaane  

Reh (G) gaye hain jo tujhme  
Mere (D) lamhe lauta de  
Meri (Em) aankhon mein aa (G) ke  
Mujhe (D) thoda rula de (G)  

(G) Chal, chal ve tu bandeya (Em) uss galiye  
Jahaan (D) koi kisi ko na jaane  

(G) Khwab jo huey hain khandar  
(Em) Khwab hi nahi thhe  
Ik (C) neend thi neem (D) si.. haaye  
(Bm) Kho diya hai tune jisko  
(Em) Tera hi nahi tha  
Ik (C) haar thi (D) jeet si   

(D) Kitna rulayega (Em) ye toh bata  
(C) Rabba ve tujhe hai tere (D) rab da waasta  

(G) Chal, chal ve tu bandeya (Em) uss galiye  
Jahaan (D) koi kisi ko na jaane  
Kya (G) rehna wahaan par (Em) sun bandeya  
Jahaan (D) apne hi na pehchaane', 'Arijit Singh', 'Dil Juunglee', 2018, 'Strumming : D UU D UU D DU
Key : G
Chords used : G, Em, D, Bm', 'https://www.youtube.com/watch?v=P6Ca3X24L40
https://www.youtube.com/watch?v=Fcn8fMYAfBA', FALSE, '2023-05-07T06:53:32.920000+00:00', '2023-05-07T06:57:22.196000+00:00');
INSERT INTO public.note_tags (id, user_id, note_id, tag_id) VALUES ('a45600c6-25b8-49d3-b080-87a3dd7b8fa6', '3917b9a9-a856-4f33-a910-6ad73f9fa25b', 'fabe3fe5-d9b7-4b12-b487-02d8a5f5d25a', '39d6ed04-fc5c-427e-9060-9041887f4d0e');
INSERT INTO public.note_tags (id, user_id, note_id, tag_id) VALUES ('9f8d0d2f-d00c-4ddb-a217-b859b81a7918', '3917b9a9-a856-4f33-a910-6ad73f9fa25b', 'fabe3fe5-d9b7-4b12-b487-02d8a5f5d25a', '94f83bf8-1cd6-44f7-9e77-dc2d9928b555');
INSERT INTO public.note_tags (id, user_id, note_id, tag_id) VALUES ('a4cf30c9-ecc3-42e9-ac92-0cce481b21a6', '3917b9a9-a856-4f33-a910-6ad73f9fa25b', 'fabe3fe5-d9b7-4b12-b487-02d8a5f5d25a', '26bec2c9-84b7-4e97-8246-28dd469f49cd');
INSERT INTO public.note_tags (id, user_id, note_id, tag_id) VALUES ('2dd70c26-3b01-4064-b28d-c69ee1bd757c', '3917b9a9-a856-4f33-a910-6ad73f9fa25b', 'fabe3fe5-d9b7-4b12-b487-02d8a5f5d25a', '8d4fc519-7375-432c-8b6a-6cf000e9f287');
INSERT INTO public.notes (id, user_id, title, content, artist, album, release_year, metadata, "references", isPinned, created_at, updated_at) VALUES ('c3c7c066-b78e-46f9-b939-771b5cdd4091', '3917b9a9-a856-4f33-a910-6ad73f9fa25b', 'Aap ki nazron ne samjha', '(Am)Aap ki naz(Em)ron ne samjha, 
(F)pyaar ke qaa(G)bil mujhe
(Am)Dil ki aye dhad(Em)kan theher jaa, 
(F)mill gayi man(G)zil mujhe

(Am)Aap ki naz(Em)ron ne samjha..(Am)......

(Am)Jee humein man(C)zoor hai, 
(Em)aap ka yeh (Am)faisla....................................x2
(E)Keh rahi hai, (Am)har nazar 
(F)banda parvar (Am)shukriya

(Am)Do jahaan ki (Em)aaj khushiyaan,
(F)ho gayi haa(G)sil mujhe

(Am)Aap ki.....

(Am)Aap ki man(C)zil hoon main, 
(Em)meri manzil (Am)aap hain..............................x2
(E)Kyun main toofaan (Am)se daroon, 
(F)mera saahil (Am)aap hain

(Am)Koyi toofaa(Em)non se keh de, 
(F)mil gaya saa(G)hil mujhe

(Am)Aap ki.....

(Am)Pad gai dil (C)par mere, 
(Em)Aapki par(Am)chhaiyan..............................x2
(E)Har taraf (Am)bajne lagi, 
(F)Saikdo shah(Am)naiyaa

(Am)Do jahaa ki (Em)aaj khushiyan, 
(F)Ho gayi haa(G)sil mujhe

(Am)Aap ki.....', 'Lata Mangeshkar', 'Anpadh', 1962, 'Capo at 4
Ddd DUDU
Chords used : Am, Em, F, G, C, E', 'https://www.youtube.com/watch?v=p4_IhJHKsAA', FALSE, '2019-01-27T07:13:52.325000+00:00', '2021-08-03T08:04:50.165000+00:00');
INSERT INTO public.note_tags (id, user_id, note_id, tag_id) VALUES ('1128ea6a-ea53-4968-9d6c-e6197a8f9eed', '3917b9a9-a856-4f33-a910-6ad73f9fa25b', 'c3c7c066-b78e-46f9-b939-771b5cdd4091', '26bec2c9-84b7-4e97-8246-28dd469f49cd');
INSERT INTO public.note_tags (id, user_id, note_id, tag_id) VALUES ('1c54a1aa-5a6b-4012-99a3-e7a92bc4d3f2', '3917b9a9-a856-4f33-a910-6ad73f9fa25b', 'c3c7c066-b78e-46f9-b939-771b5cdd4091', 'f22d1b82-b224-4a44-a581-b5c25015af54');
INSERT INTO public.notes (id, user_id, title, content, artist, album, release_year, metadata, "references", isPinned, created_at, updated_at) VALUES ('a19a918a-4c1a-42ad-bbd1-0a7326aaadc6', '3917b9a9-a856-4f33-a910-6ad73f9fa25b', 'Dil De Diya Hai', 'Dil De Diya Hai
```e | - 6/8 - 10 - 11 - 8 - 10 - 11 - 13 - 11 - 10 - 8 - - -  
B | - - - - - - - - - - - - - - - - - - - - - - - - - - - - -11 -
```

Jaan Tumhe Denge
```e | - - - - 8 - 10 - - - - - 8 - 10 - 11 - 10 - 8 - - - - - - 
B | - 11 - - - - - - 11 - - - - - - - - - - - - - - - - 11 - 9 - 
```

Daga Nahee Karenge Sanam
```e | - - - 8 - 8 - 10 - 8 - - - - - - - - - - - - - - 
B | - 9 - - - - - - - - - - - 11 - 9/11 - 9 - 8 - - 
```

Ho… Rab Dee Kasam Yaara
```e | - 8/11 - 11 - 11 - 13 - 15 - 13 - - 11 - 10 - 8 - - - - 
B | - - - - - - - - - - - - - - - - - - - - - - - - - - - - 11 - 
```

Rab Dee Kasam
```e | - - - - 10 - 11 - 13 - 11 - - 10 - 11 - 10 - 8 - - 
B | - 11 - - - - - - - - - - - - - - - - - - - - - - - - - 
```

================PARA================

Rukh Jindagee Ne Mod Liya Kaisa
```e | - 8 - 10 - 8-8 - 10 - 8-8 - 10 - 8-8 - 10 - 8 - - - - - - - 
B | - - - - - - - - - - - - - - - - - - - - - - - - - - - - 11 - 9-9 -
```

Hamne Socha Nahee Tha Kabhee Aisa
```e | - - - 8 - 8/10 - 10 - 10/8 - 8 - 8 - - - - - - - - - - 
B | - 9 - - - - - - - - - - - - - - - - - - 9 - 8 - - - - 8 - 
G | - - - - - - - - - - - - - - - - - - - - - - - - - 10 - - - 
```

Rukh Jindagee Ne Mod Liya Kaisa
Hamne Socha Nahee Tha Kabhee Aisa

Aata Nahee Yakin, Kya Se Kya Ho Gaya
```e | - 8 - 10 - 8 - 10 - 8 - - - - - - - - - 11 - 11/13 - 10 - 8 - 8 - 
B | - - - - - - - - - - - - - 11 - 9 - - - 9 -  - - - - - - - - - - - - - - 
```

Kis Tarah Mai Tumase Bewafa Ho Gaya
```e | - 8 - 10 - 8 - 10 - 8 - - - - - - - - - 11 - 11/13 - 10 - 8 - 8 - - - - - - - - - -
B | - - - - - - - - - - - - - 11 - 9 - - - 9 -  - - - - - - - - - - - - - - - 11 -9 -11 -8
```

Insaaf Kar Do
```e | - 6/8 - 10 - 11 - 8 - 10 - 11 - 13 - 11 - 10 - 8 - - -  
B | - - - - - - - - - - - - - - - - - - - - - - - - - - - - -11 -
```

Mujhe Maaf Kar Do
```e | - - - - 8 - 10 - - - - - 8 - 10 - 11 - 10 - 8 - - - - - - 
B | - 11 - - - - - - 11 - - - - - - - - - - - - - - - - 11 - 9 - 
```

Itna Hee Kar Do Karam
```e | - - - 8 - 8 - 10 - 8 - - - - - - - - - - - - - - 
B | - 9 - - - - - - - - - - - 11 - 9/11 - 9 - 8 - - 
```

Dil De Diya Hai Jan Tumhe Denge, 
Daga Nahee Karenge Sanam

Awaaragee Me Ban Gaya Diwaana
Maine Kyun Sadagee Ko Nahee Jaana
Awaaragee Me Ban Gaya Diwaana
Maine Kyun Sadagee Ko Nahee Jaana
Chaahat Yahee Hai Ke, Iss Kadar Pyaar Du
Kadamo Me Tere Mai, Toh Jahaan Waar Du
Chain Meraa Le Lo Khushee Meree Le Lo, 
De Do Mujhe Dedo Saare Gham
Dil De Diya Hai Jaan Tumhe Denge, 
Daga Nahee Karenge Sanam

Mere Ashk Keh Rahe Meree Kahanee
Inhein Samjho Na Tum Sirf Panee
Mere Ashk Keh Rahe Meree Kahanee
Inhein Samjho Na Tum Sirf Panee
Ro Ro Ke Aansuo Ke Daag Dhul Jaayenge
Inn Me Wafa Ke Rang Aaj Ghul Jaayenge
Paas Tum Rahogee Bhul Abb Na Hogee, 
Karunga Na Tumpe Sitam
Dil De Diya Hai Jaan Tumhe Denge, 
Daga Nahee Karenge Sanam
Ho… Rab Dee Kasam Yaara, Rab Dee Kasam
Dil De Diya Hai, Jan Tumhe Denge
Daga Nahee Karenge Sanam
Dil De Diya Hai, Jan Tumhe Denge
Daga Nahee Karenge Sanam', 'Anand Raj Anand', 'Masti', 2004, NULL, 'https://www.youtube.com/watch?v=evxt-t4yTkk', FALSE, '2017-12-20T15:18:32.460000+00:00', '2017-12-23T01:51:06.246000+00:00');
INSERT INTO public.note_tags (id, user_id, note_id, tag_id) VALUES ('62d4e584-ab95-4549-b70a-6dc11ab11bee', '3917b9a9-a856-4f33-a910-6ad73f9fa25b', 'a19a918a-4c1a-42ad-bbd1-0a7326aaadc6', '94f83bf8-1cd6-44f7-9e77-dc2d9928b555');
INSERT INTO public.note_tags (id, user_id, note_id, tag_id) VALUES ('ab9b337d-6b67-4516-8d88-a5154cc7dbba', '3917b9a9-a856-4f33-a910-6ad73f9fa25b', 'a19a918a-4c1a-42ad-bbd1-0a7326aaadc6', '22c9085c-724b-4679-aa10-b79b72f9b0be');
INSERT INTO public.notes (id, user_id, title, content, artist, album, release_year, metadata, "references", isPinned, created_at, updated_at) VALUES ('46989354-71be-44b9-8324-9cfcc6219824', '3917b9a9-a856-4f33-a910-6ad73f9fa25b', 'Gratitude (Easiest version)', 'Part 01 : https://youtu.be/1BqKjVXpzwk?t=39

Part 02 : https://youtu.be/1BqKjVXpzwk?t=144

Part 03 : https://youtu.be/1BqKjVXpzwk?t=395

Part 04 : https://youtu.be/1BqKjVXpzwk?t=442

Part 05 : https://youtu.be/1BqKjVXpzwk?t=649

Part 06 : https://youtu.be/1BqKjVXpzwk?t=754

Part 07 : https://youtu.be/1BqKjVXpzwk?t=850

Part 08 : https://youtu.be/1BqKjVXpzwk?t=1015

Part 09 : https://youtu.be/1BqKjVXpzwk?t=1104

Part 10 : https://youtu.be/1BqKjVXpzwk?t=1322

Part 11 : https://youtu.be/1BqKjVXpzwk?t=1562

Part 12 : https://youtu.be/1BqKjVXpzwk?t=1637

Part 13 : https://youtu.be/1BqKjVXpzwk?t=1894', 'Unavailable', 'Unavailable', 2021, NULL, 'https://www.youtube.com/watch?v=1BqKjVXpzwk', FALSE, '2020-08-29T02:25:17.905000+00:00', '2020-08-29T02:46:31.386000+00:00');
INSERT INTO public.note_tags (id, user_id, note_id, tag_id) VALUES ('0f6ccb1f-613b-41f4-b772-8b286f4d7253', '3917b9a9-a856-4f33-a910-6ad73f9fa25b', '46989354-71be-44b9-8324-9cfcc6219824', '19e5627d-a2b0-4d3f-9425-eb88225bd761');
INSERT INTO public.note_tags (id, user_id, note_id, tag_id) VALUES ('c10fd670-7caf-4a19-a2f9-8406b27ab648', '3917b9a9-a856-4f33-a910-6ad73f9fa25b', '46989354-71be-44b9-8324-9cfcc6219824', '39d6ed04-fc5c-427e-9060-9041887f4d0e');
INSERT INTO public.note_tags (id, user_id, note_id, tag_id) VALUES ('8e26e21e-bae0-4005-9c71-b0fc601815d4', '3917b9a9-a856-4f33-a910-6ad73f9fa25b', '46989354-71be-44b9-8324-9cfcc6219824', '375ee2c2-3bd4-473f-afd0-87ef7a38f19a');
INSERT INTO public.note_tags (id, user_id, note_id, tag_id) VALUES ('587c85c8-3f59-4255-aec9-417f24a23bf1', '3917b9a9-a856-4f33-a910-6ad73f9fa25b', '46989354-71be-44b9-8324-9cfcc6219824', '26bec2c9-84b7-4e97-8246-28dd469f49cd');
INSERT INTO public.note_tags (id, user_id, note_id, tag_id) VALUES ('a3cd4540-aadc-4acb-a591-4ca09e664e95', '3917b9a9-a856-4f33-a910-6ad73f9fa25b', '46989354-71be-44b9-8324-9cfcc6219824', '22c9085c-724b-4679-aa10-b79b72f9b0be');
INSERT INTO public.notes (id, user_id, title, content, artist, album, release_year, metadata, "references", isPinned, created_at, updated_at) VALUES ('0342fe5f-4371-43ae-9342-a58896ea9a56', '3917b9a9-a856-4f33-a910-6ad73f9fa25b', 'Tu Jaane Na', 'Kaise Bataaye Kyun Tujhko Chaahe
```e|----------------------------------------------------|
B|----------------------------------------------------|
G|-2-4-44-5-4-----2-4-44-5-4----------------------|
```

Yaara Bata Na Paaye
```e|----------------------------------------------------|
B|----------------------------------------------------|
G|-----2-2-2---5-4-----------------------------------|
D|-5-------------------5-4----------------------------|
```

Baatein Dilon Ki Dekho Jo Baaki
```e|----------------------------------------------------|
B|----------------------------------------------------|
G|-2-4-44-5-4----2-4-4-4/7--5-4-------------------|
```

Aankhein Tujhe Samjhaaye
```e|----------------------------------------------------|
B|----------------------------------------------------|
G|----2-2-2--5-4------------------------------------|
D|-5-----------------5-4-----------------------------|
```

Tu Jaane Na Aaa
```e|----------------------------------------------------|
B|----------------------------------------------------|
G|-------------------4-2-5-4-2----------------------|
D|-4/5--2-4-5---5-----------------------------------|
```

Tu Jaane Na
```e|----------------------------------------------------|
B|----------------------------------------------------|
G|----------------------------------------------------|
D|--4/5--2-4-5--------------------------------------|
```

Tu Jaane Na Aaa
Tu Jaane Na

Milake Bhi Hum Na Mile
```e|----------------------------------------------------|
B|----------------------------------------------------|
G|-44-2/4-2-0-----4-4-5/7--5-4------------------|
D|-----------------------------------5--------------|
```

Tumse Na Jaane Kyun
```e|----------------------------------------------------|
B|----------------------------------------------------|
G|----------------4-2-------------------------------|
D|-4-5-2--4-5--------------------------------------|
```

Milon Ke Hai Faasle
```e|----------------------------------------------------|
B|-----------------------8-7--8-5-------------------|
G|-4-2/4--2-0------4-------------------------------|
```

Tumse Na Jaane Kyun
```e|----------------------------------------------------|
B|-55--------5-------------------------------------|
G|-----5--7------7-7------------------------------|
```

Anjaane Hai Silsile
```e|----------------------------------------------------|
B|----------------------------------------------------|
G|-4-2/4-2----------4-5/7--5-4-----------------|
D|-------------5---------------------5-------------|
```

Tumse Na Jaane Kyun
```e|----------------------------------------------------|
B|----------------------------------------------------|
G|---------------4-2--------------------------------|
D|-4-5-2-4-5--------------------------------------|
```

Sapne Hai Palakon Tale
```e|----------------------------------------------------|
B|------------------------8-7-8-5------------------|
G|-4-4-2/4--2-0-----4-----------------------------|
```

Tumse Na Jaane Kyun
```e|----------------------------------------------------|
B|-5--------5----------------6-5-------------------|
G|----5-7------7-7-------7-------7-5-4-2---------|
```

Kaise Bataaye Kyun Tujhko Chaahe...
.
.
======SECOND PARA.=======

Nigaahon Mein Dekho Meri Jo Hai Bas Gaya
```e|----------------------------------------------------|
B|-----------------------8-7---------8--------------|
G|-7-9-5-7-797-77-7-------999------9-7-5-------|
```

Woh Hai Milata Tumse Hubahu
```e|----------------------------------------------------|
B|----------------------------------------------------|
G|-7-9-5-7--77-77-5/7-5/4---------------------|
```

Jaane Teri Aankhein Thi Ya Baatein Thi Wajah
```e|----------------------------------------------------|
B|-----------------------8-7---------8--------------|
G|-7-9-5-7-797-77-7-------999------9-7-5-------|
```

Huye Tum Jo Dil Ki Aarzoo
```e|----------------------------------------------------|
B|----------------------------------------------------|
G|-7-9-5-7-7-9-5-5/4--2-2/4------------------|
```

Tum Paas Hoke Bhi
```e|----------------------------------------------------|
B|-------------------6-----------------------------|
G|-4-5-7/9-9-99------9--------------------------|
```

Tum Aas Hoke Bhi
```e|----------------------------------------------------|
B|----------------------------------------------------|
G|7-9-5/7-7-77--9-5--7-4----------------------|
```

Ehsaas Hoke Bhi
```e|----------------------------------------------------|
B|--------------------8----------------------------|
G|-4-5---7/9-9-9-------9-7----------------------|
```

Apne Nahi 
```e|----------------------------------------------------|
B|----------------------------------------------------|
G|-7-9-5/7--7-7/4------------------------------|
```

Aise Hai Humko Gile 
```e|----------------------------------------------------|
B|----------------------------------------------------|
G|-4-2/4--2-0------4-5/7--5-4-----------------|
D|-----------------------------------5------------|
```

Tumse Na Jaane Kyun
```e|----------------------------------------------------|
B|----------------------------------------------------|
G|----------------4-2-----------------------------|
D|-4-5-2--4-5------------------------------------|
```

Milon Ke Hai Faasle
```e|----------------------------------------------------|
B|-----------------------8-7--8-5-------------------|
G|-4-2/4--2-0------4-------------------------------|
```

Tumse Na Jaane Kyun
```e|----------------------------------------------------|
B|-55--------5-------------------------------------|
G|-----5--7------7-7------------------------------|
```

Tu Jaane Na Aaa
```e|----------------------------------------------------|
B|----------------------------------------------------|
G|-------------------4-2-5-4-2----------------------|
D|-4/5--2-4-5--5-----------------------------------|
```

Tu Jaane Na
```e|----------------------------------------------------|
B|----------------------------------------------------|
G|----------------------------------------------------|
D|--4/5--2-4-5--------------------------------------|
```', 'Atif Aslam', 'Ajab Prem Ki Ghazab Kahani', 2009, NULL, 'http://rockonguitar247.blogspot.com/2013/12/tu-jaane-na-guitar-tabs.html', FALSE, '2018-08-28T15:39:46.278000+00:00', '2018-10-01T15:05:35.460000+00:00');
INSERT INTO public.note_tags (id, user_id, note_id, tag_id) VALUES ('e6e2c1b3-2d77-4bb3-9d62-07652fe7d219', '3917b9a9-a856-4f33-a910-6ad73f9fa25b', '0342fe5f-4371-43ae-9342-a58896ea9a56', '94f83bf8-1cd6-44f7-9e77-dc2d9928b555');
INSERT INTO public.note_tags (id, user_id, note_id, tag_id) VALUES ('e643aa5d-fc39-4493-9406-956c355956bb', '3917b9a9-a856-4f33-a910-6ad73f9fa25b', '0342fe5f-4371-43ae-9342-a58896ea9a56', '22c9085c-724b-4679-aa10-b79b72f9b0be');
INSERT INTO public.notes (id, user_id, title, content, artist, album, release_year, metadata, "references", isPinned, created_at, updated_at) VALUES ('86d1ca47-b473-46e2-9a7f-46635751fa4f', '3917b9a9-a856-4f33-a910-6ad73f9fa25b', 'Careless Whisper (starting tune)', '```e | - 12 - 10 - - - - - - - - 12 - 10- - - - - - - - 
B | - - - - - - 10 - - - - - - - - - - - -10 - - - - - -
G | - - - - - - - - -10 - - - - - - - - - - - 10 - - - 
```

```e | - 8 - 6 - - - - - - - - - 8 - 6 - - - - - - - 
B | - - - - - 6 - - - - - - - - - - - 6 ~ ~ ~ - 
G | - - - - - - - 7 - - - - - - - - - - - - - - - - 
```

```e | - 6 - 5 - - - - - - - - - - - - 
B | - - - - - 6 - - - - - - - - - - 
G | - - - - - - - - 7 - - - - - - - 
D | - - - - - - - - - - 8 ~ ~ ~ -
```

```e | - - - - - - - - - - - - - - - - 3 - 5 - -
B | - - - - - - - - - - - 5 - 6 - - - - - - -
G | - - - - - - 5 - 7 - - - - - - - - - - - -
D | - 7 - 8 - - - - - - - - - - - - - - - - -
```', 'George Michael', 'Make It Big', 1984, NULL, NULL, FALSE, '2017-11-08T14:52:37.656000+00:00', '2019-01-20T10:39:33.763000+00:00');
INSERT INTO public.note_tags (id, user_id, note_id, tag_id) VALUES ('d7129fb4-6227-4fa3-b4bd-a1a79998a172', '3917b9a9-a856-4f33-a910-6ad73f9fa25b', '86d1ca47-b473-46e2-9a7f-46635751fa4f', '22c9085c-724b-4679-aa10-b79b72f9b0be');
INSERT INTO public.note_tags (id, user_id, note_id, tag_id) VALUES ('2b04d2f6-48c2-48fd-8bd5-703acdb8ac24', '3917b9a9-a856-4f33-a910-6ad73f9fa25b', '86d1ca47-b473-46e2-9a7f-46635751fa4f', 'eebbc269-be1f-43e9-a641-4b2e91a39ff4');
INSERT INTO public.notes (id, user_id, title, content, artist, album, release_year, metadata, "references", isPinned, created_at, updated_at) VALUES ('560d6392-f576-4564-8a5e-6c3e970541f0', '3917b9a9-a856-4f33-a910-6ad73f9fa25b', 'Raabta (Intro)', '```e|---7-8-7------7-8-7------7-8-7-----12-12--10-10--8-8--7-7--8-
B|-8-----------8----------8---------------------------------------
```

```e|---8-10-8--------8-10-8-----7-7--8-8--10-10--12-12--13-13--15--
B|-10------------8-----------------------------------------------------
```

```e|--7-8-7-8-7-8-7-7-8-7-8-7-8-7--------------
B|-8---------------8------------------------------
```

```e|---8-10-8-10-8-10-8--8-10-8-10-8-13-12-1010-88-77-55-77-88-1010-12-
B|-10------------------10--------------------------------------------------------
```', 'Arijit Singh', 'Agent Vinod', 2012, NULL, NULL, FALSE, '2017-10-24T14:46:16.299000+00:00', '2017-10-24T15:01:48.108000+00:00');
INSERT INTO public.note_tags (id, user_id, note_id, tag_id) VALUES ('7b9e9570-92c1-4327-9fde-5ae18d24b786', '3917b9a9-a856-4f33-a910-6ad73f9fa25b', '560d6392-f576-4564-8a5e-6c3e970541f0', '39d6ed04-fc5c-427e-9060-9041887f4d0e');
INSERT INTO public.note_tags (id, user_id, note_id, tag_id) VALUES ('165a6d0c-fcd1-46c7-92f3-be89873dc31c', '3917b9a9-a856-4f33-a910-6ad73f9fa25b', '560d6392-f576-4564-8a5e-6c3e970541f0', '94f83bf8-1cd6-44f7-9e77-dc2d9928b555');
INSERT INTO public.note_tags (id, user_id, note_id, tag_id) VALUES ('cb81407c-d492-42ec-af5a-8ccc3890d3ee', '3917b9a9-a856-4f33-a910-6ad73f9fa25b', '560d6392-f576-4564-8a5e-6c3e970541f0', '22c9085c-724b-4679-aa10-b79b72f9b0be');
INSERT INTO public.notes (id, user_id, title, content, artist, album, release_year, metadata, "references", isPinned, created_at, updated_at) VALUES ('bb8616cb-fec9-43ce-8820-1c920bfbebcc', '3917b9a9-a856-4f33-a910-6ad73f9fa25b', 'Dilbara | Pati Patni Aur Woh', 'Intro Music:      (D UDUD UDUD)
[Am] [Am] [G] [F]

[Am]Dilbara ve teri[G]yaan dilbari[F]yaan
Hoya [F]door meri jaan te bany[Am]aa
[Am]Dilbara ve teri[G]yaan dilbari[F]yaan
Hoya [F]door meri jaan te bany[Am]aa

[Am]Gal teri meri si
Bas [G]reh gyi teri ve
[F]Maaf karde de mainu
[G]Meharbaani teri ve

Hun [Am]haath me jodaan
Tu [G]gussa chhad de
Sb [F]mann jaawan
Marzi jo teri [Em]ve

Mera [Am]chann tan kho gaya
Mere [G]kol te reh gaye ne
[F]Ambar de taare ne

[Am]Dilbara ve teri[G]yan dilbariyan
Hoya [F]door meri jaan te banny[Am]aa
[Am]Dilbara ve teri[G]yan dilbariyan
Hoya [F]door meri jaan te banny[Am]aa

Music:
[Am] [Am] [G] [F]

[Am]Jaan banaake jaan he
Kadd [G]lae jaan waale ne
[F]Tere bin me kis kaam da
Socheya [G]nai marjaane ne

Mera [Am]chann taan kho gaya
Mere [G]kol te reh gaye ne
[F]Ambar de taare ne

[Am]Dilbara ve teri[G] yan dilbari[F]yan
Hoya[F] door meri jaan te bann[Am] aa
[Am]Dilbara ve teri[G] yan dilbari[F]yan
Hoya[F] door meri jaan te bann[Am] aa

Outro Music:
[Am]Tere bin [G]meri jaan ga dil
[F]Yaara tainu samajh na [Am]aave

Ho [Am]judayi [G]teri
[F]Zehar de wargi
[G]Meri rooh vi mardi [Am]jaave', 'Sachet Tandon, Parampara Thakur', 'Pati Patni Aur Woh', 2019, 'Original Scale : Cm
Capo at : 3rd Fret
Strumming : D UUD UUD
Chords used : Am, G, F, Em', 'https://www.youtube.com/watch?v=ja2pgKAMqH4', FALSE, '2020-03-15T12:41:40.722000+00:00', '2020-03-16T15:04:59.623000+00:00');
INSERT INTO public.note_tags (id, user_id, note_id, tag_id) VALUES ('3b751611-1923-4983-8f02-d2ce49231e75', '3917b9a9-a856-4f33-a910-6ad73f9fa25b', 'bb8616cb-fec9-43ce-8820-1c920bfbebcc', '94f83bf8-1cd6-44f7-9e77-dc2d9928b555');
INSERT INTO public.note_tags (id, user_id, note_id, tag_id) VALUES ('40336f22-52bf-485f-8930-ce919f443dc2', '3917b9a9-a856-4f33-a910-6ad73f9fa25b', 'bb8616cb-fec9-43ce-8820-1c920bfbebcc', '26bec2c9-84b7-4e97-8246-28dd469f49cd');
INSERT INTO public.notes (id, user_id, title, content, artist, album, release_year, metadata, "references", isPinned, created_at, updated_at) VALUES ('c6340673-e4d2-4bb6-8bca-ff9f1827fc39', '3917b9a9-a856-4f33-a910-6ad73f9fa25b', 'Ban Ja Tu Meri Rani', 'Ban ja tu meri rani, Tenu mahal dawa dunga
```e | - 7- 7 - 7 - 8 - 7 - - - - - -7 - - - - - - - - - - - - 8 - 7  - - -
B | - - - - - - - - - - - 10 - 10 - - -10- 8 - 8 - 8 - 8 - - - - -10 -
```

Ban meri mehbooba, Main tenu Taj pawa dunga
```e | - 7- 7 - 7 - 10 - 8 - 7 - - - - -7 - - - - - - - - - - - - 8 - 7  - - -
B | - - - - - - - - - - - - - - 10-10 - - -10- 8 - 8 - 8 - 8 - - - - -10 -
```

Sun meri rani rani
```e | - - - - 7 - 8 - 8/10 - 10 - 8/7 - - - - 
B | - 10 - - - - - - - - - - - - - - - - -10- -
```

Ban meri rani rani
```e | - - - - 7 - 8 - 8/10 - 10 - 8/7 - - - - 
B | - 10 - - - - - - - - - - - - - - - - -10- -
```

Shahjahaan main tera, Tenu Mumtaj bana dunga
```e | - 7- 7 - 7 - 8 - 7 - - - - - -7 - - - - - - - - - - - - 8 - 7  - - -
B | - - - - - - - - - - - 10 - 10 - - -10- 8 - 8 - 8 - 8 - - - - -10 -
```

Ban ja tu meri rani, Tenu mahal dawa dunga...
```e | - 7 - 7- 7 - 8 - 7 - - - - - - - 7 - - - - - - - - - - - -7 - - - -
B | - - - - - - - - - - - - 10 - 10 - - - 10 - 8 - -8-8 - - - - -10-  
G | - - - - - - - - - - - - - - - - - - - - - - - - - - - - - 9 - - - - -
```', 'Guru Randhawa', 'Tumhari Sulu', 2017, NULL, NULL, FALSE, '2017-12-23T12:26:22.910000+00:00', '2017-12-23T13:26:10.663000+00:00');
INSERT INTO public.note_tags (id, user_id, note_id, tag_id) VALUES ('e26e8765-7898-4413-a504-73ff7983ad3a', '3917b9a9-a856-4f33-a910-6ad73f9fa25b', 'c6340673-e4d2-4bb6-8bca-ff9f1827fc39', '94f83bf8-1cd6-44f7-9e77-dc2d9928b555');
INSERT INTO public.note_tags (id, user_id, note_id, tag_id) VALUES ('036c8524-0844-49d1-a21d-abb7db5ca6fb', '3917b9a9-a856-4f33-a910-6ad73f9fa25b', 'c6340673-e4d2-4bb6-8bca-ff9f1827fc39', '22c9085c-724b-4679-aa10-b79b72f9b0be');
INSERT INTO public.notes (id, user_id, title, content, artist, album, release_year, metadata, "references", isPinned, created_at, updated_at) VALUES ('299acddb-550f-4abd-9fbd-a6d7b2784e81', '3917b9a9-a856-4f33-a910-6ad73f9fa25b', 'Tera Ban Jaunga - Kabir Singh', '[G]Meri raahein [C]tere tak hain
[Em]Tujhpe hi toh [C]mera haq hai
[G]Ishq mera [C]tu beshaq hai
[Em]Tujhpe hi toh [C]mera haq hai

[G]Saath chhodunga na tere piche aa[C]unga
[Em]Chheen lunga ya Khuda se maang [C]laaunga
[G]Tere naal taqdeeran likh[C]waunga main
Tera ban [Em]jaaunga
[C]Main tera ban jaaunga

[G]Sonh teri main kasam yehi [C]khaunga
Kitte [Em]waadeya nu main ni[C]bhaunga
Tujhe [G]har waari apna ba[C]naunga
Main tera ban [Em]jaaunga
[C]Main tera ban [Em]jaaun[G]ga

[Em]Na na na…[C]da ra ra ra
[G]Na ra o [C]yeh…

[G]Lakhaan toh juda main hui [Em]tere khaatir
[G]Tu hi manzil dil tera [Em]musaafir
[G]Lakhaan ton juda main hoya [Em]teri khaatir
[G]Tu hi manzil main tera [Em]musaafir
[G]Rab nu bhula betha [Em]tere karke
Main [C]ho gaya kaa[G]fir

Tere liye main jahaan se tak[C]raunga
Sab [Em]kuch khoke tujhko hi [C]paaunga
Dil [G]ban ke mein dil dhad[C]kaunga
Main tera ban [Em]jaaunga [C]
Main tera ban [G]jaaunga

[G]Sonh teri main kasam yehi [C]khaunga
Kitte [Em]waadeya nu main ni[C]bhaunga
Tujhe [G]har waari apna ba[C]naunga
Main tera ban [Em]jaaunga
[C]Main tera ban [Em]jaaun[G]ga

Meri raahein [C]tere tak hain
[G]Tujhpe hi toh [Em]mera [C]haq hai
Ishq me[G]ra [Em]tu beshaq hai
[G]Tujhpe hi toh [C]mera haq hai', 'Akhil Sachdeva, Tulsi Kumar', 'Kabir Singh', 2019, 'Capo at 4
D D UUD D DU
Chords used : G, C, D, Em', 'https://tabs.ultimate-guitar.com/tab/akhil_sachdeva/tera_ban_jaunga_chords_2732076', FALSE, '2019-06-23T07:12:19.675000+00:00', '2019-06-26T02:38:02.373000+00:00');
INSERT INTO public.note_tags (id, user_id, note_id, tag_id) VALUES ('f2dbca78-c4b7-4f04-8e43-46a32ba14fd7', '3917b9a9-a856-4f33-a910-6ad73f9fa25b', '299acddb-550f-4abd-9fbd-a6d7b2784e81', '94f83bf8-1cd6-44f7-9e77-dc2d9928b555');
INSERT INTO public.note_tags (id, user_id, note_id, tag_id) VALUES ('58e79606-4ee4-4204-b12f-d01020c6db7d', '3917b9a9-a856-4f33-a910-6ad73f9fa25b', '299acddb-550f-4abd-9fbd-a6d7b2784e81', '26bec2c9-84b7-4e97-8246-28dd469f49cd');
INSERT INTO public.notes (id, user_id, title, content, artist, album, release_year, metadata, "references", isPinned, created_at, updated_at) VALUES ('f391a82e-97d8-4f22-8b9a-19d2f209fea2', '3917b9a9-a856-4f33-a910-6ad73f9fa25b', 'Chaha Hai Tujko', 'CHAHA HAI TUJHKO CHAHENGE HARDAM
5-8-7-7-5-8-7-7-5-8-7-5-7-3

MARKE BHI DIL SE YEH PYAR NA HOGA KAM

3-7-5-5-3-7-5-5-3-8-7-5-5-5

TERI YAAD JO AATI HAI MERE AANSOO BEHTE HAI

5-5-8-12-10-10-10-10-3-3-7-10-8-8-8

AAPNA TO MILAN HOGA PAL PAL YEH KEHTE HAI

5-5-8-12-10-10-10-3-3-7-10-8-8-8

KYA YEH GINDGANI HAI ,BAS TERI KAHANI HAI

3-5-8-7-5-5-5-7-3-5-8-7-5-5-5

BAS TERI KAHANI HAI YEH JO GINDGANI HAI

3-5-8-7-5-5-5-7-3-5-8-7-5-5-5 

TERI WHO BATE WHO CHAHAT KI RASME

5-5-5-5-3-8-7-5-3-8-7-5-5-5

JHUTE THE WADE KYA JHOOTI THI KASME

5-5-5-5-5-12-10-10-8-10-12-10-10-10 

KYA YE TAMANNA KYA YE SACH HAI BAS ITNA KAH DE

10-12-13-12-108-10-12-10-8-7-8-10-8-5-7', 'Udit Narayan, Anuradha Paudwal', 'Mann', 1999, NULL, NULL, FALSE, '2017-10-06T03:10:30.186000+00:00', '2017-10-06T03:10:52.149000+00:00');
INSERT INTO public.note_tags (id, user_id, note_id, tag_id) VALUES ('ae1c69d8-9554-4338-a457-9744d71e52ea', '3917b9a9-a856-4f33-a910-6ad73f9fa25b', 'f391a82e-97d8-4f22-8b9a-19d2f209fea2', '94f83bf8-1cd6-44f7-9e77-dc2d9928b555');
INSERT INTO public.note_tags (id, user_id, note_id, tag_id) VALUES ('c76e4d21-111f-4afb-ac92-2841a373fc1f', '3917b9a9-a856-4f33-a910-6ad73f9fa25b', 'f391a82e-97d8-4f22-8b9a-19d2f209fea2', '484fde0b-53ea-4d62-82d9-dff38182c04c');
INSERT INTO public.note_tags (id, user_id, note_id, tag_id) VALUES ('60678b1b-c19f-4a6c-9fc8-daa0d23ac9cd', '3917b9a9-a856-4f33-a910-6ad73f9fa25b', 'f391a82e-97d8-4f22-8b9a-19d2f209fea2', '22c9085c-724b-4679-aa10-b79b72f9b0be');
INSERT INTO public.notes (id, user_id, title, content, artist, album, release_year, metadata, "references", isPinned, created_at, updated_at) VALUES ('2d4a3f33-151a-42f6-9a8a-d39b5f91da7e', '3917b9a9-a856-4f33-a910-6ad73f9fa25b', 'Chaand Ne kuch kaha', 'chaand ne kuch kaha , raat ne kuch suna
e--------------------------------------------
B--------------------------------------------
G------0--2-2-0------------0--2-2-0-------
D-0-0-----------------0-0-------------------
tu bhi sun bekhabar
e-------------------
B-------------------
G-------3--5-7-7--
D--0-0------------

pyaar kar ,o ho ho pyaar kar
e-----------------------------
B-----------------------------
G--2-2-0---3-2----2-2-0--
D---------------3---------

aayi hai chaandni mujhse kehne yahi
e-----------------------------------------
B-----------------------------------------
G-0-0-7--5-5-5---0-0-5-3-3-3-----
D---------------------------------- (2 times)

meri gali mere ghar
e--------------------------
B-------1-1--------------
G-2-3-------0-0-2------
D-----------------------

pyaar kar , o ho ho pyaar kar
e--------------------------
B--------------------------
G--2-2-0--3-2---2-2-0-
D-------------3--------', 'Lata Mangeshkar, Udit Narayan', 'Dil To Pagal Hai', 1997, NULL, NULL, FALSE, '2017-11-08T03:19:57.757000+00:00', '2017-12-14T13:37:53.171000+00:00');
INSERT INTO public.note_tags (id, user_id, note_id, tag_id) VALUES ('f314ea62-47a4-46fa-9e74-7f48c4cfc9e8', '3917b9a9-a856-4f33-a910-6ad73f9fa25b', '2d4a3f33-151a-42f6-9a8a-d39b5f91da7e', '94f83bf8-1cd6-44f7-9e77-dc2d9928b555');
INSERT INTO public.note_tags (id, user_id, note_id, tag_id) VALUES ('33f42fa2-1478-4839-8978-60a4647a3554', '3917b9a9-a856-4f33-a910-6ad73f9fa25b', '2d4a3f33-151a-42f6-9a8a-d39b5f91da7e', '22c9085c-724b-4679-aa10-b79b72f9b0be');
INSERT INTO public.notes (id, user_id, title, content, artist, album, release_year, metadata, "references", isPinned, created_at, updated_at) VALUES ('5e7d70fb-5407-4b3c-9ae6-744eea84c6aa', '3917b9a9-a856-4f33-a910-6ad73f9fa25b', 'Aaj Jaane Ki Zid Na Karo - Arijit Singh', '(G) Aaaj janey (A) kii zidd naa (Bm) karoo ...x2
Yunhi (Em) pehloo meinn bethe (A) rahoo ...x2

Aaaj (G) jane kii (Gm) zidd naa (D) karoo ...x2

(D) Haye marr (F#m) jayenge (D)
Humm to lut (F#m) jayenge (D)
Aisii (G) batein (F#m) kiyaa na (A) karo
Aisii (G) batein (F#m) kiyaa na (D) karo

Aaaj (G) janey kii (Gm) zidd naa (D) karoo ...x2

(D) Tumhii sochoo zaraa (Bm) kyuun naa rokee (F#m) tumhe ...x2
Jaan jaati (G) haii jabb uthh keh jate hoo (F#m) tumm ...x2

Tumm koo apnii (Bm) kasamm (A) jane jan
Bat (Em) itnii (F#m) merii maaaan (D) loo

(G) Aaaj jaaney (A) kii zidd naa (Bm) karoo ...x2

Waqt (Bm)ki qaid (G)mein zinda(Bm)gi hai magar ...x2
Chand (G)ghadiyan yehi hain jo (Bm)aazaad hain ...x2

Inko (Bm)khokar meri jaan-e-(G)jaan...
Umra (G)bhar na ta(F#m)raste (A)raho ..(D)

Aaaj (G) janey kii (Gm) zidd naa (D) karoo ...x2

Kitna (G)masoom (Bm)rangeen hai yeh (F#m)sama
Husn (G)aur ishq ki aaj mairaaj (F#m)hai ...x2

Kal ki kis ko (Bm)khabar jaan-e-(A)jaan
Rok (Em)lo (F#m)aaj ki raat (D)ko

Aaaj (G) janey kii (Gm) zidd naa (D) karoo ...x2
Yunhi (Em) pehloo meinn bethe (A) rahoo ...x2
Aaaj (G) janey kii (Gm) zidd naa (D) karoo ...x2

(D) Haye marr (F#m) jayenge (D)
Humm to lut (F#m) jayenge (D)
Aisii (G) batein (F#m) kiyaa na (A) karo
Aisii (G) batein (F#m) kiyaa na (D) karo

Aaaj (G) janey kii (Gm) zidd naa (D) karoo ...x2', 'Arijit Singh', 'MTV India Tour 2018', 2018, 'Capo at 1
Strumming : Ddd DUDU   (Fingerstyle is also fine)
Original Singer - Farida Khanum
Chords used : G, A, Em, Bm, F#m, Gm, D', 'https://tabs.ultimate-guitar.com/tab/arijit-singh/aaj-jaane-ki-zid-na-karo-chords-2234447', FALSE, '2023-07-30T02:06:56.480000+00:00', '2023-07-30T02:37:13.691000+00:00');
INSERT INTO public.note_tags (id, user_id, note_id, tag_id) VALUES ('0e1d817a-9d24-4cd3-baca-b21596e2f6e6', '3917b9a9-a856-4f33-a910-6ad73f9fa25b', '5e7d70fb-5407-4b3c-9ae6-744eea84c6aa', '94f83bf8-1cd6-44f7-9e77-dc2d9928b555');
INSERT INTO public.note_tags (id, user_id, note_id, tag_id) VALUES ('3060d854-9430-46f4-81f5-50d52e6b67ce', '3917b9a9-a856-4f33-a910-6ad73f9fa25b', '5e7d70fb-5407-4b3c-9ae6-744eea84c6aa', '26bec2c9-84b7-4e97-8246-28dd469f49cd');
INSERT INTO public.notes (id, user_id, title, content, artist, album, release_year, metadata, "references", isPinned, created_at, updated_at) VALUES ('b167ba4c-cec8-4fee-8929-1074da82a64c', '3917b9a9-a856-4f33-a910-6ad73f9fa25b', 'Bas ek sanam chahiye', 'Intro
E-------------------------------------------
B-------------------------------------------
G-4-2-4-2-0-2-4-5-4- -2-2-2-0-2-0----
D-----------------------------------------------3--
E-----------------------------------------
B-----------------------------------------
G-2-0-2-0----0-2---4-4--0-0-0--------
D-----------3-----------------------------


Ho Ho Ho Ho HO Ho HO
E-----------------------------------------
B-----------------------------------------
G---4-4-2-2-5-5-4-4-2-2-0-0--2------

Ho Ho Ho Ho HO Ho HO
E-----------------------------------------
B-----------------------------------------
G---2-2-0-0-4-4-2-2-0-0-------0-----
D---------------------------------3-3---------

Music
E--3-3---3----3----1-1---1-----5-5--5----1-5----3-3--3-
B-------------3--------------------------------------------


Saanson Ki Zaroorat Hai Jaise
E-----------------------------
B-----------------------------
G--0-0-0-0-0-2-0----------
D--------------------3-3-----

Saanson Ki Zaroorat Hai Jaise
E---------------------------------
B---------------------------------
G--0-0-0-0-0-2/4--0-----------
D------------------------3--3----

Zindagi Ke Liye
E--------------------
B--------------------
G-----3-3-2-2------
D-0-3---------------

Bas Ek Sanam Chaahiye 
E----------------------------
B--1-1--1-1---3-1-0---------
G--------------------2-0----

Aashiqui Ke Liye
E------------------------------------------------------
B------------------------------------------------------
G-------2-2-0-0-----2--4---2--4--2-4-----0-
D--0-3------------------------------------3---

Jaam Ki Zaroorat Hai Jaise
E-----------------------------
B-----------------------------
G--0-0-0-0-0-2-0----------
D--------------------3-3-----

Jaam Ki Zaroorat Hai Jaise 
E---------------------------------
B---------------------------------
G--0-0-0-0-0-2/4--0-----------
D------------------------3--3----

Bekhudi Ke Liya
E--------------------
B--------------------
G-----3-3-2-2------
D-0-3---------------

Haan Ek Sanam Chaahiye
E----------------------------
B--1-1--1-1---3-1-0---------
G--------------------2-0----

Aashiqui Ke Liye
E-------------------------------------------------------
B-------------------------------------------------------
G-------2-2-0-0-----2--2/4---2--2/4--2-2/4-----0-
D--0-3--------------------------------------------3---

Bas Ek Sanam Chaahiye 
E----------------------------
B--1-1--1-1---3-1-0---------
G--------------------2-0----

Aashiqui Ke Liye
E--------------------
B--------------------
G-------2-2-0-0----
D--0-3--------------


[[[   NOT EDITED AFTER THIS   ]]]

Waqt Ke Haathon Mein Sabki Takdeerein Hain
G--4-2-4-2-0-2/4-2-4-2-4-2-0-0-0-----------



Waqt Ke Haathon Mein Sabki Takdeerein Hain
G--4-2-4-2-0-2/4-2-4-2-4-2-0-0-0-----------



Aaina Jhootha Hai Sachee Tasveerein Hain
G--4-2-4-2-0-2/4-2-4-2-4-2-0-0-0-----------



Jahan Dard Hai Vahin Geet Hai
B--3-3-1/3-1-0----------------------------------------------------
G--------------0-0---0----------------------------------------
D------------------3---3-2------------------------------------

Jahan Pyaas Hai Vahin Meet Hai
B--3-3-1/3-1-0----------------------------------------------------
G--------------0-0---0----------------------------------------
D------------------3---3-2------------------------------------

Koi Na Jaane Magar Jeene Ki Yahi Reet Hai
B--5-5-5-3/5-3-0-1---------1/3-3-0-1--------------------
G------------------0-4-4-4--------------------------------

Saaz Ki Zaroorat Hai Jaise
G--0-0-0-0-0-2-0-----------------
D----------------3-3-----

Saaz Ki Zaroorat Hai Jaise 
G--0-0-0-0-0-2/4-2---0-------
D------------------3---3--------

Mausiki Ke Liye
G-----3-3-2-2---------
D-0-3---------------

Bas Ek Sanam Chaahiye
B--1-1-1-1-1-3-1-0-------------------------
G------------------2-0---------------

Aashiqui Ke Liye
G------2-2-0-0----2-2/4-2/4-2-2/4-0----------------
D--0-3------------------------------3------------------

Haan Ek Sanam Chaahiye
B--1-1-1-1-1-3-1-0-------------------------
G------------------2-0---------------

Aashiqui Ke Liye
G------2-2-0-0--------------------
D--0-3------------------------------

Ho Ho Ho Ho HO Ho HO
G----4-4-2-2-5-5-4-4-2-2-0-0--2-----------------

Ho Ho Ho Ho HO Ho HO
G----------2-2-0-0-4-4-2-2-0-0-----2------------------
D------------------------------3-3--------------------


E--3-3-3---3-1-1-1---5-5-5-1-5-3-3-3------------------
B--------3--------------------------------------------


Manzilein Haasil Hain Phir Bhi Ek Doori Hai
G--4-2-4-2-0-2/4-2-4-2-4-2-0-0-0-----------

Manzilein Haasil Hain Phir Bhi Ek Doori Hai
G--4-2-4-2-0-2/4-2-4-2-4-2-0-0-0-----------

Bina Humraahi Ke Zindagi Adhoori Hai
G--4-2-4-2-0-2/4-2-4-2-4-2-0-0-0-----------

Milegi Kahin Koi Raahguzaar
B--3-3-1/3-1-0----------------------------------------------------
G--------------0-0---0----------------------------------------
D------------------3---3-2------------------------------------

Tanha Katega Kaise Ye Safar
B--3-3-1/3-1-0----------------------------------------------------
G--------------0-0---0----------------------------------------
D------------------3---3-2------------------------------------

Mere Sapne Ho Jahan Dhoondhoon Main Aisi Nazar
B--5-5-5-3/5-3-0-1---------1/3-3-0-1--------------------
G------------------0-4-4-4------------------------------------------- 

Chaand Ki Zaroorat Hai Jaise
G--0-0-0-0-0-2-0-----------------
D----------------3-3-----

Chaand Ki Zaroorat Hai Jaise 
G--0-0-0-0-0-2/4-2---0---------------------
D------------------3---3-----------

Chaandni Ke Liye
G-----3-3-2-2---------
D-0-3---------------

Bas Ek Sanam Chaahiye
B--1-1-1-1-1-3-1-0-------------------------
G------------------2-0---------------

Aashiqui Ke Liye
G------2-2-0-0----2-2/4-2/4-2-2/4-0----------------
D--0-3------------------------------3------------------

Saanson Ki Zaroorat Hai Jaise
G--0-0-0-0-0-2-0-----------------
D----------------3-3-----

Saanson Ki Zaroorat Hai Jaise
G--0-0-0-0-0-2/4-2---0---------------------
D------------------3---3-----------

Zindagi Ke Liye
G-----3-3-2-2---------
D-0-3---------------

Bas Ek Sanam Chaahiye 
B--1-1-1-1-1-3-1-0-------------------------
G------------------2-0---------------

Aashiqui Ke Liye
G------2-2-0-0----2-2/4-2/4-2-2/4-0----------------
D--0-3------------------------------3------------------

Bas Ek Sanam Chaahiye 
B--1-1-1-1-1-3-1-0-------------------------
G------------------2-0---------------

Aashiqui Ke Liye
G------2-2-0-0---------------------------------------
D--0-3------------------------------------------------

Aashiqui Ke Liye
G------2-2-0-0---------------------------------------
D--0-3------------------------------------------------

Aashiqui Ke Liye
G------2-2-0-0---------------------------------------
D--0-3------------------------------------------------

Aashiqui Ke Liye
G------2-2-0-0---------------------------------------
D--0-3------------------------------------------------', 'Kumar Sanu', 'Aashiqui', 1990, NULL, NULL, FALSE, '2017-10-25T02:39:46.188000+00:00', '2020-05-02T07:42:32.508000+00:00');
INSERT INTO public.note_tags (id, user_id, note_id, tag_id) VALUES ('08460619-acca-4034-bc44-c9b0c16d5845', '3917b9a9-a856-4f33-a910-6ad73f9fa25b', 'b167ba4c-cec8-4fee-8929-1074da82a64c', '39d6ed04-fc5c-427e-9060-9041887f4d0e');
INSERT INTO public.note_tags (id, user_id, note_id, tag_id) VALUES ('e7aa3fa2-7c0f-4d20-b249-6669f65e7f6e', '3917b9a9-a856-4f33-a910-6ad73f9fa25b', 'b167ba4c-cec8-4fee-8929-1074da82a64c', '22c9085c-724b-4679-aa10-b79b72f9b0be');
INSERT INTO public.note_tags (id, user_id, note_id, tag_id) VALUES ('2f2c2a8c-8b4d-43cf-a7c7-d06272c8efdf', '3917b9a9-a856-4f33-a910-6ad73f9fa25b', 'b167ba4c-cec8-4fee-8929-1074da82a64c', 'f22d1b82-b224-4a44-a581-b5c25015af54');
INSERT INTO public.notes (id, user_id, title, content, artist, album, release_year, metadata, "references", isPinned, created_at, updated_at) VALUES ('93e08a11-9559-4d7d-b1a8-74cb7e989868', '3917b9a9-a856-4f33-a910-6ad73f9fa25b', 'Koi Mil Gaya (Jadoo/ Alien) Theme', '6-7-12-11
6-7-11-9
6-7-12-11-9-11-9
6-7-11-9', 'Rajesh Roshan', 'Koi... Mil Gaya', 2003, 'Play on any string (Preferably  thick E string)', 'https://www.youtube.com/watch?v=4CmDXJIWoNs', FALSE, '2019-03-15T02:22:14.335000+00:00', '2019-03-15T02:23:14.321000+00:00');
INSERT INTO public.note_tags (id, user_id, note_id, tag_id) VALUES ('7526d54f-a7c5-4fd1-87b3-d53111709b4a', '3917b9a9-a856-4f33-a910-6ad73f9fa25b', '93e08a11-9559-4d7d-b1a8-74cb7e989868', '94f83bf8-1cd6-44f7-9e77-dc2d9928b555');
INSERT INTO public.note_tags (id, user_id, note_id, tag_id) VALUES ('5ddd8a54-263a-4697-8ab5-9f4d5c2389db', '3917b9a9-a856-4f33-a910-6ad73f9fa25b', '93e08a11-9559-4d7d-b1a8-74cb7e989868', '22c9085c-724b-4679-aa10-b79b72f9b0be');
INSERT INTO public.notes (id, user_id, title, content, artist, album, release_year, metadata, "references", isPinned, created_at, updated_at) VALUES ('7aedd555-cba4-4622-8de0-8b63a82c1ff2', '3917b9a9-a856-4f33-a910-6ad73f9fa25b', 'Kalank - Title track', 'Fmaj7 : Same as C Major, just shift middle and ring one down
F#m:  Play C till you learn it

```E|----------------------------------------------------------------------
B|----------------------------------------------------------------------
G|---5/7/5--3-----------------------3---3-----5/6/5--3--
D|--------------------------3---3/5---------------------------------
```

===========FINGERSTYLE===============
Hawaaon mein ba(D)henge
Ghataon mein ra(Fmaj7)henge
Tu barkha me(F#m)ri
Main te(F)ra baadal p(D)iya

Jo tere na hu(D)ve toh
Kisi ka na ra(Fmaj7)henge
Deewani tu me(F#m)ri
Main te(F)ra paagal pi(D)ya

===========STRUMMING===============
Hazaaron mein ki(F#m)si (D)ko
Taqdeer (F)ai(D)si
Mili hai ik (F#m)Ran(D)jha
Aur Heer (F)jai(D)si

Na jaane ye za(D)maana
Kyun chaahe re mi(Fmaj7)taana
Kalank na(F#m)hi ishq (F)hai kaajal pi(D)ya
Kalank na(F#m)hi ishq (F)hai kaajal pi(D)ya

Main (Bm7)tera, main tera, main (E)tera, main tera
Main (F#m)tera, main tera, main (D)tera

Mu(Bm7)saafir main bhatka tu (E)mera basera
Main (F#m)tera o... main (D)tera

Tu (Bm7)jugnu chamakta
Main (E)jungle ghanera
Tu (F#m)mera
(D)Ho.......(Bm7)....(E)
Main (F#m)tera....

Duniya ki nazron mein ye rog hai
Ho jinko woh jaane ye jog hai
Ik tarfa shayad ho dil ka bharam
Do tarfa hai toh ye sanjog hai

Layi re humein zindgani ki kahaani
Kaise mod pe
Huve re khud se paraaye
Hum kisi se naina jod ke

Hazaaron mein ki(F#m)si (D)ko
Taqdeer (F)ai(D)si
Mili hai ik (F#m)Ran(D)jha
Aur Heer (F)jai(D)si

Na jaane ye za(D)maana
Kyun chaahe re mi(Fmaj7)taana
Kalank na(F#m)hi ishq (F)hai kaajal pi(D)ya
Kalank na(F#m)hi ishq (F)hai kaajal pi(D)ya

Main (Bm7)tera, main tera, main (E)tera, main tera
Main (F#m)tera, main tera, main (D)tera

Mu(Bm7)saafir main bhatka tu (E)mera basera
Main (F#m)tera o... main (D)tera

Tu (Bm7)jugnu chamakta
Main (E)jungle ghanera
Tu (F#m)mera
(D)Ho.......(Bm7)....(E)
Main (F#m)tera....

Main tera, main tera,
```E|--------------------------------------------------------
B|--11----11h13-13----11----11h13-13----11----11h13-13----
```

 main tera, main tera
```E|-----------------------------------------------
B|--11-11-13/15-11-11-13/15-11-11-13/15-11-11----
```', 'Arijit Singh', 'Kalank', 2019, 'Capo at 1
Fingerstyle - 4-3-2-1  (change 4 based on base note)
Strumming - D Chuck U  U Chuck U', 'https://www.youtube.com/watch?v=4jH_jjED_7A', FALSE, '2019-10-25T01:45:37.424000+00:00', '2019-10-25T02:32:55.076000+00:00');
INSERT INTO public.note_tags (id, user_id, note_id, tag_id) VALUES ('cf11e21b-36e1-4080-9725-1109e8d66cec', '3917b9a9-a856-4f33-a910-6ad73f9fa25b', '7aedd555-cba4-4622-8de0-8b63a82c1ff2', '94f83bf8-1cd6-44f7-9e77-dc2d9928b555');
INSERT INTO public.note_tags (id, user_id, note_id, tag_id) VALUES ('7d93116d-751b-4559-8a30-439d3d390a36', '3917b9a9-a856-4f33-a910-6ad73f9fa25b', '7aedd555-cba4-4622-8de0-8b63a82c1ff2', '26bec2c9-84b7-4e97-8246-28dd469f49cd');
INSERT INTO public.notes (id, user_id, title, content, artist, album, release_year, metadata, "references", isPinned, created_at, updated_at) VALUES ('b2d88b41-e461-4f2a-865e-88bf69e905ba', '3917b9a9-a856-4f33-a910-6ad73f9fa25b', 'Sandese Aate Hain', '(G)Hoho...Ho(Am)ooo
(G)Hooho...ho(Am)oooo    ]............x2

Sandese (D)aate (G)hain, hame tad(D)pate (G)hain
Toh chitthee (D)aati (G)hai, toh puchhe (D)jati (G)hai
Ke ghar kab (Em)aaoge, ke ghar kab aaoge
Likho kab aaoge, kee tum bin (Am)yeh ghar suna (G)suna hai   ]............x2

Kisi dil(D)wali ne, kisi mat(G)wali ne
Hame khat (D)likkha hai, kee hamse (G)puchha hai
Kisi kee (A)sanso (G)ne, kisi kee (A)dhadkan (G)ne
Kisi kee (A)chudi (G)ne, kisi ke (G)kangan (G)ne....(G)....

Kisi ke (D)kajre (G)ne, kisi ke (D)gajre (G)ne
Mahekti (D)subaho (G)ne, machalti (D)shamo (G)ne

Akeli (Em)rato ne, adhuri bato ne
Tarasti baho ne, aur (Am)puchha hai tarsi ni(D)ghaho (G)ne

Ke ghar kab (Em)aaoge, ke ghar kab aaoge
Likho kab aaoge, kee tum bin (Am)yeh dil suna (G)suna hai 

Sandese (D)aate (G)hain, hame tad(D)pate (G)hain
Toh chitthee (D)aati (G)hai, toh puchhe (D)jati (G)hai
Ke ghar kab (Em)aaoge, ke ghar kab aaoge
Likho kab aaoge, kee tum bin (Am)yeh ghar suna (G)suna hai

Mohabbat(D)walo ne, hamare (G)yaro ne
Hame yeh (D)likkha hai, ke hamse (G)puchha hai
Hamare (A)gao (G)ne, aam kee (A)chaanvo (G)ne
Purane (A)pipal (G)ne, baraste (G)badal (G)ne....(G)....

Khet khali(D)yano (G)ne, hare mai(D)dano (G)ne
Basanti (D)belo (G)ne, jhumti (D)belo (G)ne

Lachakte (Em)jhulo ne, behekte phulo ne
Chatakti kaliyo ne, aur (Am)puchha hain gao kee (D)galiyo (G)ne

Ke ghar kab (Em)aaoge, ke ghar kab aaoge
Likho kab aaoge, kee tum bin (Am)gaon suna (G)suna hai 

Sandese (D)aate (G)hain, hame tad(D)pate (G)hain
Toh chitthee (D)aati (G)hai, toh puchhe (D)jati (G)hai
Ke ghar kab (Em)aaoge, ke ghar kab aaoge
Likho kab aaoge, kee tum bin (Am)yeh ghar suna (G)suna hai

(G)Hoho...Ho(Am)ooo
(G)Hooho...ho(Am)oooo 

Kabhee ek (D)mamta kee, pyar kee (G)ganga kee
Woh chitthee (D)aati hai, sath woh (G)lati hai
Mere din (A)bachpan (G)ke, khel woh (A)aangan (G)ke
Woh saya (A)aanchal (G)kaa, woh tika (G)kajal (G)kaa....(G)....

Woh lori (D)rato (G)me woh narmi (D)hatho (G)me
Woh chahat (D)aankho (G)me woh chinta (D)bato (G)me

Bigadna (Em)upar se mohabbat andar se
Kare woh devi ma, yahi har (Am)khat me puchhe (D)meree (G)maa

Ke ghar kab (Em)aaoge, ke ghar kab aaoge
Likho kab aaoge, kee tum bin (Am)aangan suna (G)suna hai 

Sandese (D)aate (G)hain, hame tad(D)pate (G)hain
Toh chitthee (D)aati (G)hai, toh puchhe (D)jati (G)hai
Ke ghar kab (Em)aaoge, ke ghar kab aaoge
Likho kab aaoge, kee tum bin (Am)yeh ghar suna (G)suna hai

(G)Hoho...Ho(Am)ooo
(G)Hooho...ho(Am)oooo

Ai gu(G)jrane wali ha(C)wa ba(G)ta, mera (G)itna kam ka(C)regi kya
Mere (G)ganv (Am)jaa mere (G)dosto ko salam de..(G)...
Meree (G)ganv me hai jo (C)woh ga(G)li, jahan rehti hai meree (C)dilru(G)ba
Use (Am)mere pyar kaa jam de
Use (Am)mere pyar kaa (G)jam de...(G)...

==========FINGER STYLE==============
Wahi (Gm)thodee (G)dur hai ghar mera, mera (Gm)ghar me (G)hai meree budhi ma
Mere (C)maa ke (G)pairo ko (G)chhuke tu, use (C)usake (G)bete kaa (G)nam de
============NORMAL=================
Ai gu(G)jrane wali ha(C)wa ja(G)ra, mere dosto, meree (C)dilruba
Meree (Gm)maa ko (G)mera paiyam de, unhe (Gm)jake (G)tu yeh paigam de

Mai wapas (G)aaunga, mai wapas aaunga
Phir apne gao me, usiki chao me
Kee ma ke (Em)aanchal se, ganv ke pipal se
Kisike kajal se, kiya jo (Am)wada tha woh ni(D)bhaun(G)ga

Mai ek din (G)aaoonga....................x8



============WITHOUT CAPO=================================
(A)Hoho...Ho(Bm)ooo
(A)Hooho...ho(Bm)oooo    ]............x2

Sandese (E)aate (A)hain, hame tad(E)pate (A)hain
Toh chitthee (E)aati (A)hai, toh puchhe (E)jati (A)hai
Ke ghar kab (F#m)aaoge, ke ghar kab aaoge
Likho kab aaoge, kee tum bin (Bm)yeh ghar suna (A)suna hai   ]............x2

Kisi dil(E)wali ne, kisi mat(A)wali ne
Hame khat (E)likkha hai, kee hamse (A)puchha hai
Kisi kee (B)sanso (A)ne, kisi kee (B)dhadkan (A)ne
Kisi kee (B)chudi (A)ne, kisi ke (A)kangan (A)ne....(A)....

Kisi ke (E)kajre (A)ne, kisi ke (E)gajre (A)ne
Mahekti (E)subaho (A)ne, machalti (E)shamo (A)ne

Akeli (F#m)rato ne, adhuri bato ne
Tarasti baho ne, aur (Bm)puchha hai tarsi ni(E)ghaho (A)ne

Ke ghar kab (F#m)aaoge, ke ghar kab aaoge
Likho kab aaoge, kee tum bin (Bm)yeh dil suna (A)suna hai 

Sandese (E)aate (A)hain, hame tad(E)pate (A)hain
Toh chitthee (E)aati (A)hai, toh puchhe (E)jati (A)hai
Ke ghar kab (F#m)aaoge, ke ghar kab aaoge
Likho kab aaoge, kee tum bin (Bm)yeh ghar suna (A)suna hai

Mohabbat(E)walo ne, hamare (A)yaro ne
Hame yeh (E)likkha hai, ke hamse (A)puchha hai
Hamare (B)gao (A)ne, aam kee (B)chaanvo (A)ne
Purane (B)pipal (A)ne, baraste (A)badal (A)ne....(A)....

Khet khali(E)yano (A)ne, hare mai(E)dano (A)ne
Basanti (E)belo (A)ne, jhumti (E)belo (A)ne

Lachakte (F#m)jhulo ne, behekte phulo ne
Chatakti kaliyo ne, aur (Bm)puchha hain gao kee (E)galiyo (A)ne

Ke ghar kab (F#m)aaoge, ke ghar kab aaoge
Likho kab aaoge, kee tum bin (Bm)gaon suna (A)suna hai 

Sandese (E)aate (A)hain, hame tad(E)pate (A)hain
Toh chitthee (E)aati (A)hai, toh puchhe (E)jati (A)hai
Ke ghar kab (F#m)aaoge, ke ghar kab aaoge
Likho kab aaoge, kee tum bin (Bm)yeh ghar suna (A)suna hai

(A)Hoho...Ho(Bm)ooo
(A)Hooho...ho(Bm)oooo 

Kabhee ek (E)mamta kee, pyar kee (A)ganga kee
Woh chitthee (E)aati hai, sath woh (A)lati hai
Mere din (B)bachpan (A)ke, khel woh (B)aangan (A)ke
Woh saya (B)aanchal (A)kaa, woh tika (A)kajal (A)kaa....(A)....

Woh lori (E)rato (A)me woh narmi (E)hatho (A)me
Woh chahat (E)aankho (A)me woh chinta (E)bato (A)me

Bigadna (F#m)upar se mohabbat andar se
Kare woh devi ma, yahi har (Bm)khat me puchhe (E)meree (A)maa

Ke ghar kab (F#m)aaoge, ke ghar kab aaoge
Likho kab aaoge, kee tum bin (Bm)aangan suna (A)suna hai 

Sandese (E)aate (A)hain, hame tad(E)pate (A)hain
Toh chitthee (E)aati (A)hai, toh puchhe (E)jati (A)hai
Ke ghar kab (F#m)aaoge, ke ghar kab aaoge
Likho kab aaoge, kee tum bin (Bm)yeh ghar suna (A)suna hai

(A)Hoho...Ho(Bm)ooo
(A)Hooho...ho(Bm)oooo

Ai gu(A)jrane wali ha(D)wa ba(A)ta, mera (A)itna kam ka(D)regi kya
Mere (A)ganv (Bm)jaa mere (A)dosto ko salam de..(A)...
Meree (A)ganv me hai jo (D)woh ga(A)li, jahan rehti hai meree (D)dilru(A)ba
Use (Bm)mere pyar kaa jam de
Use (Bm)mere pyar kaa (A)jam de...(A)...

==========FINGER STYLE==============
Wahi (Am)thodee (A)dur hai ghar mera, mera (Am)ghar me (A)hai meree budhi ma
Mere (D)maa ke (G)pairo ko (A)chhuke tu, use (D)usake (G)bete kaa (A)nam de
============NORMAL=================
Ai gu(A)jrane wali ha(D)wa ja(A)ra, mere dosto, meree (D)dilruba
Meree (Am)maa ko (A)mera paiyam de, unhe (Am)jake (A)tu yeh paigam de

Mai wapas (A)aaunga, mai wapas aaunga
Phir apne gao me, usiki chao me
Kee ma ke (F#m)aanchal se, ganv ke pipal se
Kisike kajal se, kiya jo (Bm)wada tha woh ni(E)bhaun(A)ga

Mai ek din (A)aaoonga....................x8

===============CONVERSION=============
F#m	Em
D		C
Am		Gm
Bm		Am
E		D
A		G
B		A', 'Sonu Nigam, Roop Kumar Rathod', 'Border', 1997, 'D DU UDU
Capo on 2
Chords used : Em, C, Gm, Am, D, G, A', 'https://www.youtube.com/watch?v=VT0WKNGOJpY', FALSE, '2019-01-28T14:29:17.749000+00:00', '2019-01-30T13:51:04.846000+00:00');
INSERT INTO public.note_tags (id, user_id, note_id, tag_id) VALUES ('cc8b8e71-fe07-4104-b0ef-1818ff5f2ed5', '3917b9a9-a856-4f33-a910-6ad73f9fa25b', 'b2d88b41-e461-4f2a-865e-88bf69e905ba', '94f83bf8-1cd6-44f7-9e77-dc2d9928b555');
INSERT INTO public.note_tags (id, user_id, note_id, tag_id) VALUES ('7518e6b7-c04c-485a-9e4e-17d021640b22', '3917b9a9-a856-4f33-a910-6ad73f9fa25b', 'b2d88b41-e461-4f2a-865e-88bf69e905ba', 'ae6a7dff-8c54-4846-bf93-deb177ecbb68');
INSERT INTO public.note_tags (id, user_id, note_id, tag_id) VALUES ('e1f566b7-17e9-4a53-9c15-61113ed6a688', '3917b9a9-a856-4f33-a910-6ad73f9fa25b', 'b2d88b41-e461-4f2a-865e-88bf69e905ba', '26bec2c9-84b7-4e97-8246-28dd469f49cd');
INSERT INTO public.notes (id, user_id, title, content, artist, album, release_year, metadata, "references", isPinned, created_at, updated_at) VALUES ('e487b45c-a2da-493a-84d9-f735e0efd3fa', '3917b9a9-a856-4f33-a910-6ad73f9fa25b', 'Tere Bina : Heropanti', '(G)Ho Oo..[D]Oo Oo..
..Ha [Am]Aaa Aa..[C]Aa Aa [D]Ha [G]Ha..[Em]

[G]..[Em]..[C]..[Am]..[D]
Ek [G]khoya khoya chaand tha jo [Em]tha khafa khafa
..Ek [G]tuta tuta khaab tha jo [Em]tujhse tha juda
..Ek [C]aadhi aadhi aas thi jo [D]puri ho gayi..
.Ttum [Am]mil gaye toh jaane kyun yeh [D]doori ho gayi..

.Pi[G]yaa~~ laage [C]na Ji[G]yaa laage [C]na..
..Tere bi[Am]na..[D]tere bi[Em]na..
..Tere bi[Am]na..[D]tere bi[G]na

ho [G]aadhi adhuri [Em]iss daastaan mein [C]kaise koi rang [D]laaye
[C]kaise ko(Em)ii musku[G]raaye..
[G]itne gamon mein [Em]do pal khusi ke [C]kaise bhala yaad [D]aaye
[C]tumko (Em)bhula na [G]paaye

ek [G]pyasi pyasi boond ne jo [Em]mann mera jala..
..har [G]lamha lamha tere hi yaa[Em]don se tha yeh bhara..
..ik [C]aadhi aadhi aas thi jo [D]puri ho gayi..
..tum [Am]mil gaye toh jaane kyun yeh [D]doori ho gayi

.Pi[G]yaa~~ laage [C]na Ji[G]yaa laage [C]na..
..Tere bi[Am]na..[D]tere bi[Em]na..
..Tere bi[Am]na..[D]tere bi[G]na', 'Mustafa Zahid', 'Heropanti 2', 2022, 'Capo at 3
D D UUD DD U
Chords used : G, C, D, Em, Am', 'http://guitarbajalo.blogspot.com/2016/05/tere-bina-heropanti-transposed-guitar.html', FALSE, '2019-06-13T07:03:50.245000+00:00', '2019-06-13T07:04:47.331000+00:00');
INSERT INTO public.note_tags (id, user_id, note_id, tag_id) VALUES ('cedd39ad-e099-4932-8095-947778afa885', '3917b9a9-a856-4f33-a910-6ad73f9fa25b', 'e487b45c-a2da-493a-84d9-f735e0efd3fa', '94f83bf8-1cd6-44f7-9e77-dc2d9928b555');
INSERT INTO public.note_tags (id, user_id, note_id, tag_id) VALUES ('471c4f7d-b0d5-4046-9ce5-1f42d50a07c7', '3917b9a9-a856-4f33-a910-6ad73f9fa25b', 'e487b45c-a2da-493a-84d9-f735e0efd3fa', '26bec2c9-84b7-4e97-8246-28dd469f49cd');
INSERT INTO public.notes (id, user_id, title, content, artist, album, release_year, metadata, "references", isPinned, created_at, updated_at) VALUES ('79211a02-0cfc-47b5-a32a-ab06b123605b', '3917b9a9-a856-4f33-a910-6ad73f9fa25b', 'Mitti Di Khushboo', 'Jadon (Em)ambaraan barasya paa(C)ni
(D)Mitti di khushboo..(Am)Mitti di khushboo..
(D)Mitti di khushbu aa(Em)yi
(Em)Ambaraan barasya (G)paani (Em)

Chalye (Em)chal mudye saj(C)naa
(Em)Chal mudye bande(Am)ya
(Em)Chal mudye uss (G)raah 
(D)Jitthe vasdi, (Am)jitthe vasdi
(D)Jitthe vasdi ae khuda(Em)yi

Jadon (Em)ambaraan barasya paa(C)ni
(D)Mitti di khushboo..(Am)Mitti di khushboo..
(D)Mitti di khushbu aa(Em)yi

(Em)Jahaan jad kol si, (C)naa kadr naa mol si
(Am)Chhad aaye apne hi (D)vede
(Em)Mulk paraaye ne, (C)Gharaan de kiraye ne
(Am)Ho lay (C)apne si (D)jede

Ho kallan (Em)labhda phiran din (C)raat
(Em)Labhda phiraan tera (Am)saath
(Em)Saiyaan karaa de mula(G)kaat
(D)Jitthe vasdi, (Am)Jitthe vasdi
(D)Jitthe vasdi Khudaa(Em)yi

Jadon (Em)ambaraan barasya paa(C)ni
(D)Mitti di khushboo..(Am)Mitti di khushboo..
(D)Mitti di khushbu aa(Em)yi

(Em)Jadon mere sheher nu
(C)Jaande dekhe ghair nu
(Am)Jaandiyaan si meri vi sa(D)daavan
(Em)Betha kinni door main
(C)Hoke majboor main
(Am)Rabba teri (C)kidda di sa(D)jaavan

(Em)Ek sun le aa(C)waaz
(Em)Ik puri kar de meri (Am)aas
(Em)Ik mann jaa ar(G)daas
(D)Otho na mud ke, (Am)Otho na mud ke
(D)Otho na mud ke bulaa(Em)yin

Jadon (Em)ambaraan barasya paa(C)ni
(D)Mitti di khushboo..(Am)Mitti di khushboo..
(D)Mitti di khushbu aa(Em)yi', 'Ayushmann Khurrana', 'Mitti Di Khushboo', 2014, 'Capo at 2
D D UUD DU
Chords used : Em, C, D, Am, G', 'https://tabs.ultimate-guitar.com/tab/ayushmann_khurrana/mitti_di_khushboo_chords_1695247', FALSE, '2019-01-24T02:40:11.525000+00:00', '2019-01-27T09:22:52.762000+00:00');
INSERT INTO public.note_tags (id, user_id, note_id, tag_id) VALUES ('3963373d-aa47-4c1a-abae-4651a6f50ac0', '3917b9a9-a856-4f33-a910-6ad73f9fa25b', '79211a02-0cfc-47b5-a32a-ab06b123605b', 'f38a575b-3040-4496-8494-78d603e260b4');
INSERT INTO public.note_tags (id, user_id, note_id, tag_id) VALUES ('d645a806-ab0f-4856-b7e5-e5d1cdb285c4', '3917b9a9-a856-4f33-a910-6ad73f9fa25b', '79211a02-0cfc-47b5-a32a-ab06b123605b', '94f83bf8-1cd6-44f7-9e77-dc2d9928b555');
INSERT INTO public.note_tags (id, user_id, note_id, tag_id) VALUES ('0230f895-0c0d-48de-92f1-d43cdeb662b1', '3917b9a9-a856-4f33-a910-6ad73f9fa25b', '79211a02-0cfc-47b5-a32a-ab06b123605b', '26bec2c9-84b7-4e97-8246-28dd469f49cd');
INSERT INTO public.notes (id, user_id, title, content, artist, album, release_year, metadata, "references", isPinned, created_at, updated_at) VALUES ('e72d79fa-4847-4c2d-99a1-c544a20ec0e2', '3917b9a9-a856-4f33-a910-6ad73f9fa25b', 'Salamat (Sarabjit)', '```E |------------
B |----8-10-12-10-12--
G |-9-11---------
```
Chahe main rahoon jahan

```E |--------------8--
B |-10-12-12-10-8----------
G |--------11-------
```
Main Chahe tu na rahe

```E |-------------------
B |----8-10-8-10-8-10---------
G |-9-9-11----------11-9-8-11-9--
```
Tere mere pyar ki umar salamat rahe

```E |----------10----10-----
B |----8-10-12------12-----12--
G |-9-11------------------
```
Chahe yeh zameen, yeh aasmaan

```E |---------8--
B |-12-10-8--------
G |-----11------
```
Rahe na rahe

```E |-------------------
B |----8-10-8-10-8-10---------
G |-9-9-11----------11-9-8-11-9--
```
Tere mere pyar ki umar salamat rahe

```E |------------
B |-----8-------
G |-9-9-11----11-9-7-7-9--
```
Darr hai tujhe main kho na doon

```E |------------
B |-----8-------
G |-9-9-11----11-9-7-7-9--
```
Mile jo Khuda toh bol doon

```E |-------------
B |--8-10-8--------
G |-11-----11-11-9-11---
```
Main do jahan ka kya karoon

```E |-------10--
B |---8------
G |-11--------
```
Tu bata… o..

```E |------------
B |-----8-------
G |-9-9-11----11-9-7-7-9--
```
Tu jo mere paas hai

```E |------------
B |-----8-------
G |-9-9-11----11-9-7-7-9--
```
Mujhko na koi pyaas hai

```E |-------------
B |--8-10-8--------
G |-11-----11-11-9-11---
```
Meri muqammal ho gayi

```E |-------10--
B |---8------
G |-11--------
```
Har duaa..

```E |----------10----10-----
B |----8-10-12------12-----12--
G |-9-11------------------
```
Chahe mere jism mein Yeh jaan

```E |---------8--
B |-12-10-8--------
G |-----11------
```
Rahe na rahe

```E |-------------------
B |----8-10-8-10-8-10---------
G |-9-9-11----------11-9-8-11-9--
```
Tere mere pyar ki umar salamat rahe', 'Arijit Singh, Tulsi Kumar', 'Sarbjit', 2016, NULL, NULL, FALSE, '2017-10-21T14:12:04.896000+00:00', '2017-10-21T15:04:29.080000+00:00');
INSERT INTO public.note_tags (id, user_id, note_id, tag_id) VALUES ('f8b64dd7-0c1b-444c-a324-bed53f6dbb53', '3917b9a9-a856-4f33-a910-6ad73f9fa25b', 'e72d79fa-4847-4c2d-99a1-c544a20ec0e2', '94f83bf8-1cd6-44f7-9e77-dc2d9928b555');
INSERT INTO public.note_tags (id, user_id, note_id, tag_id) VALUES ('8007f3cb-a026-4bf3-8b3a-d1190e215fc2', '3917b9a9-a856-4f33-a910-6ad73f9fa25b', 'e72d79fa-4847-4c2d-99a1-c544a20ec0e2', '22c9085c-724b-4679-aa10-b79b72f9b0be');
INSERT INTO public.notes (id, user_id, title, content, artist, album, release_year, metadata, "references", isPinned, created_at, updated_at) VALUES ('e5ad6d1b-cdab-4267-8835-91558743f008', '3917b9a9-a856-4f33-a910-6ad73f9fa25b', 'Bojhena Shey Bojhena', 'Boro (C)ichchey korche (G)dkte
Tar(F)gondhey mekhe (Em)thkte
Keno(Am)sondhe-sondhe (A#)naamle sey(C)palay
Takey(Em)atkey rakhaa(Am)chestaa
Aro(Em)barie diche (Am)testa
Ami (A#)dariey dekchi (F)sheshta(C)janlay(G)

Bojhe(Am)na shey bojhey(Dm)na…bojhey(G)na shey bojhe(F)naa
Bojhe(Am)na shey bojhe(Dm)na  bojhey(G)na shey bojhe(C)na
Bojhe(A#)aa… bojhe(F)naa.. bojhe(C)naa…
bojhe(A#)naa… bojhe(F)naa bojhe(C)naa…

(C)Tai swaapno-swaapno (G)logne
Tar (F)onno-onno (G)dakna
Take (C)nito-notun(A#)jotne key(C)saajayi
Sob (Em)swaapno sottie(Am)hoyker
Tobu (Em)dekhte-dekhtey(Am)katchi
Arey(A#)hatchi jedike(F)amar duchokh (C)jae

Bojhe(Am)na shey bojhey(Dm)na…bojhey(G)na shey bojhe(F)naa
Bojhe(Am)na shey bojhe(Dm)na  bojhey(G)na shey bojhe(C)na
Bojhe(A#)naa… (G)shey bojhe(C)naa
Bojhe(A#)aa… bojhe(F)naa.. bojhe(C)naa…
bojhe(A#)naa… bojhe(F)naa bojhe(C)naa…

(C)Ache songe sottie(G)mithey
Din (F)Bolchey jete(G)jete
Mon (F)gumre-gumre (A#)morchey Ki(C)upaay
Jaani(G)swaapno sottie(Am)hoyna
Monta (Em)maante (Am)chainaa
Kono (A#)amun raatri(F)naamche (C)jaanlay

Bojhe(Am)na shey bojhey(Dm)na…bojhey(G)na shey bojhe(F)naa
Bojhe(Am)na shey bojhe(Dm)na  bojhey(G)na shey bojhe(C)na
Bojhe(A#)naa… (G)shey bojhe(C)naa
Bojhe(A#)aa… bojhe(F)naa.. bojhe(C)naa…
bojhe(A#)naa… bojhe(F)naa bojhe(C)naa…

Etaa(C)golpo hole oo(G)parto
Pta (F)ekta adhta(G)portam
Khoob (F)lukiyeh bachiye(A#)rakhtm(C)take
Jani (G)abr asbey(Am) kalke…
niye (Em)palki-palki (Am)bhabnaa
pher (A#)chole jabe kore (F)ekla (C)amaake

Bojhe(Am)na shey bojhey(Dm)na…bojhey(G)na shey bojhe(F)naa
Bojhe(Am)na shey bojhe(Dm)na  bojhey(G)na shey bojhe(C)na
Bojhe(A#)naa… (G)shey bojhe(C)naa
Bojhe(A#)aa… bojhe(F)naa.. bojhe(C)naa…
bojhe(A#)naa… bojhe(F)naa bojhe(C)naa…', 'Arijit Singh', 'Bojhena Shey Bojhena', 2012, 'Song Scale/Key: C
Chords Used: C, G, Am, F, Dm, Em, Bb/A#
Strumming: D DU DU
Chords used : C, G, Am, F, Dm, Em, Bb/A#', 'https://tabs.ultimate-guitar.com/tab/misc-soundtrack/bojhena-shey-bojhena-title-song-chords-1242071
https://rewindcaps.com/bojhena-shey-bojhena-chords/', FALSE, '2023-07-30T00:51:48.298000+00:00', '2023-07-30T01:21:38.848000+00:00');
INSERT INTO public.note_tags (id, user_id, note_id, tag_id) VALUES ('3afaac3a-2bd2-4801-ab7f-9219abecd462', '3917b9a9-a856-4f33-a910-6ad73f9fa25b', 'e5ad6d1b-cdab-4267-8835-91558743f008', 'da9a1522-98fb-4b92-bae9-f41c00333985');
INSERT INTO public.note_tags (id, user_id, note_id, tag_id) VALUES ('32b1f663-f61d-4add-a539-8eb71016053d', '3917b9a9-a856-4f33-a910-6ad73f9fa25b', 'e5ad6d1b-cdab-4267-8835-91558743f008', '26bec2c9-84b7-4e97-8246-28dd469f49cd');
INSERT INTO public.notes (id, user_id, title, content, artist, album, release_year, metadata, "references", isPinned, created_at, updated_at) VALUES ('a184bb73-9484-490f-b281-d89ac308341a', '3917b9a9-a856-4f33-a910-6ad73f9fa25b', 'Faded - Alan Walker', '', 'Alan Walker', 'Different World', 2015, NULL, 'https://www.youtube.com/watch?v=qtfbhVeIZ10', FALSE, '2021-05-31T04:25:13.857000+00:00', '2021-05-31T04:25:18.867000+00:00');
INSERT INTO public.note_tags (id, user_id, note_id, tag_id) VALUES ('5d835d90-452d-489d-bae5-7b285bba472d', '3917b9a9-a856-4f33-a910-6ad73f9fa25b', 'a184bb73-9484-490f-b281-d89ac308341a', 'ca29fa62-24fc-4ecb-808c-f795c7122529');
INSERT INTO public.note_tags (id, user_id, note_id, tag_id) VALUES ('e20f9d12-7b0a-4358-a808-f3821f5c6481', '3917b9a9-a856-4f33-a910-6ad73f9fa25b', 'a184bb73-9484-490f-b281-d89ac308341a', '39d6ed04-fc5c-427e-9060-9041887f4d0e');
INSERT INTO public.note_tags (id, user_id, note_id, tag_id) VALUES ('8dd3a13f-cf9c-49a1-a74b-5af704162660', '3917b9a9-a856-4f33-a910-6ad73f9fa25b', 'a184bb73-9484-490f-b281-d89ac308341a', '22c9085c-724b-4679-aa10-b79b72f9b0be');
INSERT INTO public.note_tags (id, user_id, note_id, tag_id) VALUES ('34bd1795-c3fd-450a-8594-9322e72582b5', '3917b9a9-a856-4f33-a910-6ad73f9fa25b', 'a184bb73-9484-490f-b281-d89ac308341a', 'eebbc269-be1f-43e9-a641-4b2e91a39ff4');
INSERT INTO public.notes (id, user_id, title, content, artist, album, release_year, metadata, "references", isPinned, created_at, updated_at) VALUES ('0972da77-6334-41c0-8444-d9279b823b63', '3917b9a9-a856-4f33-a910-6ad73f9fa25b', 'Arijit Singh - Royal Stag Mirchi Awards', '(Em)Dil.. sambhal ja za(D)ra
Phir mo(C)habbat karne cha(D)la hai tu
(Em)Dil.. yahin ruk jaa za(D)ra
Phir mo(C)habbat karne cha(D)la hai
tu (G)ooooo ooo (D)oooo (G)ooo..(C)oo
tu (G)ooooo ooo (D)oooo (G)ooo..(C)oo

(G)sa (D)Ni   Sa(G)Ga   (C)Dha  Pa Dha Ni Sa  (G)Ni   (D)Dha Dha Ni Sa

(G)Kehte hain khuda ne iss 
Jahaan mein Sabhi ke liye 
Kisi na kisi ko hai
Ban(C)aaya har kisi ke (G)liye
(C)Tera Milna Hai Uss 
Rab Ka Ishaara Maanu
(D)Mujhko Banaya Tere (G)Jaise Hi Kisi Ke Liye
Kuch toh hai tujh se (D)raabta
(G)Kuch toh hai tujh se (C)raabta..
(G)hmm..(D)hooooo....(G)ho-wo-ho...

[D UDUD UDUD DU]

Phir le aa(G)ya dil majboor kya kee(D)je
Raas na (G)aaya rehna door kya kee(D)je
Dil keh ra(C)ha use ma(G)qammal kar bhi aao
Wo jo (Em)adhoori si yaad baaki (D)hai
Wo jo a(G)dhoori si baat baaki hai...

[Ddd]

Main (G)rang sharbaton ka
Tu (D)meethe ghaat ka paani…(x2)

Mujhe (C)khud mein ghol de toh
Mere (Em)yaar baat ban jaani…
(G)Rang sharbaton ka
Tu (D)meethe ghaat ka paani....

(G)Shayaron se lafz leke (D)todhe se udhaar
(G)Bolana yeh chahata hoon (C)dil se tumko yaar
(G)Ho raha tha ho gaya hai (D)halka sa khumar
Koi (Em)naa raha hai dil pe apne (C)zor
Love me thoda (G)aur...(D)..
Love me thoda (G)aur...(C)....(D)...

[D UDUD UDUD DU]

Dil yeh (Em)dhokha-dhadi kar dega
(D)Socha na tha
Itni (Em)yeh gadbadi kar dega
(D)Socha na tha
Aisi (C)mushkil khadi ker dega
(D)Socha na tha..

(G)Udd gaye tote
Tere to (G)udd gaye tote re
O la la la la la
(G)Udd gaye tote re
Tere to (G)udd gaye tote re...

(Em)Koi nahi tere siva (D)mera yahaan..
(Em)Manzilein, hain meri to (D)sabh yahaan..
Mita de sabhi (G)aaja faansle..
Main chahoon mujhe (C)mujhse baant le..
Zara sa mujh (G)mein tu jhaank le..
Main hoon (D)kya....(Em)..

Kabhi jo (D)badal barse
Main dekhoon tujhe (G)aankhein bharke..
Tu lage mujhe (D)pahli baarish ki (Em)duaa..

Tere pah(Em)loo mein rah loon..
Main khud ko (C)pagal kah loon..
Tu gham de ya (G)khushiyaan
Seh loon sa(C)thiyaa...(D)..

Tose (G)naina jab (C)se mile
Tose (G)naina jab (D)se mi(C)le
Bann ga(Em)ye silsi(G)le..(C)   (x2)

(G)Tooti chaarpaai wohi
Thandi purvaai rasta (D)dekhe....(C)
(G)Doodhon ki malaai wohi
Mitti ki suraahi rasta (D)dekhe...(C)

(Em)Banno re banno (G)meri chali sasuraal ko
(D)Ankhiyon mein paani de ga(C)yi
Duaa mein (G)meethi gud dhaani le ga(D)yi...(G)    (x2)

Re Ka(Em)bira maan(D) jaa(C)
Re (Em)Faqeera yun (D)na jaa(C)
Aaja (D)tujhko pukaare teri (C)parchhaaiyan
Re Ka(Em)bira maan(D) jaa(C)
Re (Em)Faqeera yun (D)na jaa(C)
Kaisa (D)tu hai nirmohi kaisa (C)harjaaiya..(G)....(D)....(C)..(G)

[Ddd]

Tere li(Em)ye hi ji(D)ya main
Khud ko jo (C)yun de (Em)diya hai
Teri wa(G)fa ne mujhko sam(C)bhala
Saare gha(G)mon ko dil se ni(C)kala

Main jo (D)mit bhi gaya to wa(Em)jood mera
Sadaa (D)tujh mein rahe zin(C)da...(G)..(D)hmmm
hu (G)ooooo ooo (D)oooo  (G)ooo..(C)oo
hu (G)ooooo ooo (D)oooo  (G)ooo..(C)oo

Kyun ki (D)tum hi (C)ho, abb (D)tum hi (G)ho
(C)Zindagi abb (Em)tum hi ho.. woh o..
(D)Chain bhi(C), mera (D)dard bhi(C)
Meri (G)aashiqui abb (Em)tum hi ho...', 'Arijit Singh', 'Live Performance/Mashup', 2016, 'Capo on 2
Strumming :  Ddd    OR   D UDUD UDUD DU
Chords used : Em, C, D, G', 'https://youtu.be/tf_memh99mU', FALSE, '2018-10-15T16:06:16.889000+00:00', '2018-11-01T08:16:06.667000+00:00');
INSERT INTO public.note_tags (id, user_id, note_id, tag_id) VALUES ('83b70c42-1212-476c-9c7e-9b0459ec4cb6', '3917b9a9-a856-4f33-a910-6ad73f9fa25b', '0972da77-6334-41c0-8444-d9279b823b63', '07483aae-aaf2-498a-ad00-7abd0a0d46c3');
INSERT INTO public.note_tags (id, user_id, note_id, tag_id) VALUES ('653d3d7f-923c-4629-952c-f50e54dfe229', '3917b9a9-a856-4f33-a910-6ad73f9fa25b', '0972da77-6334-41c0-8444-d9279b823b63', '94f83bf8-1cd6-44f7-9e77-dc2d9928b555');
INSERT INTO public.note_tags (id, user_id, note_id, tag_id) VALUES ('ca15c2ed-e184-498f-a92d-e0204221e3de', '3917b9a9-a856-4f33-a910-6ad73f9fa25b', '0972da77-6334-41c0-8444-d9279b823b63', '26bec2c9-84b7-4e97-8246-28dd469f49cd');
INSERT INTO public.notes (id, user_id, title, content, artist, album, release_year, metadata, "references", isPinned, created_at, updated_at) VALUES ('7bf07eb8-388a-43e1-be89-4b26e440000c', '3917b9a9-a856-4f33-a910-6ad73f9fa25b', 'Teri Aankhein Bhool Bhulaiyaa', '```B|-1-1-1-1-1-1-3-4-
```
Starting Melody

```B|-1-1-1-1-1-1---
G|------1-0-
```
Starting Melody

```B|-1-1-1-1-1-1-3-4-
```
Teri aankhe bhool bhulaiya,

```B|-1-1-1-1-1-1---
G|------1-0-
```
baatein hai bhool bhulaiya

```e|---------1----1----
B|-1-1-1-1-1-1-3-4--4-3-4--4-3-1-
```
Tere sapnoo ki galiyon mein, I keep looking for you baby.

```B|-1-1-1-1-1-1-3-4-
```
Teri aankhe bhool bhulaiya,

```B|-1-1-1-1-1-1---
G|------1-0-
```
baatein hai bhool bhulaiya

```e|---------1----1----
B|-1-1-1-1-1-1-3-4--4-3-4--4-3-1-
```
Tere sapnoo ki galiyon mein, You keep driving me so crazy.

```e|--3-1-3-4-3-
B|-1-----
```
Dil mein tu rehtein hai,

```e|--3-1----
B|-1---4-3-4-
```
betabi kehti hai

```e|--3-1-3-4-3-
B|-1-----
```
I keep praying all day..

```B|-4-3-1-3-4-
```
All day.. all night long

```B|-1-3-4--4-4-3-1-
```
Hare ram hare ram,

```e|-----1----
B|-1-3-4--3-4-1-
```
hare krishna hare ram

```e|--1-3--3-3-1--
B|-4-------4-
```
Hare ram hare ram,

```e|--1-3-4-1-3------
B|-1-----4-3-1-3-4-
```
hare krishna hare ram.. ohhh oooo

```B|-4-3-4-1-1-4-3-
```
Tu meri khamoshi hai,

```B|-4-3-4-1-1-4-3-
```
tu meri madhosi hai

```B|-4-3-4-1-1-4-3-
```
Tu mera hai aafsaana

```G|-1-1-1-1-0-0-0-0-
```
making me so happy, shaking my body

```B|-4-3-4-1-1-4-3-
```
Tu hai aawara dhadkhan,

```B|-4-3-4-1-1-4-3-
```
tu hai raaton ki tadpan

```B|-4-3-4-1-1-4-3-
```
Tu hai meri dil jaana

```G|-1-1-1-1-0-0-0-0-
```
anything about you, baby i like it

```B|-4-4-4-3-3-3-4-1-1-1-1-1-1-3-4-
```
Teri zulfon ke neeche, meri kwaboon ki janat

```B|-4-4-4-3-3-3-4-1-1-1-1-----
G|----------3\5-3-3-0-
```
Teri baahon mein aake, bechaini ko milti raahat

```B|-4-4-4-3-3-3-4-3-1-1-1-3-4-
```
My only wish is if i ever ever could make you mine

```B|-4-4-4-3-3-3-3-4-3-1-3-4-
```
Every one pray with me, All day, all night long

```B|-1-3-4--4-4-3-1-
```
Hare ram hare ram,

```e|-----1----
B|-1-3-4--3-4-1-
```
hare krishna hare ram

```e|--1-3--3-3-1--
B|-4-------4-
```
Hare ram hare ram,

```e|--1-3-4-1-3------
B|-1-----4-3-1-3-4-
```
hare krishna hare ram.. ohhh oooo', 'KK', 'Bhool Bhulaiyaa', 2007, NULL, NULL, FALSE, '2017-12-23T06:50:12.027000+00:00', '2017-12-23T17:33:59.147000+00:00');
INSERT INTO public.note_tags (id, user_id, note_id, tag_id) VALUES ('b3f82b6a-52cb-433f-9d2a-b2a674d50a3e', '3917b9a9-a856-4f33-a910-6ad73f9fa25b', '7bf07eb8-388a-43e1-be89-4b26e440000c', '94f83bf8-1cd6-44f7-9e77-dc2d9928b555');
INSERT INTO public.note_tags (id, user_id, note_id, tag_id) VALUES ('9b15a48b-a559-4470-b2aa-f8d53b8dc60d', '3917b9a9-a856-4f33-a910-6ad73f9fa25b', '7bf07eb8-388a-43e1-be89-4b26e440000c', '22c9085c-724b-4679-aa10-b79b72f9b0be');
INSERT INTO public.notes (id, user_id, title, content, artist, album, release_year, metadata, "references", isPinned, created_at, updated_at) VALUES ('fe43329b-8b58-4b77-b179-0d0cd0ed814e', '3917b9a9-a856-4f33-a910-6ad73f9fa25b', 'Bakhuda Tumhi Ho', '', 'Atif Aslam, Alka Yagnik', 'Kismat Konnection', 2008, NULL, 'https://www.youtube.com/watch?v=TIg_iqLxkNk', FALSE, '2021-04-17T13:47:01.205000+00:00', '2021-04-17T13:47:12.771000+00:00');
INSERT INTO public.note_tags (id, user_id, note_id, tag_id) VALUES ('f3387b9e-15ed-475b-a619-2e0deb2c469d', '3917b9a9-a856-4f33-a910-6ad73f9fa25b', 'fe43329b-8b58-4b77-b179-0d0cd0ed814e', 'ca29fa62-24fc-4ecb-808c-f795c7122529');
INSERT INTO public.note_tags (id, user_id, note_id, tag_id) VALUES ('458d9c75-e5e1-4ffd-aa35-c16829e89c05', '3917b9a9-a856-4f33-a910-6ad73f9fa25b', 'fe43329b-8b58-4b77-b179-0d0cd0ed814e', '39d6ed04-fc5c-427e-9060-9041887f4d0e');
INSERT INTO public.note_tags (id, user_id, note_id, tag_id) VALUES ('1807895b-3382-4a9c-b95c-d121012bf0b5', '3917b9a9-a856-4f33-a910-6ad73f9fa25b', 'fe43329b-8b58-4b77-b179-0d0cd0ed814e', '94f83bf8-1cd6-44f7-9e77-dc2d9928b555');
INSERT INTO public.note_tags (id, user_id, note_id, tag_id) VALUES ('c77e314f-f581-4e5b-8c9c-c44c8cc133a4', '3917b9a9-a856-4f33-a910-6ad73f9fa25b', 'fe43329b-8b58-4b77-b179-0d0cd0ed814e', '26bec2c9-84b7-4e97-8246-28dd469f49cd');
INSERT INTO public.notes (id, user_id, title, content, artist, album, release_year, metadata, "references", isPinned, created_at, updated_at) VALUES ('8a2d4493-5f78-4891-969e-6454242821d1', '3917b9a9-a856-4f33-a910-6ad73f9fa25b', 'Har Har Gange', '=======SINGLE STRUM=======
(D) Karam jise pukaare
Wo (A) pahunche Ganga kinaare
Na (Bm) kar maili tu Ganga
Tann (D) dhoye mann toh ganda

(D) Palat ke phir na aani
Boli (A) baat aur behta paani
Na (Bm) kar maili tu Ganga
Tann (D) dhoye mann toh ganda

=======STRUM=======
Mann (D) paavan ho Ganga mein doobe nahaaye
Mann (Em) Raavan jo lehron mein tune bahaaye
Jo (D) chala gaya woh laut ke phir naa aaye
(D) Tera karam hi hai jo sang tere hi jaaye

[CHORUS]
Mann (D) paavan ho Ganga mein doobe nahaaye
(D) Mann Raavan jo lehron mein tune bahaaye

(D) Har har Gange, Har har Gange
(D) Har har Gange Gange
(A) Har har Gange, Har har Gange
(A) Har har Gange Gange
(Bm) Har har Gange, Har har Gange
(Bm) Har har Gange Gange
(D) Har har Gange, Har har Gange
(D) Har har Gange Gange

=======SINGLE STRUM=======
(D) Jo paas tere wahi tera
Baaki (A) sab moh ka phera
Tu (Bm) kyun samajh na paaya
Tann (D) mitti hai mann maaya

=======STRUM=======
(D) Bhagwa chola tann pe jo tu odhe
(D) Har chola toh jayega peeche chhode

[CHORUS]
Mann (Bm) paavan ho Ganga mein doobe nahaaye
Mann (D) Raavan jo lehron mein tune bahaaye

(D) Har har Gange, Har har Gange
(D) Har har Gange Gange
(A) Har har Gange, Har har Gange
(A) Har har Gange Gange

(Bm) Har har Gange, Har har Gange
(Bm) Har har Gange Gange
(D) Har har Gange, Har har Gange
(D) Har har Gange Gange

(D) Har har Gange, Har har Gange
(D) Har har Gange Gange
(A) Har har Gange, Har har Gange
(A) Har har Gange Gange

(Bm) Har har Gange, Har har Gange
(Bm) Har har Gange Gange
(D) Har har Gange, Har har Gange
(D) Har har Gange Gange', 'Arijit Singh', 'Batti Gul Meter Chalu', 2018, 'D UUD UUD D DU', 'https://www.youtube.com/watch?v=xzjNedelP_k
https://wrytin.com/rahulpandey/har-har-gange-chords-batti-gul-meter-chalu-jnh23its', FALSE, '2025-08-27T02:30:59.904000+00:00', '2025-08-27T02:33:42.132000+00:00');
INSERT INTO public.note_tags (id, user_id, note_id, tag_id) VALUES ('c176da05-2040-484a-b512-e195f3329ba8', '3917b9a9-a856-4f33-a910-6ad73f9fa25b', '8a2d4493-5f78-4891-969e-6454242821d1', '94f83bf8-1cd6-44f7-9e77-dc2d9928b555');
INSERT INTO public.note_tags (id, user_id, note_id, tag_id) VALUES ('0db71668-bd56-40ae-aaf2-d07f697bac05', '3917b9a9-a856-4f33-a910-6ad73f9fa25b', '8a2d4493-5f78-4891-969e-6454242821d1', '26bec2c9-84b7-4e97-8246-28dd469f49cd');
INSERT INTO public.note_tags (id, user_id, note_id, tag_id) VALUES ('2fe98533-1a44-434e-8e69-5cab3b291f9f', '3917b9a9-a856-4f33-a910-6ad73f9fa25b', '8a2d4493-5f78-4891-969e-6454242821d1', '6a3e1159-3e7b-4145-b202-58429f143d25');
INSERT INTO public.note_tags (id, user_id, note_id, tag_id) VALUES ('361b1998-f90c-4e75-8228-07177668b193', '3917b9a9-a856-4f33-a910-6ad73f9fa25b', '8a2d4493-5f78-4891-969e-6454242821d1', '8d4fc519-7375-432c-8b6a-6cf000e9f287');
INSERT INTO public.notes (id, user_id, title, content, artist, album, release_year, metadata, "references", isPinned, created_at, updated_at) VALUES ('64df4604-4785-4839-b493-3bfb19883a50', '3917b9a9-a856-4f33-a910-6ad73f9fa25b', 'Cute vol 1 intro', 'e---------------------------------------------------------
B-------9-------------7-------------------------------------
G---6------9------6------8-------6---9---6------4-4s6----------', 'Unavailable', 'Unavailable', 2011, NULL, NULL, FALSE, '2018-09-04T15:58:08.017000+00:00', '2018-09-05T01:39:41.840000+00:00');
INSERT INTO public.note_tags (id, user_id, note_id, tag_id) VALUES ('5378b7f5-125e-431b-b3a3-921a860fe2cb', '3917b9a9-a856-4f33-a910-6ad73f9fa25b', '64df4604-4785-4839-b493-3bfb19883a50', '39d6ed04-fc5c-427e-9060-9041887f4d0e');
INSERT INTO public.note_tags (id, user_id, note_id, tag_id) VALUES ('e174374c-b4c1-4109-90eb-b5d99bc1e153', '3917b9a9-a856-4f33-a910-6ad73f9fa25b', '64df4604-4785-4839-b493-3bfb19883a50', '94f83bf8-1cd6-44f7-9e77-dc2d9928b555');
INSERT INTO public.note_tags (id, user_id, note_id, tag_id) VALUES ('46b13d94-3dc0-4ec6-87d9-c50656b03b70', '3917b9a9-a856-4f33-a910-6ad73f9fa25b', '64df4604-4785-4839-b493-3bfb19883a50', '22c9085c-724b-4679-aa10-b79b72f9b0be');
INSERT INTO public.notes (id, user_id, title, content, artist, album, release_year, metadata, "references", isPinned, created_at, updated_at) VALUES ('0e0e3340-5c07-4ddd-87af-bd7724f89240', '3917b9a9-a856-4f33-a910-6ad73f9fa25b', 'Love Story Theme', 'e - 8 - - - - - 8 - 8
B - - - 5 - 5 - - - -
e - - - - - 8 - 8 - - - - - - - - - - - - - 7 - 7
B - 5 - 5 - - - - - 5 - 6 - 5 - - - - - - - - - -
G - - - - - - - - - - - - - - - - - 7 - 7 - - - -

e - - - - - 7 - 7 - - - - - - - - - - - - - 5 - 5
B - - - - - - - - - - - - - - - - - - - - - - - - -
G - 7 - 7 - - - - -7 - 9 - 7 - - 5 - 5 - - - - -

e - - - - - 5 - 5 - - - - - - - - - - - - - - 4 - 4
B - - - - - - - - - - - - - - - - - - - - - - - - - - 
G - 5 - 5 - - - - - 5 - 7 - 5 - - - 4 - 4 - - - -

e - 5 - 7 - - - 0
B - - - - - 6 - -


```e | - - - 0 - 2 - 4 - 5 -7 - 
B | - 4 - - - - - -- - - 
```', 'Francis Lai', 'Love Story (Original Motion Picture Soundtrack)', 1970, NULL, NULL, FALSE, '2017-10-06T14:17:43.191000+00:00', '2018-06-30T09:37:31.144000+00:00');
INSERT INTO public.note_tags (id, user_id, note_id, tag_id) VALUES ('97ab62fd-26fc-4225-805a-dccfb620ed5e', '3917b9a9-a856-4f33-a910-6ad73f9fa25b', '0e0e3340-5c07-4ddd-87af-bd7724f89240', '22c9085c-724b-4679-aa10-b79b72f9b0be');
INSERT INTO public.note_tags (id, user_id, note_id, tag_id) VALUES ('5f45b5ce-ab1e-4c97-8a5a-62a3a99e21ad', '3917b9a9-a856-4f33-a910-6ad73f9fa25b', '0e0e3340-5c07-4ddd-87af-bd7724f89240', 'eebbc269-be1f-43e9-a641-4b2e91a39ff4');
INSERT INTO public.notes (id, user_id, title, content, artist, album, release_year, metadata, "references", isPinned, created_at, updated_at) VALUES ('38b3e780-f562-41c9-87a6-986424c6aba8', '3917b9a9-a856-4f33-a910-6ad73f9fa25b', 'Hawa Banke - Darshan Rawal', 'Capo at 3
Fingerstyle : 6 3 1 2    |    5 3 1 2    |    4 3 1 2
Fingerstyle 2 : https://youtu.be/7l25I9uJowk?t=354
Strum : D U Chuck D   U U D    D U

```e | - - - - - - - - - - - - - - - - - - - - - - - - - - - - - 
B | -8-8-10 - - - 8-8-10- - - - 8-8-10- - - - - -10-11-10-11-8 - 
G | - - - - - - 10- - - - - - - 10- - - - - - - -10 - - - - - - - - 
```

```e | - - - - - - - - 8- -10-10-8- -10-10-8- -10-13-10 - - - - - - - - - - - - - - - - - - - 10- - - - - - 
B | -8-10-11 - - - - - - - - - - - - - - - - - - - - - - - - - - - 13-11-13-13-11-13-13- - - - -13/11-
```

===========FINGERSTYLE===============
[Em]Main zameen tu [D]aasmaan
Main [Am]daag hoon tu [C]chaand sa
Tu [Em]baarish hai main [D]rait hoon
Main [Am]dhun koi tu [C]raag sa  .........................(x2)

===========FINGERSTYLE 2===============
Mainu [Em]apna [D]banale meri [Am]heeriye [C]
Mainu [Em]apna [D]banale meri [Am]heeriye
[C]Main rhna aye [G]tera ban[D]nke  

===========D U Chuck D   U U D    D U===============
Boohey [Em]bariyaan [D]haye boohey [Am]bariaan
[D]Boohey [Em]bariyaan[D]te enna le kan[Am]da tappke
[C]Tu aja vi ha[G]wa ban[D]ke
Boohey [Em]bariyan [D]haaye boohey [Am]barian [C]
Boohey [Em]bariyan [D]haaye boohey [Am]barian  

===========FINGERSTYLE===============
[Em]Choo loo tujhe [D]Jaise koi [Am]Chand ko chhuna [D]chahe
[Em]Chahun tujhe [D]jaise koi [Em]Bachcha khilona [D]chahe  ..................(x2)
[Em]Fikar ki [D]raat me [Am]Tu sukoon ki [C]neend hai
[Em]Patjhad ke mau[D]sam me tu [Am]Baarish ki pehli [C]boond hai  

===========FINGERSTYLE 2===============
Nir[Em]maan aj [D]Eid tere [Am]vaaste[C]eey
Nir[Em]maan aj [D]Eid tere [Am]vaaste
[C]Aya hai [G]ada kr[D]ke  

===========D U Chuck D   U U D    D U===============
Boohey [Em]bariyan [D]haye boohey [Am]bariya
[D]Boohey [Em]bariyaan [D]tey enna le kan[Am]da tappke
[C]Avaangi ha[G]wa ban[D]ke
Boohey [Em]bariyan [D]haye boohey [Am]bariaan [C]
Boohey [Em]bariyan [D]haye boohey [Am]bariaan', 'Darshan Raval', 'Hawa Banke', 2019, 'Chords used : Em, D, Am, C, G', 'https://www.youtube.com/watch?v=7l25I9uJowk', FALSE, '2020-02-23T03:22:21.031000+00:00', '2020-02-24T15:58:33.731000+00:00');
INSERT INTO public.note_tags (id, user_id, note_id, tag_id) VALUES ('7648b037-af9c-46ab-b8d8-101870bb5779', '3917b9a9-a856-4f33-a910-6ad73f9fa25b', '38b3e780-f562-41c9-87a6-986424c6aba8', '39d6ed04-fc5c-427e-9060-9041887f4d0e');
INSERT INTO public.note_tags (id, user_id, note_id, tag_id) VALUES ('077f1d1a-dca2-4e1e-a540-f822c6250b80', '3917b9a9-a856-4f33-a910-6ad73f9fa25b', '38b3e780-f562-41c9-87a6-986424c6aba8', '94f83bf8-1cd6-44f7-9e77-dc2d9928b555');
INSERT INTO public.note_tags (id, user_id, note_id, tag_id) VALUES ('4b7bcb9f-e610-4e20-a0b7-c82bdeb7b735', '3917b9a9-a856-4f33-a910-6ad73f9fa25b', '38b3e780-f562-41c9-87a6-986424c6aba8', '375ee2c2-3bd4-473f-afd0-87ef7a38f19a');
INSERT INTO public.note_tags (id, user_id, note_id, tag_id) VALUES ('36bffbab-8355-435b-a44f-5461fc57377c', '3917b9a9-a856-4f33-a910-6ad73f9fa25b', '38b3e780-f562-41c9-87a6-986424c6aba8', '26bec2c9-84b7-4e97-8246-28dd469f49cd');
INSERT INTO public.notes (id, user_id, title, content, artist, album, release_year, metadata, "references", isPinned, created_at, updated_at) VALUES ('df8fb23e-a96f-4f62-952a-721039a699e9', '3917b9a9-a856-4f33-a910-6ad73f9fa25b', 'Hum Mar Jayenge (Aashiqui 2)', '```E |-5-7-9-9-9-7-9-7-5-4-2-----
```
Apni aankhein khaali kar de

```E |-5-5-5-12-9-7-5-4-5-5-----
```
Kaash tu meri aankhein bhar de (x2)

```E |-5-4-0-2-3---2-0-0-2-0----0-2-2-2----
B |-----------------3---
```
Mere yaara tere gham agar payenge

```E |-5-4-0-2-3---2-0-0-2-0------2-2-0-0--
B |------------------3-3-----
```
Humein teri hai kasam, hum sanwar jayenge

```E |-9-10-7-7-10---10-9-9--9-10-7-7-10---10-9-9-
```
Do yeh saugaat tum, tto zamaane ki hum

```E |-9-7-7-10-9-7-5-2-4-2-0--------
```
Har khushi se mukar jayenge

```E |-0-2---2-2-0-0-------
B |---3---------
```
Hum mar jayenge

```E |-5-2-7-4-2-0--0-2----2-2-0-0----
B |------------3---
```
Ho….o..o… Hum mar jayenge

```E |-5-4-0-2-3---2-0-0-2-0----0-2-2-2----
B |-----------------3---
```
Mere yaara tere gham agar payenge

```E |-5-4-0-2-3---2-0-0-2-0------2-2-0-0--
B |------------------3-3-----
```
Humein teri hai kasam, hum sanwar jayenge


```E |-7-5-4-5-7-5-4-5-7-5-4-5-0-2-3-2-----
```
Tere kaandhe se hi lag ke, Yaara beete umar saari

```E |-7-5-4-5-7-5-4-5-7-5-4-5-0-2-3-2-----
```
Socho kaisi hogi kismat, Hua yun tto phir humaari

```E |-9-7-6-7-9-7-6-7--7-9-10-10/12-7-10-9-9----
```
Saare aansoon toh ho tere, Aur aankhein ho humaari

```E |-9-10-7-12-10-9-9----9-10-7-12-10-9-9------
```
Tere dard humein, jo mile pyaar mein

```E |-9-10-7-12-10-9-9--9-10-7-12-10-9-9------
```
Tere dard humein jo mile pyaar mein

```E |-9-9-7-10-9-7-5-2- -4- -2- -0--
```
Hum khushi se yun bhar jaayenge

```E |-0-2---2-2-0-0-------
B |---3---------
```
Hum mar jayenge

```E |-5-2-7-4-2-0--0-2----2-2-0-0----
B |------------3---
```
Ho….o..o… Hum mar jayenge', 'Arijit Singh, Tulsi Kumar', 'Aashiqui 2', 2013, NULL, 'http://msworldsite.com/hum-mar-jayenge-aashiqui-2-guitar-tabs/', FALSE, '2018-06-28T03:22:15.588000+00:00', '2018-10-01T16:52:25.821000+00:00');
INSERT INTO public.note_tags (id, user_id, note_id, tag_id) VALUES ('145d5ff3-f607-44bf-96df-e15e3b6d6db2', '3917b9a9-a856-4f33-a910-6ad73f9fa25b', 'df8fb23e-a96f-4f62-952a-721039a699e9', '94f83bf8-1cd6-44f7-9e77-dc2d9928b555');
INSERT INTO public.note_tags (id, user_id, note_id, tag_id) VALUES ('d66372cd-8890-4558-9eea-f77e84297708', '3917b9a9-a856-4f33-a910-6ad73f9fa25b', 'df8fb23e-a96f-4f62-952a-721039a699e9', '22c9085c-724b-4679-aa10-b79b72f9b0be');
INSERT INTO public.notes (id, user_id, title, content, artist, album, release_year, metadata, "references", isPinned, created_at, updated_at) VALUES ('4ac3467f-d476-4a0a-9f4d-22c6663aa091', '3917b9a9-a856-4f33-a910-6ad73f9fa25b', 'Phoolon Ke Rang Se', '(F) Phoolo Ke Rang Se, Dil Ki Kalam Se
Tujhko Likhi Roz (C) Paati
(F) Kaise Batau, Kis Kis Tarah Se
Pal Pal Mujhe Tu Sa(C)tati

(C) Tere Hi Sapne, Le Kar Ke Soya
(F) Teri Hi Yaado mein Jaaga
Tere Khayalon mein Uljha Raha Hu
Jaise Ki Mala mein (C) Dhaga

Haan, Baadal Bijli (Bb) Chandan Paani
(F) Jaisa Apna (C) Pyaar
(F) Lena Hoga (C) Janam Hame
(F) Kayi (C) Kayi (F) Bar

Haan, (C) Itna Madir, (Bb) Itna Madhur
(F) Tera Mera (C) Pyaar
(F) Lena Hoga (C) Janam Hame
(F) Kayi (C) Kayi (F) Bar

(F) Saaso Ki Saragam, Dhadkan Ki Beena
Sapno Ki Geetanja(C)li Tu
(F) Man Ki Gali Mein, Mehke Jo Har Dam
Aisi Juhi Ki Ka(C)li Tu

(C) Chota Safar Ho, Lamba Safar Ho
(F) Sooni Dagar Ho Yaa Mela
Yaad Tu Aaye, Man Ho Jaaye
Bheed Ke Beech A(C)kela

Haan, Baadal Bijli (Bb) Chandan Paani
(F) Jaisa Apna (C) Pyaar
(F) Lena Hoga (C) Janam Hame
(F) Kayi (C) Kayi (F) Bar

Haan, (C) Itna Madir, (Bb) Itna Madhur
(F) Tera Mera (C) Pyaar
(F) Lena Hoga (C) Janam Hame
(F) Kayi (C) Kayi (F) Bar

(F) Poorab Ho Pachim, Uttar Ho Dakshin
Tu Har Jagah Musku(C)raye
(F) Jitna Hi Jaun, Main Duur Tujhse
Utni Hi Tu Paas (C) Aaye

(C) Aandhi Ne Roka, Paani Ne Toka
(F) Duniya Ne Haskar Pukara
Tasweer Teri Lekin Liye Main
Kar Aaya Sab Se Ki(C)nara

Haan, Baadal Bijli (Bb) Chandan Paani
(F) Jaisa Apna (C) Pyaar
(F) Lena Hoga (C) Janam Hame
(F) Kayi (C) Kayi (F) Bar

Haan, (C) Itna Madir, (Bb) Itna Madhur
(F) Tera Mera (C) Pyaar
(F) Lena Hoga (C) Janam Hame
(F) Kayi (C) Kayi (F) Bar
(F) Kayi (C) Kayi (F) Bar
(F) Kayi (C) Kayi (F) Bar', 'Kishore Kumar', 'Prem Pujari', 1970, 'D DU  Chuck. (https://youtu.be/EltFLIkB7h4?t=14)', 'https://wrytin.com/priyankayadav/phoolon-ke-rang-se-chords-prem-pujari-kishore-kumar-jhnd3y4i', FALSE, '2020-03-08T07:02:08.796000+00:00', '2020-03-08T07:04:06.741000+00:00');
INSERT INTO public.note_tags (id, user_id, note_id, tag_id) VALUES ('02947252-4ae3-417b-9108-33bb242f98ff', '3917b9a9-a856-4f33-a910-6ad73f9fa25b', '4ac3467f-d476-4a0a-9f4d-22c6663aa091', '26bec2c9-84b7-4e97-8246-28dd469f49cd');
INSERT INTO public.note_tags (id, user_id, note_id, tag_id) VALUES ('f486125b-82d7-418e-ae00-ede5cff4d52c', '3917b9a9-a856-4f33-a910-6ad73f9fa25b', '4ac3467f-d476-4a0a-9f4d-22c6663aa091', 'f22d1b82-b224-4a44-a581-b5c25015af54');
INSERT INTO public.notes (id, user_id, title, content, artist, album, release_year, metadata, "references", isPinned, created_at, updated_at) VALUES ('882cdf38-d4e1-463d-ae9f-2d6ba903c716', '3917b9a9-a856-4f33-a910-6ad73f9fa25b', 'Hothon se chhoo lo tum', 'INTRO
```e | - - - - - - - - - - - - - - - - - - - - - -
B | - - 3- 5- 6- - - - - -3-3 - - - - - -
G | -5 - - - - - - - - - 5- - - - -5 - - -
```

```e | - - - - - - - - - - - - - - - - - - - - 
B | - - - - - - - - - - - - - - - - - - - - -
G | - - - - - - - - - - - - - - - - - - - - -
D | - - -0- 2- 3- - - - - - 0- 0- - - - 
A | - 3- - - - - - - - - - 3- - - - - 3 - 
```


LYRICS
```e | - - - - - - - - - - - - - - - - - - - - - - - - - - - - - - - - - - - -
B | - - - - - - - - - - - - - - - - - - - - - - - - - - - - - - - - - - - -
G | -2-0-2 - - - - - 0 - - - - - - - - - - -0-0 - - 2-2-0- - - -
D | - - - - - -3-3-3 - -3-2 - - -2-3-3 - - - - 3- - - - - 3-3 -
```

```e | - - - - - - - - - - - - - - - - - - - - - - - - - - - - - - - - - - - - - -
B | - - 0-0-1-1-1-0-3h- -1-0 - - - - - 0- -0-1- -1-0 - - - - - -
G | -2 - - - - - - - - - - - - - - - - 2 - - 2- - - - - - - - - - - 0 - - 0-2 - 
D | - - - - - - - - - - - - - - - - - - - - - - - - - - - - - - - - - - - -3- - - - -
```', 'Jagjit Singh', 'Prem Geet', 1981, NULL, NULL, FALSE, '2019-04-22T11:43:12.408000+00:00', '2019-04-25T13:03:28.390000+00:00');
INSERT INTO public.note_tags (id, user_id, note_id, tag_id) VALUES ('248e9c6b-29bc-424a-9549-37f9032fd043', '3917b9a9-a856-4f33-a910-6ad73f9fa25b', '882cdf38-d4e1-463d-ae9f-2d6ba903c716', '39d6ed04-fc5c-427e-9060-9041887f4d0e');
INSERT INTO public.note_tags (id, user_id, note_id, tag_id) VALUES ('0b295c13-ecbe-427c-81e0-d3b4a0fe4bbf', '3917b9a9-a856-4f33-a910-6ad73f9fa25b', '882cdf38-d4e1-463d-ae9f-2d6ba903c716', '22c9085c-724b-4679-aa10-b79b72f9b0be');
INSERT INTO public.note_tags (id, user_id, note_id, tag_id) VALUES ('fb613847-3b72-45de-9d73-2a6e1b5bb436', '3917b9a9-a856-4f33-a910-6ad73f9fa25b', '882cdf38-d4e1-463d-ae9f-2d6ba903c716', 'f22d1b82-b224-4a44-a581-b5c25015af54');
INSERT INTO public.notes (id, user_id, title, content, artist, album, release_year, metadata, "references", isPinned, created_at, updated_at) VALUES ('53d1717f-878c-441e-9153-0d48e28394bf', '3917b9a9-a856-4f33-a910-6ad73f9fa25b', 'Lo Maan Liya', 'INTRO
e---------5-4-5-4-5-4-5\7-7-4-4----
B-1/2-------------------------------
e---------5-4-5-4-5-4-5\7-7-4-4---4-
B-1/2--------------------------------

e---------9-7-9-7-9-7-9\10-10-7-7--
B-2/5------------------------------

e--7-5-9-9-5-5-2-5-4---
B--------------------------

Lo maan liya humne
e-2-2h4-5-2-2h4-5-9-9-7---

Hai pyar nahi tumko
e-4-4/2-2-1-1-4-4-2-2----

Tum yaad nahi humko
Hum yaad nahi tumko

Bas ek dafa mud ke dekho
e-2-4-5-4-4-0-12-12-10-10-

Aye yaar zara humko
e--13\14-13-13-9-9-7-7-10-9-

Lo maan liya humne
e-2-2h4-5-2-2h4-5-9-9-7---

Hai pyar nahi tumko
e-4-4/2-2-1-1-4-4-2-2----

Tum yaad nahi humko
Hum yaad nahi tumko

Lo maan liya dekha hi nahi
e--9h12-5-5-5-5-5-4-5\7-7-7-7--

Tere kandhe ka woh til
e--4-4-4/2-2-1-1-4-4-2-2---

Lo maan liya toota hi nahi
Tere haathon se mera dil

Chaaon mein teri beeti hi nahi
e-2-4-5-4-4-0-12-12-10-10-

Woh garmi ki baatein
e--13\14-13-13-9-9-7-7-10-9-

Baahon mein teri guzri hi nahi
Woh sardi ke raatein

Lo maan liya humne
Aitbaar nahi tumko
Tum yaad nahi humko
Hum yaad nahi tumko', 'Arijit Singh', 'Raaz Reboot', 2016, NULL, 'https://www.youtube.com/watch?v=U9Jw80EjVtU', FALSE, '2018-09-16T06:22:36.621000+00:00', '2019-01-27T09:25:32.124000+00:00');
INSERT INTO public.note_tags (id, user_id, note_id, tag_id) VALUES ('a4f38a28-c257-4d94-9e82-2728a2bb416a', '3917b9a9-a856-4f33-a910-6ad73f9fa25b', '53d1717f-878c-441e-9153-0d48e28394bf', '39d6ed04-fc5c-427e-9060-9041887f4d0e');
INSERT INTO public.note_tags (id, user_id, note_id, tag_id) VALUES ('900fc60b-4b7a-485d-8809-a6567ad485c7', '3917b9a9-a856-4f33-a910-6ad73f9fa25b', '53d1717f-878c-441e-9153-0d48e28394bf', '94f83bf8-1cd6-44f7-9e77-dc2d9928b555');
INSERT INTO public.note_tags (id, user_id, note_id, tag_id) VALUES ('a6c2a588-7b2c-4ac3-90da-9ae54c9b080b', '3917b9a9-a856-4f33-a910-6ad73f9fa25b', '53d1717f-878c-441e-9153-0d48e28394bf', '22c9085c-724b-4679-aa10-b79b72f9b0be');
INSERT INTO public.notes (id, user_id, title, content, artist, album, release_year, metadata, "references", isPinned, created_at, updated_at) VALUES ('e712d3cd-ac76-4272-9476-ebb1d32202af', '3917b9a9-a856-4f33-a910-6ad73f9fa25b', 'Vande Mataram', 'Vande Maataram
```e|-----------------
B|-0-2--5-7-5-7-
```

Vande Maataram
```e|-0-2--6-7-6-7-
B|------------------
```

Sujalaam Sufalaam
```e|-7-9-5-4-2------2-4-0-------
B|-------------------------4-2--
```

Malayaj Sheetalaam
```e|----2-0-0------------
B|-2-----------4-4-0---
```

Sasyashyaamalaam Maataram
```e|--------------------------------
B|-0-2---5-7-5-7---7-10-9-7--
```

Vande Maataram
```e|-0-2--6-7-6-7-
B|------------------
```

Shubhrajyotsna           Pulakit Yaaminiim
```e|----------------------------------------------
B|-5-7-11---11-11----------11-12-11-12-11-12-
```

Phulla Kusumita                 Drumadal Shobhiniim
```e|----------------------------------------------------------
B|-11-11-11-12-11-12---------12-14-12-10-10-9-10-9-7--
```

Suhaasinim          Sumadhura Bhaashhinim
```e|--------------------------5-4-5-2-4-2-------------
B|-2-5-4-2---------2----------------------------
```

Sukhadaam  Varadaam    Maataram 
```e|-0-2-6-------6-6-6---------6-7-6-7-
B|---------------------------------------
```

Vande Maataram
```e|-0-2--6-7-6-7-
B|------------------
```

---------------------------------------------------------------------------------------
Below tabs are more easier to play for non-beginners 
---------------------------------------------------------------------------------------

```e |------------7 8 7 8 -|
B|----6 8 6 8 - 6 8 -----|
G|- 5 7 ------------|
```
Vande maataram, vande maataram

```e |- 8 10 6 - 5 ---- 5 ------|
B|--------8 -- 8 -- 6 - 5 ---|
G|------------------7 -|
```
Sujalaam Sufalaam

```e |-------------|
B|--- 8 6 6 - 5/3 - 5 ---|
G|- 7 ----------5 --|
```
Malayaja sheetalaam

```e |-----------6 5 ------7 8 7 8 -|
B|----6 8 6 8 --8 ---8 --6 8 -----|
G|- 5 7 -----------------|
```
Sasya shyamalaam maataram, vande maataram

```e |--- 7 7 - 7 7 8 7 8 - 7 8 -|
B|- 6 8 -------------|
```
Subhra jyotsna pulakita yaaminiim

```e |- 7 - 7 7 8 7 8 ---- 10 8 6 5 - 6 5 ---|
B|----------8 ----------8 -|
```
Phulla kusumita, dhrumadala shobhiniim

```e |---------- 6 5 6 -- 5 ----|
B|--- 6 5 -------- 8 ---8 -|
G|- 7 7 ---7 -- 7 ----------|
```
Suhaasiniim sumadhura bhaasiniim

```e |---7 - 7 7 7 - 7 8 7 8 -|
B|- 6 8 -----------|
```
Sukhadaam varadaam maataram

```e |--- 7 8 7 8 --- 7 8 7 8 -|
B|- 6 8 ----- 6 8 -----|
```
vande maataram vande maataram', 'A. R. Rahman', 'Vande Mataram', 1997, NULL, 'https://abhijeetprasad.com/vande-mataram-guitar-tabs-for-beginners/', FALSE, '2017-10-25T17:01:04.269000+00:00', '2022-08-15T11:29:51.573000+00:00');
INSERT INTO public.note_tags (id, user_id, note_id, tag_id) VALUES ('b3ed2560-3e55-4541-934d-4b12b2852018', '3917b9a9-a856-4f33-a910-6ad73f9fa25b', 'e712d3cd-ac76-4272-9476-ebb1d32202af', 'ae6a7dff-8c54-4846-bf93-deb177ecbb68');
INSERT INTO public.note_tags (id, user_id, note_id, tag_id) VALUES ('df314b86-dbec-47b6-a2ec-87d40ca6abe9', '3917b9a9-a856-4f33-a910-6ad73f9fa25b', 'e712d3cd-ac76-4272-9476-ebb1d32202af', 'f6f1fa22-4ebb-4dfc-8a00-65f2e520dc91');
INSERT INTO public.note_tags (id, user_id, note_id, tag_id) VALUES ('cb5e82e6-e5d8-458b-b195-7ae779da4ac0', '3917b9a9-a856-4f33-a910-6ad73f9fa25b', 'e712d3cd-ac76-4272-9476-ebb1d32202af', '22c9085c-724b-4679-aa10-b79b72f9b0be');
INSERT INTO public.note_tags (id, user_id, note_id, tag_id) VALUES ('9c5c9a58-4195-43c2-a7cf-028141cc575f', '3917b9a9-a856-4f33-a910-6ad73f9fa25b', 'e712d3cd-ac76-4272-9476-ebb1d32202af', 'f22d1b82-b224-4a44-a581-b5c25015af54');
INSERT INTO public.notes (id, user_id, title, content, artist, album, release_year, metadata, "references", isPinned, created_at, updated_at) VALUES ('be668048-3c73-4e74-b57f-f5488b2d9011', '3917b9a9-a856-4f33-a910-6ad73f9fa25b', 'Nalone Pongenu Narmada', 'intro lead
e -------------------------------------------
B -------------5-----------------3s5--5----
G --4--6--7-------7--6-----4--------------
D ------------------------7-----------------
e --------------------------------------------------
B ------------5------------------------------------
G -4--6--7------7--6s4--2------2--4--4s6--4---

Naalone pongenu narmada
e -------------------------
B 5-5-7-7- -7-5- -7-9-5-

Neelallo murisina taamara
e -------------------------
B 2-2-5-5- -5-7- -5-2-0-

Anthatlo maarenu ruthuvulaaa
e ----------------------------
B 2-2-5-5- -5-7- -2-4-5-7-

pilla nee valla
e -------------------
B 4-4-5--7-5--9-7-

Neetho pongey velluva
e -------------------------
B 5-5-7-7- -7-5- -7-9-5-

nillallo eedhina taaraka
e -------------------------
B 2-2-5-5- -5-7- -5-2-0-

Bangaaru puvvula kaanukaaa
e ----------------------------
B 2-2-5-5- -5-7- -2-4-5-7-

neevele kaanchanaaa
e -------------------
B 4-4-5--7-5--9-7-

oh shanthi ,shanthi, oh shanthi
e ----------------------------------
b 7-9-10-12-10-9-7-5- -7-12-12-

naapranam sarvam neevele
e -------------------------------------
b 7-9-10-12-10-9-7-5- -5-7-9-7h--

naa swaase neeve dhochaave
e ----------------------------------
b 7-9-10-12-10-9-7-5- -7-12-12-

chelimey le neevu ayyave
e -------------------------------------
b 7-9-10-12-10-9-7-5- -5-7-9-7h-

Naalona Pongenu..', 'S. P. Balasubrahmanyam, K. S. Chithra', 'Surya IPS', 1991, NULL, NULL, FALSE, '2017-12-25T15:33:21.045000+00:00', '2017-12-26T13:48:45.506000+00:00');
INSERT INTO public.note_tags (id, user_id, note_id, tag_id) VALUES ('5acb3601-08af-4036-b5f7-1737486a3967', '3917b9a9-a856-4f33-a910-6ad73f9fa25b', 'be668048-3c73-4e74-b57f-f5488b2d9011', '39d6ed04-fc5c-427e-9060-9041887f4d0e');
INSERT INTO public.note_tags (id, user_id, note_id, tag_id) VALUES ('50ab7766-34dc-416b-953c-2b8c0751320d', '3917b9a9-a856-4f33-a910-6ad73f9fa25b', 'be668048-3c73-4e74-b57f-f5488b2d9011', '22c9085c-724b-4679-aa10-b79b72f9b0be');
INSERT INTO public.note_tags (id, user_id, note_id, tag_id) VALUES ('96836959-2cff-466a-a692-bc7898ef95a2', '3917b9a9-a856-4f33-a910-6ad73f9fa25b', 'be668048-3c73-4e74-b57f-f5488b2d9011', '50e1f043-40b6-42ce-8468-0952aa965c22');
INSERT INTO public.notes (id, user_id, title, content, artist, album, release_year, metadata, "references", isPinned, created_at, updated_at) VALUES ('c4479c6d-ffe7-4851-a9e1-4402c9aa8b42', '3917b9a9-a856-4f33-a910-6ad73f9fa25b', 'Emptiness', 'Intro (Pattern - 3 2 1 2 ) : https://youtu.be/fDuEXqSmxl0?t=90

```e | - 8- - - 8- - - - -8 - - 8- - - - -7 - -7 - - - -5 - - - - - - - - -
B | - 11 - -11 - - - 11- -11 - - - 6- - 6- - - - 5 - - - - - - - - - 
G | - 10 - -10- - - - 9- - -9 - - - - 6- - 6- - - - 3- - - 3-5-3-0- 
```

F....Am...F

(F)Oh, love of mine
With a (Am)song and a whine
You''re (Bb)harsh and divine
Like truths an(C)d a lie

But the (F)tale ends not here
I have (Am)nothing to fear
For my (Bb)love is yell of giving and hol(C)d on

And the (F)bright emptiness
In a (Am)room full of it
Is a (Dm)cruel mistress
Whoa oh..(C)

I (F)feel this unrest
That nests (Am)all hollowness
For I (Dm)have nowhere to go and I''m (C)cold

And I feel so (F)lonely (Am)yeah...
(Bb)  There''s a better place than this..(C)
Emptiness

And I feel so (F)lonely (Am)yeah...
(Bb) There''s a better place than this..(C)
Emptiness, yeye (F)yaah!...(Am)...(F)...(C)...(F)..(Am)...(F)...(C)

Tune mere (F)jaana
Kabhi nahi (AM)jaana
(Bb)   Ishq mera, dard me(C)ra, haaye..(F)

Tune mere (F)jaana
Kabhi nahi (AM)jaana
(Bb) Ishq mera, dard me(C)ra

Aashiq te(F)ra....(Am)....(Bb)
Bhid me khoya reh(C)ta hai
Jaane ja(F)haan....(Am)....(Bb)
Poocho to itna keh(C)ta hai

And I feel so (F)lonely (Am)yeah...
(Bb) There''s a better place than this..(C)
Emptiness

That I feel so (F)lonely (Am)yeah...
(Bb) There''s a better place than this..(C)
Emptiness, yeye (F)yaah!...(Am)...(F)...(C)...(F).', 'Gajendra Verma', 'Emptiness', 2014, 'Strum : D D UUD D DU
Chords used : F, Am, Dm, Bb, C', 'https://www.youtube.com/watch?v=fDuEXqSmxl0&feature=youtu.be', FALSE, '2018-11-01T12:43:16.754000+00:00', '2018-11-03T14:01:49.560000+00:00');
INSERT INTO public.note_tags (id, user_id, note_id, tag_id) VALUES ('3b06f517-82f6-418d-8266-a022a3b3fc22', '3917b9a9-a856-4f33-a910-6ad73f9fa25b', 'c4479c6d-ffe7-4851-a9e1-4402c9aa8b42', '39d6ed04-fc5c-427e-9060-9041887f4d0e');
INSERT INTO public.note_tags (id, user_id, note_id, tag_id) VALUES ('ced4bd3f-e4c9-480b-8fa4-9f365940446b', '3917b9a9-a856-4f33-a910-6ad73f9fa25b', 'c4479c6d-ffe7-4851-a9e1-4402c9aa8b42', '94f83bf8-1cd6-44f7-9e77-dc2d9928b555');
INSERT INTO public.note_tags (id, user_id, note_id, tag_id) VALUES ('5dc320aa-c522-48f7-8123-24d0f5d0a7cd', '3917b9a9-a856-4f33-a910-6ad73f9fa25b', 'c4479c6d-ffe7-4851-a9e1-4402c9aa8b42', '26bec2c9-84b7-4e97-8246-28dd469f49cd');
INSERT INTO public.notes (id, user_id, title, content, artist, album, release_year, metadata, "references", isPinned, created_at, updated_at) VALUES ('610f62e8-3f0a-4d56-bd84-9bab29c266ad', '3917b9a9-a856-4f33-a910-6ad73f9fa25b', 'Tu Hi Meri Shab Hai', 'Tu Hi Meri Shab Hai Subha Hai
5-7-8-7-5-7-3--0-3-5

Tu Hi Din Hai Mera

5-7-8-7-5-3-5 

Tu Hi Mera Rab Hai Jahaan Hai 

5-7-8-7-5-7-3--0-3-5

Tu Hi Meri Duniya

5-7-8-7-5-3-5 

Tu Waqt Mere Liye.E.E.E 

12-12-12-12-12-10-10-15-15-17-12

Main Hoon Tera Lamha

12-12-12-12-12-10-12

Kaise Rahega Bhala.A.A.A. 

12-12-12-12-12-10-10-15-15-17-12 

Hoke Tu Mujhse Judaa

12-12-12-12-12-10-12 

O O O O O O

8-10-12-10-8-10h 

O O O O O O O O

8-10-12-10-8-7-5', 'KK', 'Gangster', 2006, NULL, NULL, FALSE, '2017-10-06T03:10:08.843000+00:00', '2018-01-17T17:26:00.322000+00:00');
INSERT INTO public.note_tags (id, user_id, note_id, tag_id) VALUES ('49388eec-706e-4396-bbc0-ab2b4bf052fd', '3917b9a9-a856-4f33-a910-6ad73f9fa25b', '610f62e8-3f0a-4d56-bd84-9bab29c266ad', '94f83bf8-1cd6-44f7-9e77-dc2d9928b555');
INSERT INTO public.note_tags (id, user_id, note_id, tag_id) VALUES ('79cfbd6e-81e4-466d-a93c-b1ca17d4d960', '3917b9a9-a856-4f33-a910-6ad73f9fa25b', '610f62e8-3f0a-4d56-bd84-9bab29c266ad', '484fde0b-53ea-4d62-82d9-dff38182c04c');
INSERT INTO public.note_tags (id, user_id, note_id, tag_id) VALUES ('55971d81-ff49-499f-bdd0-01c5bcb26d04', '3917b9a9-a856-4f33-a910-6ad73f9fa25b', '610f62e8-3f0a-4d56-bd84-9bab29c266ad', '22c9085c-724b-4679-aa10-b79b72f9b0be');
INSERT INTO public.notes (id, user_id, title, content, artist, album, release_year, metadata, "references", isPinned, created_at, updated_at) VALUES ('4b6dfcc8-d446-478c-bba2-b530cdf71a08', '3917b9a9-a856-4f33-a910-6ad73f9fa25b', 'Saiyaara - Faheem Adullah', '[Intro]
(Em) (D) (C) (Em)

Hold like this
```e | - - 7- - - -
B | - - 7- - - - 
G | - - - -9 - - 
```

Then play this string sequence
6+1 -> 3 -> 2 -> 3
1 -> 3 -> 2 -> 3

(Em)Tu paas hai mere (D)paas hai aise 
(C)Mera koi eh(D)saas hai jaise 
(Em)Tu paas hai mere (D)paas hai aise 
(C)Mera koi eh(D)saas hai jaise 

(Em)Haaye, main mar hee jaaun (D)jo tujhko na paaun 
(C)Baaton mein teri mai(D)n raatein bitaun 
(Em)Hothon pe lamha-lamha (D)hai naam tera, haaye 
(C)Tujhko hee gaaun mai(D)n tujh(B)ko pukaarun 

Oooo..Oooo..Ooooooooo 
(G)….(C)….(D) 

(Em)Saiyaara tu to (D)badla nahi hai 
(C)Mausam zara sa (D)rootha hua hai 
(Em)Saiyaara tu to (D)badla nahi hai 
(C)Mausam zara sa (D)rootha hua hai 

(Em)Beete lamhon se (D)duniya basa loon 
(C)Main to tere aansu(D)on ka bana hoon 
(Em)Meri hasi mein (D)teri sadayein 
(C)Teri kahani (D)khud ko sunau 

(Em)Yaadon ke taare…(D)…(C)…(D) 
(Em)Yaadon ke taare(D) tootenge kaise 
(C)Mere hai jo wo (D)roothenge kaise 
(Em)Beete dinon ki (D)kholi kitabein 
(C)Guzrе palon ko (D)kaise bhuladein 

(Em)Haaye, main mar hee jaaun (D)jo tujhko na paaun 
(C)Baaton mein teri mai(D)n raatein bitaun 
(Em)Hothon pe lamha-lamha (D)hai naam tera, haaye 
(C)Tujhko hee gaaun mai(D)n tujh(B)ko pukaarun 

(Em)Saiyaara tu to (D)badla nahi hai 
(C)Mausam zara sa (D)rootha hua hai 
(Em)Saiyaara tu to (D)badla nahi hai 
(C)Mausam zara sa (D)rootha hua hai', 'Faheem Abdullah', 'Saiyaara', 2023, 'Capo : 4th Fret
Strum : D D UDUD D
Chords used : Em, G, Bm, C, D', 'https://www.youtube.com/watch?v=O-89aAITXJk
https://gsma.co.in/blog/guitar/saiyaara-guitar-chords/', FALSE, '2025-07-14T03:56:59.851000+00:00', '2025-09-13T14:23:42.400000+00:00');
INSERT INTO public.note_tags (id, user_id, note_id, tag_id) VALUES ('5105ac2c-db03-4a4f-be78-1f698f92b33e', '3917b9a9-a856-4f33-a910-6ad73f9fa25b', '4b6dfcc8-d446-478c-bba2-b530cdf71a08', '39d6ed04-fc5c-427e-9060-9041887f4d0e');
INSERT INTO public.note_tags (id, user_id, note_id, tag_id) VALUES ('85c31f79-e545-40b5-819d-56332357b93c', '3917b9a9-a856-4f33-a910-6ad73f9fa25b', '4b6dfcc8-d446-478c-bba2-b530cdf71a08', '94f83bf8-1cd6-44f7-9e77-dc2d9928b555');
INSERT INTO public.note_tags (id, user_id, note_id, tag_id) VALUES ('cd40cdc2-ffd8-4b54-ad0a-326245916489', '3917b9a9-a856-4f33-a910-6ad73f9fa25b', '4b6dfcc8-d446-478c-bba2-b530cdf71a08', '26bec2c9-84b7-4e97-8246-28dd469f49cd');
INSERT INTO public.notes (id, user_id, title, content, artist, album, release_year, metadata, "references", isPinned, created_at, updated_at) VALUES ('d4eb63c3-a888-4a6d-a2ea-73423b2f2785', '3917b9a9-a856-4f33-a910-6ad73f9fa25b', 'Tere Vaaste - Zara Hatke Zara Bachke', 'Orginal Scale : G minor
Capo: 3rd fret
Strumming Pattern: D U Chuck D U Chuck

[Chorus]
Tere (Em)vaaste falak se main(D)chaand laaunga
Solah(C)satrah sitaare sang (D)baandh laaunga
Tere (Em)vaaste falak se main(D)chaand laaunga
Solah(C)satrah sitaare sang (D)baandh laaunga

[Bridge]
Chaand (G)taaron se kaho abhi (Am)thehrein zara
Chaand (Bm)taaron se kaho ki abhi (C)thehrein(D)zara
Pehle (Em)ishq lada lun uske (D)baad laaunga
Pehle (C)ishq lada lun uske(D)baad laaunga

[Chorus]
Tere (Em)vaaste falak se main(D)chaand laaunga
Solah(C)satrah sitaare sang (D)baandh laaunga

[Verse 1]
O… (Em)Dekha jaye toh vaise, (D)Apne toh saare paise
(A)Rehke zameen pe hi va (C)sool (Bm)hai
(Em)Chehra hai tera chanda, (D)Naina tere sitaare
(A)Ambar tak jaana hi fi (C)zool(Bm) hai
(A)Ambar tak jaana hi fi (C)zool(Bm) hai
Iske(Em) baad bhi agar, Tujhe(D)chain na mile
Poori (C)karke main teri ye mu(D)raad aaunga

[Chorus]
Tere (Em)vaaste falak se main(D)chaand laaunga
Solah(C)satrah sitaare sang (D)baandh laaunga
Tere (Em)vaaste falak se main(D)chaand laaunga
Solah(C)satrah sitaare sang (D)baandh laaunga

[Post-Chorus]
(Em)Tina-sasa Tina-sasa Tina-sasa Tina-sasa
(C)Tiri-sasa Tiri-sasa Tiri-sasa Tiri-sasa
Jan (Em)aab-e-aali, Jan (C)aab-e-aali
(D)Hum se mohabbat hai, Jan (Bm)aab-e- (C)aali
Janaab-e-aali, Jan (C)aab-e-aali
(D)Toh ik hidaayat hai, Jan (Bm)aab-e- (C)aali

[Outro]
O… (Em)Hum hain zara hat (D)ke, Janaab-e-aali
(Em)Rehna zara bach (D) ke, hmmm… (Em)
(Em)Hum hain zara hat (D) ke, Janaab-e-aali
(Em)Rehna zara bach (D)ke, hmmm… (Em)', 'Varun Jain, Sachin-Jigar, Shadab Faridi, Altamash Faridi', 'Zara Hatke Zara Bachke', 2023, 'Chords used : Em, C, D, Bm, A', 'https://www.youtube.com/watch?v=PoOoEKpT0t8', FALSE, '2023-07-29T14:43:01.307000+00:00', '2023-07-29T14:44:36.843000+00:00');
INSERT INTO public.note_tags (id, user_id, note_id, tag_id) VALUES ('952e73d9-3f67-476a-9b25-5068b6a6f9f5', '3917b9a9-a856-4f33-a910-6ad73f9fa25b', 'd4eb63c3-a888-4a6d-a2ea-73423b2f2785', '94f83bf8-1cd6-44f7-9e77-dc2d9928b555');
INSERT INTO public.note_tags (id, user_id, note_id, tag_id) VALUES ('e587db0b-97f6-4859-863c-2e205a8816e2', '3917b9a9-a856-4f33-a910-6ad73f9fa25b', 'd4eb63c3-a888-4a6d-a2ea-73423b2f2785', '26bec2c9-84b7-4e97-8246-28dd469f49cd');
INSERT INTO public.notes (id, user_id, title, content, artist, album, release_year, metadata, "references", isPinned, created_at, updated_at) VALUES ('b6349a43-7038-4121-816f-cf4c8f4a28a9', '3917b9a9-a856-4f33-a910-6ad73f9fa25b', 'Be Intehaan', 'Suno Na, Kahe Kya, Suno Na
```E|--7-5-7-7-7-5----7-5-7------------------------|
B|----------------------8-------------------------------|
```

Suno Na, Dil mera, Suno Na

Suno na, Sunlo zara
```E|-77-5----8-7-8-888-7---5----------------------|
B|--------8--------------------8------------------------| 
```

Teri bahon mein, Mujhe rehna hai raat bhar
```E|------------------5-7-88-7----5---------------------|
B|--8-7-5-8-7----------------7----88-----------------|
```

Teri bahon mein, Hogi subah
```E|-----------------5/7-5-------------------------------|
B|-8-7-5-8-7------------8-8/10----------------------|
```

Be Intehaan…Be intehaan
```E|------------------------12-12--14-15----------------|
B|-10/12-10-8-12---------------------12-----------|
```

Yun pyaar kar, Be intehaan
```E|-----------------------------10-10-12-14------------|
B|-12-12-10-8-12/13--------------------10--------|
G|-------------------------------------------------|
```

Dekha karon, Sari umar
```E|------------------------12-12--14-15--------------|
B|-10/12-10-8-12---------------------12----------|
```

Tere nishaan, Be intehaan
```E|-----------------------------10-10-12-14-----------|
B|-12-12-10-8-12/13---------------------10-------|
G|------------------------------------------------|
```

Koi kasar na rahe, 
```e|-----------------------------------------------| 
B|--12-13-15-15-13-12-10---------------------|
G|-------------------------------------------------|
```

Meri khabar na rahe
```e|-----------------------------------------------| 
B|-10-12-13-13-12-10-8------------------------|
G|-------------------------------------------------|
```

Choole mujhe iss kadar, Be intehaan
```e|-----------------------------------------------| 
B|-8-10-12-12-10-8-10----777-8--------------|
G|-------------------------------------------------| 
```


Jab saanson mein teri, Saasein ghuli toh, Phir sulaghne lagey
```E|-7-7-8-7777-8-777------------------7-------------|
B|----------------------------10-10-8-10---10-8-------|
G|---------------------------------------------------------9---|
```

Ehsaas mere mujhse kehne lagey
```E|---------------8-8-12-10--8-7------7-------------|
B|---------8-8-----------------------10----------------|
G|--9-9-------------------------------------------|
```

Haan bahon mein teri, Aake jahan do, Yu simatne lagey
```E|-7-7-8-7777-8-777-------------------7------------|
B|-----------------------------10-10-8-10---10-8------|
G|----------------------------------------------------------9--|
```

Sailaab jaise koi behne lagey
```E|---------------8-8-12-10--8-7-------7------------|
B|---------8-8------------------------10---------------|
G|--9-9------------------------------------------|
```

Khoya hoon mein, Aagosh mein
```E|-7-8-10-10/12----8-8-10-12-10-7--------------|
B|------------------------------------------------|
```

Tu bhi kahan, Ab hosh mein
```E|-7-8-10-10/12----8-8-10-12-10-7--------------|
B|------------------------------------------------|
```

Makhmali raat ki, Ho na subah
```E|----------8-12-14-14-10------------------------|
B|-10-8------------------------15-13-12--10-----|
G|------------------------------------------------|
```

Be Intehaan…Be intehaan
```E|--------------------------12-12--14-15--------------|
B|-10/12-10-8-12-----------------------12---------|
```

Yun pyaar kar, Be intehaan
```E|------------------------------10-10-12-14-----------|
B|-12-12-10-8-12/13----------------------10-------|
G|-----------------------------------------------|
```', 'Atif Aslam, Sunidhi Chauhan', 'Race 2', 2013, NULL, 'http://rockonguitar247.blogspot.com/2013/07/be-intehaan-guitar-tabs-race-2.html', FALSE, '2018-08-28T15:37:58.031000+00:00', '2019-01-20T10:21:37.384000+00:00');
INSERT INTO public.note_tags (id, user_id, note_id, tag_id) VALUES ('e9185704-de61-4d52-b915-57183182c41d', '3917b9a9-a856-4f33-a910-6ad73f9fa25b', 'b6349a43-7038-4121-816f-cf4c8f4a28a9', '94f83bf8-1cd6-44f7-9e77-dc2d9928b555');
INSERT INTO public.note_tags (id, user_id, note_id, tag_id) VALUES ('5f92b82f-daed-413a-b44f-f2870c34959d', '3917b9a9-a856-4f33-a910-6ad73f9fa25b', 'b6349a43-7038-4121-816f-cf4c8f4a28a9', '22c9085c-724b-4679-aa10-b79b72f9b0be');
INSERT INTO public.notes (id, user_id, title, content, artist, album, release_year, metadata, "references", isPinned, created_at, updated_at) VALUES ('c047deb6-fbc5-4985-8826-e94a65fbd80d', '3917b9a9-a856-4f33-a910-6ad73f9fa25b', 'Tajdar E Haram - Atif Aslam', 'Tajdaar-e-haram Tajdaar-e-haram
```E|--5--5-----5-----------5--5-----5-----------
B|---------8-----8--7--7--------8-----8--7--7--
```

Ho nigaah-e-karam
```E|------------7----9--10-7--9--5--5-----5-----
B|--7--7--8-------------------------------8-----7--
```

Tajdaar-e-haram ho nigaah-e-karam
```E|--5--5-----5-----------------------7----9--10-7--9--5--
B|--------8-----8--7--7--7--7--8--------------------
```

Ham ghareebon ke din bhi 
```E|--10-12-12/14-12p14-10-12------
B|--------------------------------------------10-
```

Sanwar jaaenge
```E|--10-10-10-9--10-9--7--8--7--5-----------
B|-----------------------------------------------8--7--5--
```

Haami-ye be-kasaan
```E|--5--5-----5-----------
B|----------8-----8--7--7--
```

Kya kahega jahaan
```E|-----------7--9--10-7--9--5--5-----5-----
B|--7--7--8---------------------------8-----7--
```

Haami-ye be-kasaan kya kahega jahaan
```E|--5--5-----5-----------------------7--9--10-7--9--5--
B|--------8-----8--7--7--7--7--8--------------------
```

Aap ke dar se khaali 
```E|--10-12-12/14-12p14-10-12----
B|----------------------------------------------10-
```

Agar jaaenge
```E|--10-10-10-9--10-9--7--8--7--5-----------
B|----------------------------------------------8--7--5--
```

Tajdaar-e-haram Tajdaar-e-haram
```E|--5--5-----5--------------5--5--8--7--5--------
B|--------8-----8--7--7---------------------8--7--
```', 'Atif Aslam', 'Coke Studio Season 8', 2015, NULL, 'https://www.acousterr.com/tab/tajdar-e-haram-atif-aslam-tabs', FALSE, '2018-08-11T10:10:08.589000+00:00', '2019-01-01T14:38:30.803000+00:00');
INSERT INTO public.note_tags (id, user_id, note_id, tag_id) VALUES ('643979c1-87e8-4ad8-9199-b560d3ed8e9c', '3917b9a9-a856-4f33-a910-6ad73f9fa25b', 'c047deb6-fbc5-4985-8826-e94a65fbd80d', '94f83bf8-1cd6-44f7-9e77-dc2d9928b555');
INSERT INTO public.note_tags (id, user_id, note_id, tag_id) VALUES ('bf4a3a54-0037-463e-a200-e2fd602efaef', '3917b9a9-a856-4f33-a910-6ad73f9fa25b', 'c047deb6-fbc5-4985-8826-e94a65fbd80d', '22c9085c-724b-4679-aa10-b79b72f9b0be');
INSERT INTO public.notes (id, user_id, title, content, artist, album, release_year, metadata, "references", isPinned, created_at, updated_at) VALUES ('4b5ff34d-28d5-4837-8355-5ec69a006e6e', '3917b9a9-a856-4f33-a910-6ad73f9fa25b', 'Sajni', 'Intro - (Em) (D) (Am) (Bm)
```e | - - - - - - - - - - - -9 - - - - - - - - - - - - - - - - - - - - - - - - - - - - - - - 
B | -7-9-9-9-7-9 - - - -9-7 - - - - - - - - - - - - - - - - - - - - - - - - - - - -
G | - - - - - - - - - - - - - - - - - 9-8 - - - - - - - - - - - - - - - - - - - - - - 8- 
D | - - - - - - - - - - - - - - - - - - - - - 11-9- -11-11-11-9-11- -11- - - 
```

```e | - - - - - - - - - - - - - - - - - - 
B | - - - - - - - - - - - - - - - - - - 
G | - - - - 9-8-8- - - - - - - - - - 
D | - 11- - - - - - -11-9-6 - - - 
```

Main Teri (Em) Aankhon Me Rehta (D) Hu
Tu(Am)jhe Pata Na (Bm) Chale
Tere Har (Em) Pal Me Guzra (D) Hu
Tu(Am)jhe Pata Na (Bm) Chale

(C) Kare To Phir Kya (D) Kare
(D) Tere Bina Kaise (Em) Jiye
(C) Aankhon Me Pyaar (D) Liye
(D) Bolo Kahan Kahan (Em) Phire

(Em) (D) (Am) (Bm)

Khafa To (Em) Hum Bhi Hai, Tum Bhi (D) Ho
Hu(Am)me Pata Na (Bm) Chale
Judaai (Em) Ka Mujhe Gam Bhi (D) Hai
Koi (Am) Aisi Khata Na (Bm) Kare

(C) Kare To Phir Kya (D) Kare
(D) Tere Bina Kaise (Em) Jiye
(C) Aankhon Me Pyaar (D) Liye
(D) Bolo Kahan Kahan (Em) Phire

Sajni (Em) Paas Bulao (D) Na
Ke Dil Aaj (Am) Toota Hai Aaj (Bm) Toota Hai
Saajan (Em) Maan Jao (D) Na
Ke Moh Aaj (Am) Rootha Hai Aaj (Bm) Rootha Hai

Koi, (Am) Use Manaye (Bm) Na, Jaane (Am) Jaan (D)
Dil, (Am) Tujhe Hi Chahe (Bm) Na, (C) Ohhhhh (D)

Hume Dil (Em) Se Bulao (D) Na
Yehi Ab (Am) Kehna Hai Ab (Bm) Kehna Hai
Tum (Em) Paas Aao (D) Na Aao (Am) Na

Derere Narena Derere Narena
Derere Narena Derere Narena

Sajni (Em) Paas Bulao (D) Na
Saajan (Em) Maan Jao (D) Na
Sajni (Em) Paas Bulao (D) Na

Sajni (Em) Paas Bulao (D) Na
Ke Dil Aaj (Am) Toota Hai, Aaj (Bm) Toota Hai
Saajan (Em) Maan Jao (D) Na

(C) Ohhh (D) Ohhh (C) Ohhh (D) Ohhhh

Sajni (Em) Paas Bulao (D) Na
Saajan (Em) Maan Jao (D) Na
Sajni (Em) Paas Bulao (D) Na', 'Arijit Singh', 'Sajni', 2024, 'Capo - 4th Fret
Strum - D UDUD UDUD DU     OR    D UUD UUD DU
Chords used : Em, Am, D, C, Bm', 'https://www.youtube.com/watch?v=P1RwldegG_c', FALSE, '2020-04-24T04:29:11.106000+00:00', '2020-04-27T01:05:06.326000+00:00');
INSERT INTO public.note_tags (id, user_id, note_id, tag_id) VALUES ('ff1d23d1-9f01-403a-bdfb-76e395503f87', '3917b9a9-a856-4f33-a910-6ad73f9fa25b', '4b5ff34d-28d5-4837-8355-5ec69a006e6e', '39d6ed04-fc5c-427e-9060-9041887f4d0e');
INSERT INTO public.note_tags (id, user_id, note_id, tag_id) VALUES ('66336867-d3fe-4bea-b528-3a8de3632abf', '3917b9a9-a856-4f33-a910-6ad73f9fa25b', '4b5ff34d-28d5-4837-8355-5ec69a006e6e', '94f83bf8-1cd6-44f7-9e77-dc2d9928b555');
INSERT INTO public.note_tags (id, user_id, note_id, tag_id) VALUES ('25aa84a7-c568-495b-92d7-6c4749f7f37d', '3917b9a9-a856-4f33-a910-6ad73f9fa25b', '4b5ff34d-28d5-4837-8355-5ec69a006e6e', '26bec2c9-84b7-4e97-8246-28dd469f49cd');
INSERT INTO public.note_tags (id, user_id, note_id, tag_id) VALUES ('f9986514-fbcd-4f49-9a09-9130ce3af377', '3917b9a9-a856-4f33-a910-6ad73f9fa25b', '4b5ff34d-28d5-4837-8355-5ec69a006e6e', '8d4fc519-7375-432c-8b6a-6cf000e9f287');
INSERT INTO public.notes (id, user_id, title, content, artist, album, release_year, metadata, "references", isPinned, created_at, updated_at) VALUES ('7b556654-daf7-4441-bc9a-eef5b5158309', '3917b9a9-a856-4f33-a910-6ad73f9fa25b', 'Meherbani - Shaukeens', 'Hai (C)saaz tu, tera tarz main
Tu (G)hai dava aur marz main
Dil(F)daar tu.. khud(C)garz main

Hai (C)geet tu, tere lafz main
Tu (G)hai duaa aur farz main
Aazad (F)tu aur (C)karz main
-
Hai (C)shaam tu, taareef main
Tu (G)chain hai, taqleef main
Tujhse (F)mila to paa liya
Har (C)cheez main

Hai (C)khwab tu taabeer main
Maana (G)tujhe taqdeer mein
Tera (F)hua is bheed main, is (C)bheed main
-
Hai (Am)teri meher(F)bani
Ke (C)andheron se hum muqar (G)gaye
Hai (Am)teri meher(F)bani
Ke (G)bin jaane hi yun sanwar (C)gaye
(x2 Repeat)


Hai (C)tu hi toh hai ahd-e-wafa
Tu (F)baarish meri, sa(G)vera mera
Main (C)tera hum-raasta
Hai (G)kasti teri ki(F)nara mera (x2)

Hai (Am)teri meher(F)bani
Ke (C)andheron se hum muqar (G)gaye
Hai (Am)teri meher(F)bani
Ke (G)bin jaane hi yun sanwar (C)gaye
(x2 Repeat)', 'Jubin Nautiyal', 'The Shaukeens', 2014, 'Capo on 1
Strum : D D UUD DU    OR
             D D UDUDU D (DU)
Chords used : C, G, F, Am', 'https://tabs.ultimate-guitar.com/tab/jubin_nautiyal/hai_teri_meherbani_chords_1716034', FALSE, '2018-10-30T03:01:16.241000+00:00', '2019-01-04T03:24:06.795000+00:00');
INSERT INTO public.note_tags (id, user_id, note_id, tag_id) VALUES ('7944d245-c195-4ed8-b64f-f728d2f12bbb', '3917b9a9-a856-4f33-a910-6ad73f9fa25b', '7b556654-daf7-4441-bc9a-eef5b5158309', '94f83bf8-1cd6-44f7-9e77-dc2d9928b555');
INSERT INTO public.note_tags (id, user_id, note_id, tag_id) VALUES ('1019aa41-138b-4f3e-9bdf-ae31cd2ee38f', '3917b9a9-a856-4f33-a910-6ad73f9fa25b', '7b556654-daf7-4441-bc9a-eef5b5158309', '26bec2c9-84b7-4e97-8246-28dd469f49cd');
INSERT INTO public.notes (id, user_id, title, content, artist, album, release_year, metadata, "references", isPinned, created_at, updated_at) VALUES ('8e53b840-0684-437b-8b4c-bac0661aa34f', '3917b9a9-a856-4f33-a910-6ad73f9fa25b', 'Maa (Taare Zameen Par)', '[Intro]
Hold C
```e|-----------------0--------------------|
B|-------1-----1-------1----------------| 
G|-----0----0---------------------------|          (x2)
D|---2----------------------------------|
A|-3------------------------------------|
```

Main Kabhi Batlaata Nahi, Par Andhere Se Darta Hoon Main Maa
```e|----------------------------------------------------------|
B|---------------------------------0-0-0-0-1--------------|
G|---0-0-----0-2----0-0---------------------2-2----0-0-|
D|-2-------3-------3-------------------------------3------|
```

Yuun To Main Dikhlaata Nahi, Teri Parwaah Karta Hoon Main Maa
```e|----------------------------------------------------------|
B|---------------------------------0-0-0-0-1--------------|
G|---0-0-----0-2----0-0---------------------2-2----0-0-|
D|-2-------3-------3-------------------------------3------|
```

Tujhe Sab Hai Pata, Hai Na Maa
```e|--------------------------|
B|---------1-1-3-0-1-1----|
G|-0-0-2------------------|
```

Tujhe Sab Hai Pata... Meri Maa
```e|------------------------------------------------|
B|---------1-1-3---------0-1-1----3-1-3-1----1--|
G|-0-0-2-----------------------------------2----|
```

Bheed Mein Yuun Na Chhodo Mujhe, Ghar Laut Ke Bhi Aana Paau Maa
```e|----------------------------------------------------------|
B|---------------------------------0-0-0-0-1--------------|
G|---0-0-----0-2----0-0---------------------2-2----0-0-|
D|-2-------3-------3-------------------------------3------|
```

Bhejna Itna Door Mujhko Tu, Yaad Bhi Tujhko Aana Paau Maa
```e|----------------------------------------------------------|
B|---------------------------------0-0-0-0-1--------------|
G|---0-0-----0-2----0-0---------------------2-2----0-0-|
D|-2-------3-------3-------------------------------3------|
```

Kya Itna Bura Hoon Main Maa
```e|--------------------------|
B|---------1-1-3-0-1-1----|
G|-0-0-2------------------|
```

Kya Itna Bura... Meri Maa
```e|------------------------------------------------|
B|---------1-1-3---------0-1-1----3-1-3-1----1--|
G|-0-0-2-----------------------------------2----|
```

MUSIC
```e|-------------------------------------5-6--|
B|---------5---5----6----6-5-8----8-------|
G|------5--------7--------------------------|
D|-5-7--------------------------------------|
```

```e|-----------------------------------10--8\10--8--|
B|---------5---5----6----6-5-8-10----------------|
G|------5--------7---------------------------------|
D|-5-7---------------------------------------------|
```


Jab Bhi Kabhi Papa Mujhe, Zor Zor Se Jhula Jhulate Hai Maa
```e|-------------0-0------------------------------------0-|
B|-3-3-1-1---------3-3-----3-3-1-1------1-3-4-3-1----|
G|--------------------------------------1----------------|
```


Meri Nazar Dhoondhe Tujhe, Sochun Yahi Tu Aake Thaamegi Maa
```e|-------------0-0--------------------------------------|
B|-3-3-1-1---------3-3-----3-3-1-1------1-3-4-3-1-1--|
G|--------------------------------------1----------------|
```

Unse Main Yeh Kehta Nahi, Par Main Seham Jaata Hoon Maa
```e|----------------------------------------------------------|
B|---------------------------------0-0-0-0-1--------------|
G|---0-0-----0-2----0-0---------------------2-2----0-0-|
D|-2-------3-------3-------------------------------3------|
```

Chehre Pe Aane Deta Nahi, Dil Hi Dil Mein Hi Ghabraata Hoon Maa
```e|----------------------------------------------------------|
B|---------------------------------0-0-0-0-1--------------|
G|---0-0-----0-2----0-0---------------------2-2----0-0-|
D|-2-------3-------3-------------------------------3------|
```

Tujhe Sab Hai Pata Hai Na Maa......', 'Shankar Mahadevan', 'Taare Zameen Par', 2007, NULL, NULL, FALSE, '2017-10-26T00:53:55.594000+00:00', '2017-10-26T02:25:25.041000+00:00');
INSERT INTO public.note_tags (id, user_id, note_id, tag_id) VALUES ('c7010273-5935-4e29-90b2-f5089b97ed44', '3917b9a9-a856-4f33-a910-6ad73f9fa25b', '8e53b840-0684-437b-8b4c-bac0661aa34f', '39d6ed04-fc5c-427e-9060-9041887f4d0e');
INSERT INTO public.note_tags (id, user_id, note_id, tag_id) VALUES ('554980b7-d56e-4794-a46c-70a91aa16082', '3917b9a9-a856-4f33-a910-6ad73f9fa25b', '8e53b840-0684-437b-8b4c-bac0661aa34f', '94f83bf8-1cd6-44f7-9e77-dc2d9928b555');
INSERT INTO public.note_tags (id, user_id, note_id, tag_id) VALUES ('86103a08-0b95-47b5-8712-dbb23be398e5', '3917b9a9-a856-4f33-a910-6ad73f9fa25b', '8e53b840-0684-437b-8b4c-bac0661aa34f', '22c9085c-724b-4679-aa10-b79b72f9b0be');
INSERT INTO public.notes (id, user_id, title, content, artist, album, release_year, metadata, "references", isPinned, created_at, updated_at) VALUES ('fdcb8fe5-6eb6-4716-8ed1-fbf39ded4dac', '3917b9a9-a856-4f33-a910-6ad73f9fa25b', 'Raghupati Raghav Raja Ram', '```e|------------------------
B|---------------------1-0-1-
G|-0-0--0-0--0------2---2-----
D|-----------3-2-3----------
```
Raghupati Raghav Raja Ram, 

```e|-----------------
B|-----------------
G|-2-3-2-0------3-2-0-
D|-------3-2-3------
```
Patit Pavan Sita Ram

```e|--------------------
B|-0--0-0--0--0-0---0-1-0-1-
G|--------------2------
```
Ishwar Allah Tero Naam, 

```e|-------------------
B|----1-3-4-3-1-------
G|-2-2--------3-2-0-
```
Sab ko Sanmti De Bhagavan', 'Mahatma Gandhi (popularized by)', 'Traditional', 2019, NULL, NULL, FALSE, '2017-12-17T07:21:41.318000+00:00', '2022-03-01T11:07:47.396000+00:00');
INSERT INTO public.note_tags (id, user_id, note_id, tag_id) VALUES ('17d5637e-f861-48f0-ad63-3143d4004ccd', '3917b9a9-a856-4f33-a910-6ad73f9fa25b', 'fdcb8fe5-6eb6-4716-8ed1-fbf39ded4dac', '22c9085c-724b-4679-aa10-b79b72f9b0be');
INSERT INTO public.note_tags (id, user_id, note_id, tag_id) VALUES ('3a7441a1-5dd5-4a9c-8988-7a3033a4d2eb', '3917b9a9-a856-4f33-a910-6ad73f9fa25b', 'fdcb8fe5-6eb6-4716-8ed1-fbf39ded4dac', '6a3e1159-3e7b-4145-b202-58429f143d25');
INSERT INTO public.note_tags (id, user_id, note_id, tag_id) VALUES ('00efd312-670c-4e56-8630-fd149c02d351', '3917b9a9-a856-4f33-a910-6ad73f9fa25b', 'fdcb8fe5-6eb6-4716-8ed1-fbf39ded4dac', 'f22d1b82-b224-4a44-a581-b5c25015af54');
INSERT INTO public.notes (id, user_id, title, content, artist, album, release_year, metadata, "references", isPinned, created_at, updated_at) VALUES ('83c800af-ca2c-43ba-9a60-524c6e9644b8', '3917b9a9-a856-4f33-a910-6ad73f9fa25b', 'Ankhon Mein Tera He Chehra', 'Maana ke tum saath nahi ho, mere dil ke paas nahi ho
```E|---5/8--7--7--7--8-----7---7h-8p7-----------7--8--10-8-----7---7h-8p7--7-----
B|-----------------------------------10----10----------------------------------
G|-----------------------------------------------------------------------------
```

Maine ye mana
```E|-----------------------------------
B|--10----10----10/12----8---8/10----
G|-----------------------------------
```

Phir bhi aas lagi he dil mein,
Tum aao gi mujhse milne
```E|-----------------------------------------------------------------------------------------
B|---8/10-10----8-----8--10----8---7h-8p7------8/10-10----8--8--8--10----8---7h-8p7--------
G|-----------------------------------------9-----------------------------------------9-----
```

Chupke chupke kah de dil me
Deewana.. mera deewana
```E|-----------------------------------------------------------------------------------------------
B|---8/10-10----8--8--8--10----8---7h-8p7------8/10----10----8------5/8--8--10-----8h10p8--8-----
G|-----------------------------------------9-----------------------------------------------------
```

Phir se aayengi wo raate,
Wo meethi meethi si baate,
```E|-----------------------------------------------------------------------------------
B|--10/12-12-10-10-10-13-12----12-12----12----12-12-10----10-10-13----12----12-12----
G|-----------------------------------------------------------------------------------
```

Karti thi... jo deewana
```E|-----------------------------7--------------
B|--12----10-10----10-----8/10----8---8/10----
G|--------------------------------------------
```

Aankhon mein tera hi chehra
Dhadkan mein teri hi yaadein
```E|-----------------------------------------------------------------------------
B|---8/10-10-8-----8--10-8---7h-8p7------8/10-10-8-----8--10-8---7h-8p7--------
G|-----------------------------------9-----------------------------------9-----
```

Karti hai, Deewana
```E|-------------------------------------- 
B|---8/10-10----8------5/8--8--10--8h10p8--8--
```', 'Aryans', 'Aankhon Mein Tera Hi Chehra', 1999, NULL, 'https://www.youtube.com/watch?v=2hOvzvLj2Ek', FALSE, '2019-07-24T02:21:00.971000+00:00', '2019-07-24T02:32:43.987000+00:00');
INSERT INTO public.note_tags (id, user_id, note_id, tag_id) VALUES ('c8f1db66-9977-432c-a592-36624b33e784', '3917b9a9-a856-4f33-a910-6ad73f9fa25b', '83c800af-ca2c-43ba-9a60-524c6e9644b8', 'ca29fa62-24fc-4ecb-808c-f795c7122529');
INSERT INTO public.note_tags (id, user_id, note_id, tag_id) VALUES ('52a813ea-80e2-42cd-ab5d-ebd7158134ea', '3917b9a9-a856-4f33-a910-6ad73f9fa25b', '83c800af-ca2c-43ba-9a60-524c6e9644b8', '94f83bf8-1cd6-44f7-9e77-dc2d9928b555');
INSERT INTO public.note_tags (id, user_id, note_id, tag_id) VALUES ('e490f37e-18e2-4c16-8fac-45dbb0053485', '3917b9a9-a856-4f33-a910-6ad73f9fa25b', '83c800af-ca2c-43ba-9a60-524c6e9644b8', '22c9085c-724b-4679-aa10-b79b72f9b0be');
INSERT INTO public.notes (id, user_id, title, content, artist, album, release_year, metadata, "references", isPinned, created_at, updated_at) VALUES ('32ffd7c2-fe67-4ef2-b0d9-f305c86ce27e', '3917b9a9-a856-4f33-a910-6ad73f9fa25b', 'KISS ME (Dairy Milk Silk Ad Song)', '```E|-----------------
B|-----------------
G|-----------4-----
D|----5--7---------
```

KISS ME, CLOSE YOUR EYES
```E|----------------------------------
B|------------------------5--6--5---
G|----5-------5-------7-------------
D|--------7-------------------------
```

MISS ME, CLOSE YOUR EYES

I CAN READ YOUR LIPS
```E|-----------------------------
B|-------------5-------5------
G|----5---7-------7-------5--
```

ON YOUR FINGERTIPS
```E|-----------------------------
B|-----------------------------
G|----5---5---7--5---7---4---
```

I CAN FEEL YOUR SMILE
```E|---------------------------
B|--------------5---8--------
G|-----5---7------------5---
```

COME ON MY LIPS
```E|-----------------------
B|---------------6-------
G|------5---7-------4---
```

HAPPINESS IN YOUR EYES
```E|---------------------------------------
B|---------------6--6---5--6---5-------
G|------------------------------------7--
D|------5---7----------------------------
```

```E|---------------
B|---------------
G|-----------4---
D|----5--7-------
```

KISS ME, CLOSE YOUR EYES
```E|----------------------------------
B|------------------------5--6--5---
G|----5-------5-------7-------------
D|--------7-------------------------
```

MISS ME, CLOSE YOUR EYES', 'Armaan Malik', 'Single', 2015, NULL, 'https://www.youtube.com/watch?v=_lXY3F4na7Q', FALSE, '2018-10-03T03:02:10.242000+00:00', '2019-04-03T13:24:13.543000+00:00');
INSERT INTO public.note_tags (id, user_id, note_id, tag_id) VALUES ('84fd82cc-7192-4f17-8c8e-cf394cc5f7d5', '3917b9a9-a856-4f33-a910-6ad73f9fa25b', '32ffd7c2-fe67-4ef2-b0d9-f305c86ce27e', '19e5627d-a2b0-4d3f-9425-eb88225bd761');
INSERT INTO public.note_tags (id, user_id, note_id, tag_id) VALUES ('28341de2-6863-466d-916e-93a3df2ffe33', '3917b9a9-a856-4f33-a910-6ad73f9fa25b', '32ffd7c2-fe67-4ef2-b0d9-f305c86ce27e', '39d6ed04-fc5c-427e-9060-9041887f4d0e');
INSERT INTO public.note_tags (id, user_id, note_id, tag_id) VALUES ('684f2820-3a82-40d7-b754-6f6b3ca5460e', '3917b9a9-a856-4f33-a910-6ad73f9fa25b', '32ffd7c2-fe67-4ef2-b0d9-f305c86ce27e', '22c9085c-724b-4679-aa10-b79b72f9b0be');
INSERT INTO public.notes (id, user_id, title, content, artist, album, release_year, metadata, "references", isPinned, created_at, updated_at) VALUES ('d59e335f-6fe4-4160-9acd-e14554f012ec', '3917b9a9-a856-4f33-a910-6ad73f9fa25b', 'Saiyaan - Kailash Kher', '(C) Heere moti main na chahoon
(F) Main to chahoon (Am) sangam tera
(G) Main to teri (F) saiyaan
Tu (C) hai mera

Sai(C)yaan (B) aaa (Am) (G)
Sai(Dm)yaan (C) aaa (F) (G)

(F) Tu jo choo le (Em) pyaar se
Aa(C)raam se mar (E) jaaon
(F) Aaja chanda (G) baahon mein
Tujh(Em)me hi gum ho (C) jaaon main
Tere (G) naam mein kho (C) jaon

Sai(C)yaan (B) aaa (Am) (G)
Sai(Dm)yaan (C) aaa (F) (G)

Mere (C) din khushi se (F) jhoome gaayein (C) raate
Pal (C) pal mujhe (F) dubaaye aate (C) jaate

Tujhe (F) jeet (G) jeet (Am) haaru
Ye (F) praan (G) praan (Am) vaaru
Haaye (F) aise (G) main ni(Am)haroon
Teri (F) aar(G)ti (Am) utaroon

Tere (C) naam se (F) jude hai
Saare (C) naatein

Sai(C)yaan (B) aaa (Am) (G)
Sai(Dm)yaan (C) aaa (F) (G)

(F) Banke maala (Em) prem ki tere
(C) Tan pe jhar jhar (E) jaaon
(F) Baithu naiya (G) preet ki
San(Em)saar se har (C) jaon main
Tere (G) pyaar se tar (C) jaaon

Sai(C)yaan (B) aaa (Am) (G)
Sai(Dm)yaan (C) aaa (F) (G)

Ye (C) naram naram na(F)sha hai, badhta (C) jaaye
Koi (C) pyaar se ghun(F)gatiya deta u(C)thaaye

Ab (F) baaw(G)ra hu(Am)a mann
Jag (F) ho ga(G)ya hai (Am) roshan
Ye (F) nayi (G) nayi su(Am)haagan
Ho ga(F)yi hai (G) teri (Am) jogan

Koi (C) prem ki pu(F)jaaran
Mandir sa(C)jaaye

Sai(C)yaan (B) aaa (Am) (G)
Sai(Dm)yaan (C) aaa (F) (G)

(C) Heere moti, main na chahoon
(F) Main to chahoon (Am) sangam tera
(G) Main to teri (F) saiyaan
Tu (C) hai mera

Main na (C) jaanu, tu hi (B) jaane
Main to (Am) teri, tu hai (G) mera
Main na (Dm) jaanu, tu hi (C) jaane
Main to (F) teri, tu hai (G) mera
Main to (F) teri, tu hai (G) mera', 'Kailash Kher', 'Jhoomo Re', 2007, 'Strumming : D DUDU
Chords used : C, F, Am, G, B', 'https://wrytin.com/gauravbhatt/saiyaan-chords-kailash-kher-jf88o9qb', FALSE, '2022-05-09T15:34:23.333000+00:00', '2022-05-09T15:36:20.134000+00:00');
INSERT INTO public.note_tags (id, user_id, note_id, tag_id) VALUES ('edf73ae4-3bbd-4965-99c8-dd78bdddf6be', '3917b9a9-a856-4f33-a910-6ad73f9fa25b', 'd59e335f-6fe4-4160-9acd-e14554f012ec', '94f83bf8-1cd6-44f7-9e77-dc2d9928b555');
INSERT INTO public.note_tags (id, user_id, note_id, tag_id) VALUES ('9e0ec52c-45fe-4412-9ea2-c4d163b61fb3', '3917b9a9-a856-4f33-a910-6ad73f9fa25b', 'd59e335f-6fe4-4160-9acd-e14554f012ec', '26bec2c9-84b7-4e97-8246-28dd469f49cd');
INSERT INTO public.notes (id, user_id, title, content, artist, album, release_year, metadata, "references", isPinned, created_at, updated_at) VALUES ('2e6f3cf9-ceb1-4071-8f51-9b9d2493fd38', '3917b9a9-a856-4f33-a910-6ad73f9fa25b', 'Mera Jahan - Gajendra Verma', 'INTRO (https://www.youtube.com/watch?v=NBFYR297ooE)
```e | - - - - - - - - - - - - - - - - - - - - - 
B | - - 8- 7- 5- - - - - 5- - - -7 - - -
G | -4 - - - - - - - - 7- - - - - - - 7- -
```

```e | - - - - - - - - - - - - - - - - - - - - - - - -
B | - - 8- 7- 5- - - - - 5- 7- 5 - - - - - - 
G | -4 - - - - - - - - 7- - - - - - - -7- 4- -
```

==========SINGLE STROKES=====================
Mera (C)jahan jo..(D)
Tera (Em)huaa
Har ek (C)khushi ne..(D)
Mujhe (Em)chhuaa

Banaa lun (C)tujhko main (D)apna (Em)rehnuma
Tera (C)rahun main (D)hamesha, yehi (Em)duaa!

Ho jahan se (C)tujhko...(D)
Ho jahan se (C)tujhko chhupa (D)lun main
Tu paas (Em)aa

==========STRUMMING STARTS==================
Mera (C)jahan jo..(D)
Tera (Em)huaa
Har ek (C)khushi ne..(D)
Mujhe (Em)chhuaa

Mmm...(C)bichhad gaya jo (D)sansar dila de
Mera (Em)yaar mila de, ik vaar mila de
(C)Doobe huve ko ab (D)paar kara de
Mera (Em)yaar mila de, ik vaar mila de

(C)Taras gaya hoon, meri (D)pyaas bujha de
Mera (Em)yaar mila de, ik vaar mila de
(C)Haar gaya hoon, mujhe (D)phir se jita de
Mera (Em)yaar mila de, ik vaar mila de

(C)..(D)...(Em)
(C)..(D)...(Em)

==========SINGLE STROKES====================
Yaad (C)hai na (D)tumhe ek (Em)din
Haath (C)humne (D)tera thaam (Em)ke
Dil se (C)tumko (D)banaya (Em)Khuda
Iss (C)Khuda ke hi (D)thaa (Em)saamne

==========STRUMMING STARTS=================
Dikhne lagin thi (C)jab teri lakeerein
Inn (D)haathon mein dheere dheere tu (Em)mera tha
Yeh saansein chaahe (C)aaye ya kho jaayein
Par (D)hamesha tumko chaahenge ye (Em)kahaa tha

Ho..jahan se (C)tujhko..(D)
Jahan se (C)tujhko chhupa (D)lun
Tu paas (Em)aa

Mera (C)jahan jo..(D)
Tera (Em)huaa
Har ek (C)khushi ne..(D)
Mujhe (Em)chhuaa

Ho...(C)bichhad gaya jo (D)sansar dila de
Mera (Em)yaar mila de, ik vaar mila de
(C)Doobe huve ko ab (D)paar kara de
Mera (Em)yaar mila de, ik vaar mila de

(C)Taras gaya hoon, meri (D)pyaas bujha de
Mera (Em)yaar mila de, ik vaar mila de
(C)Haar gaya hoon, mujhe (D)phir se jita de
Mera (Em)yaar mila de, ik vaar mila de', 'Gajendra Verma', 'Mera Jahan', 2017, 'D UUD UUD DU', 'https://tabs.ultimate-guitar.com/tab/gajendra_verma/mera_jahan_chords_2518470', FALSE, '2019-04-26T08:57:20.338000+00:00', '2019-11-23T12:36:47.569000+00:00');
INSERT INTO public.note_tags (id, user_id, note_id, tag_id) VALUES ('d64604b1-720f-405b-bab5-265ce5c692d8', '3917b9a9-a856-4f33-a910-6ad73f9fa25b', '2e6f3cf9-ceb1-4071-8f51-9b9d2493fd38', '39d6ed04-fc5c-427e-9060-9041887f4d0e');
INSERT INTO public.note_tags (id, user_id, note_id, tag_id) VALUES ('1a68bc21-0c40-408c-bf5b-89ecf254074e', '3917b9a9-a856-4f33-a910-6ad73f9fa25b', '2e6f3cf9-ceb1-4071-8f51-9b9d2493fd38', '94f83bf8-1cd6-44f7-9e77-dc2d9928b555');
INSERT INTO public.note_tags (id, user_id, note_id, tag_id) VALUES ('40117dec-a46c-4b81-9d9d-dcf1f84c933e', '3917b9a9-a856-4f33-a910-6ad73f9fa25b', '2e6f3cf9-ceb1-4071-8f51-9b9d2493fd38', '26bec2c9-84b7-4e97-8246-28dd469f49cd');
INSERT INTO public.notes (id, user_id, title, content, artist, album, release_year, metadata, "references", isPinned, created_at, updated_at) VALUES ('b23a59d3-f6c4-41d7-8942-e3c34d6f8e66', '3917b9a9-a856-4f33-a910-6ad73f9fa25b', 'Lollipop Lagelu', '```E |-------12-12-----------------
B |-12-12-12-----12-12-10-12-8-10-10s12-
```
Lagawelu Jab Lipistic,

```E |-------12-12-----------------
B |-12-12-12-----12-12-10-12-8-10-10s12-
```
Hilela Aara District

```E |---------
B |-10-10-9-10s12-12-10-9-7-
```
Jilla top lalelu..

```E |---------------
B |-10-10-9-10s12-12-10-9-7-
```
Jilla top lalelu..

```E |---------------
B |-7-7h10-10-10-
```
Kamariya 

```E |---------------
B |-7-7h10-10-10-
```
Kamariya 

```E |---------------
B |-7-7h10-10-10-10s12-12-12-10-9-7s5-
```
Kamariya kare lapa lap,

```E |---------------
B |-5-5h7-7-10-10s12-12-10-9-7-
```
Lollipop lagelu..

```E |---------------
B |-7-7h10-10-10-10s12-12-12-10-9-7s5-
```
Kamariya kare lapa lap,

```E |---------------
B |-5-5h7-10-10s12-12-10-9-7-
```
Lollipop lagelu..', 'Pawan Singh', 'Lollipop Lagelu', 2008, 'Sidharth Salathia version chords : http://www.chordzone.org/2015/10/siddharth-slathia-feat-kimberly.html', 'https://www.youtube.com/watch?v=rpf2TgjG27A', FALSE, '2017-12-19T12:46:00.542000+00:00', '2019-01-06T07:51:24.320000+00:00');
INSERT INTO public.note_tags (id, user_id, note_id, tag_id) VALUES ('e736f665-8098-41a4-9271-782ff748a3a2', '3917b9a9-a856-4f33-a910-6ad73f9fa25b', 'b23a59d3-f6c4-41d7-8942-e3c34d6f8e66', '2478154f-b5c6-43c0-86a6-9c5190154ada');
INSERT INTO public.note_tags (id, user_id, note_id, tag_id) VALUES ('27b50efe-8085-481d-baf5-28f1e3345755', '3917b9a9-a856-4f33-a910-6ad73f9fa25b', 'b23a59d3-f6c4-41d7-8942-e3c34d6f8e66', '22c9085c-724b-4679-aa10-b79b72f9b0be');
INSERT INTO public.notes (id, user_id, title, content, artist, album, release_year, metadata, "references", isPinned, created_at, updated_at) VALUES ('7f1c1e51-dcb5-47b4-a379-02f4b42fc8fe', '3917b9a9-a856-4f33-a910-6ad73f9fa25b', 'Mile Ho Tum Humko (Reprise) - Neha Kakkar | Tony Kakkar', 'Mile ho tum humko
```e | - - - - - - - - - - - - - - - - - - - - - - - - - - - - - 
B | - - - - - - - - - - - - - - - - - - - - - - - - - - - - - 
G | - - - 13-13-13-13-13-12-10- - 10-12-12-12-12-12-10- - - -
D | -10- - - - - - - - - - - - - - - - - - - - - - - - - - - - - - - - - - - - - - - -13-
```

Bade naseebon se
```e | - - - - - - - - - - - - - - - - - - - - - - - - - - - - - 
B | - - - - - - - - - - - - - - - - - - - - - - - - - - - - - 
G | - - -10-10-10-10-10- - - - - - - - - - - -- - - - -12-12-12-10-12-10-10- 
D | -13- - - - - - - -- - - - - - -13-11- -11-11-11- - - - - - - - - - - - - - - - 
```

Churaya hai maine
```e | - - - - - - - - - - - - - - - - - - - - - - - - - - - - - 
B | - - - - - - - - - - - - - - - - - - - - - - - - - - - - - - - - - - -11 
G | - - - 13-13-13-13-13-12-10- - 10-12-12-12 - - - - 12-10- - -
D | -10- - - - - - - - - - - - - -- - - - - - -  - - - - - - - - - - - - - - - - - - - -13-
```

Kismat ki lakeeron se (x2)
```e | - - - - - - - - - - - - - - - - - - - - - - - - - - - - - 
B | - - - - - - - - - - - - - - - - - - - - - - - - - - - - - 
G | - - - - 10-10-10-10-10- - - - - - - - - - - - - - - - - -12-12-12-10-12-10-10- 
D | -13- - - - - - - - - - -- - - - -  -13-11- -11-11-11- - - - - - - - - - - - - - - - 
```

Teri mohabbat se saansein mili hain
```e | - - - - - - - - - - - - - - - - - - - - - - - -
B | - - - -  - - - - -13-13-13-13-14 - - - - - -
G | -10-12-13- - - - - - - - - - - - - - - 12-12 - 
```

Sada rehna dil mein kareeb hoke
```e | - - - - - - - - - - - - - - - - - - - - - - - - - - - - - 
B | - - - - - - -14-14-14 - - - - - - - - - - - - - - - - - - - - - - -13- 
G | -12-12- - - - - - - - - - -12- - -12-12-12-10-12-13 - - - 
```

Mile ho tum humko
Bade naseebon se
Churaya hai maine
Kismat ki lakeeron se

Teri chahaton mein kitna tadpe hain
```e | - - - - - - - - - - - - - - - - - - - - - - - - - - - - - 
B | - - - 14-14-13-14-13-14- - -13-14-13-11-13 - - - - - - - - - 
G | -10- - - - - - - - - - - - - - - - - - -- - - - - - - - - - - - - - 13-12-10- 
```

Saawan bhi kitne tujh bin barse hain
```e | - - - - - - - - - - - - - - - - - - - - - - - - - - - - - 
B | - - - - - -14-14-14-14-14-14- - -13-14-13-11-13 - - - - - - - - 
G | -10-12- - - - - - - - - - - - - - - - - - - - - - - - - - - - - - - - -13-12-10- 
```

Zindagi mein meri saari jo bhi kami thi
```e | - - - - - - - - - - - - - - - - - - - - - - - - - - - - - 
B | - - - - - - - - - - - - - - - - - - - -- - - -11 - - - - - - - - 
G | -10-12-13-12-10-13-13-13 - - - - - -13-12-10-12- - 13-12-10- 
```

Tere aa jaane se ab nahi rahi
```e | - - - - - - - - - - - - - - - - - - - - - - - - - - - - - 
B | - - - - - - - - - - - - - - - - - - - - - - - - - - - - - 
G | -10-13-12-10- - --  - - - - - -12- - -12-12-10-10- 
D | - - - - - - - - - - - - 13-13-13- - - - - - - - - - - - - - - - - - - 
```

Sadaa hi rehna tum
Mere kareeb hoke
Churaya hai maine
Kismat ki lakeeron se

Mile ho tum humko
Bade naseebon se
Churaya hai maine
Kismat ki lakeeron se

Baahon mein teri ab yaara jannat hai
Maangi Khuda se tu woh mannat hai
Teri wafa ka sahara mila hai
Teri hi wajah se ab main zinda hoon

Teri mohabbat se zara ameer hoke
Churaya hai maine kismat ki lakeeron se
Mile ho tum humko bade naseebon se
Churaya hai maine kismat ki lakeeron se', 'Neha Kakkar, Tony Kakkar', 'Fever', 2016, NULL, 'https://www.youtube.com/watch?v=1L3-FIb-8RQ', FALSE, '2018-09-04T16:28:59.311000+00:00', '2018-10-24T04:06:09.849000+00:00');
INSERT INTO public.note_tags (id, user_id, note_id, tag_id) VALUES ('9ab393d4-50a9-4651-949b-3a33ffbed7ef', '3917b9a9-a856-4f33-a910-6ad73f9fa25b', '7f1c1e51-dcb5-47b4-a379-02f4b42fc8fe', '94f83bf8-1cd6-44f7-9e77-dc2d9928b555');
INSERT INTO public.note_tags (id, user_id, note_id, tag_id) VALUES ('339a8e3c-f397-4f18-a911-a68289da6484', '3917b9a9-a856-4f33-a910-6ad73f9fa25b', '7f1c1e51-dcb5-47b4-a379-02f4b42fc8fe', '22c9085c-724b-4679-aa10-b79b72f9b0be');
INSERT INTO public.notes (id, user_id, title, content, artist, album, release_year, metadata, "references", isPinned, created_at, updated_at) VALUES ('384da8c7-fe82-44e7-a11a-121ae9f0f163', '3917b9a9-a856-4f33-a910-6ad73f9fa25b', 'Uppenantha - Aarya 2', 'e----3/5---5---5---8---7---5-----------------------------5-------------------
B-5---------------------------------8---6---5---6---6---6-------8/10---8-------
e----3/5---5---5---8---7---5----5---8---8/10---10--10/12-8--------
B-5--------------------------------8---------------------------------------------10---

e----3/5---5---5---8---7---5-----------------------------------5----------------
B-5---------------------------------8---6---5---6---5---6---6------8/10---8-----

e----3/5---5---5---8---7---5-----------8--10---11---12--11--10--------------
B-5--------------------------------8---10-------------------------------------13---10----', 'KK', 'Aarya-2', 2009, NULL, NULL, FALSE, '2018-02-06T12:24:08.794000+00:00', '2019-12-13T12:47:46.372000+00:00');
INSERT INTO public.note_tags (id, user_id, note_id, tag_id) VALUES ('25e9faf1-1053-4227-8fb0-9bae6f477557', '3917b9a9-a856-4f33-a910-6ad73f9fa25b', '384da8c7-fe82-44e7-a11a-121ae9f0f163', '22c9085c-724b-4679-aa10-b79b72f9b0be');
INSERT INTO public.note_tags (id, user_id, note_id, tag_id) VALUES ('1adaa033-3a53-4343-9f0c-bb4a37f05625', '3917b9a9-a856-4f33-a910-6ad73f9fa25b', '384da8c7-fe82-44e7-a11a-121ae9f0f163', '50e1f043-40b6-42ce-8468-0952aa965c22');
INSERT INTO public.notes (id, user_id, title, content, artist, album, release_year, metadata, "references", isPinned, created_at, updated_at) VALUES ('2f2d8ad5-21f5-4ba5-b814-c6ce4c27f1e4', '3917b9a9-a856-4f33-a910-6ad73f9fa25b', 'Jai Ganesh Deva', 'Jai Ganesh, Jai Ganesh, Jai Ganesh Deva
```e | - - - - - - - - - 5 - 5 -5-5 - - - 5 -5 - 6-5-6 - 5-5 - - -
B | - 6 - 6-8-6 - - - - - - - - - - - - - - - - - - - - - - - - 8 - 
```

Mata Jaaki Parvati Pita Mahadeva
```e | - - - - - - - - - - - - - - - - - - - 5-5 - - - - - - - - - 
B | - 5-5 - 6-5 - - 8 - 8-8-6 - - - - - - 8-8 - 6-6 -
```

Jai Ganesh, Jai Ganesh, Jai Ganesh Deva
Mata Jaaki Parvati Pita Mahadeva

Ek Dant Dayavant, Chaar Bhuja Dhaari
```e | - - - 5-6 - 8 - 8-8-8- - - 7-8-7-8 - - 6-6-5 - 
B | - 6 - - - - - - - - - - - - - - - - - - - - - - - - - - 
```

Maathe Pe Sindhoor Sohe, Muse Ki Savari
```e | - - - 5-6 - 8 - 8-8-8- - - 7-8-7-8 - - 6-6-5 - 
B | - 6 - - - - - - - - - - - - - - - - - - - - - - - - - - 
```

Paan Chadhe, Phul Chadhe, Aur Chadhe Meva
```e | - - - - - - - - - 5 - 5 -5-5 - - - 5 -5 - 6-5-6 - 5-5 - - -
B | - 6 - 6-8-6 - - - - - - - - - - - - - - - - - - - - - - - - 8 - 
```

Ladduan Ka Bhog Lage, Sant Kare Seva
```e | - - - - - - - - - - - - - - - - - - - -5-5 - - - - - - - - -
B | - 5-5 - 6 - 5 - - 8 - 8-8-6 - - - - - - 8-8 - 6-6 -
```', 'Anuradha Paudwal', 'Aarti', 1993, NULL, 'https://www.youtube.com/watch?v=RQo5uqktz-Q', FALSE, '2018-09-11T14:23:39.727000+00:00', '2018-09-13T15:18:34.145000+00:00');
INSERT INTO public.note_tags (id, user_id, note_id, tag_id) VALUES ('7362a2ca-8808-4334-a916-5c5d20c8a66f', '3917b9a9-a856-4f33-a910-6ad73f9fa25b', '2f2d8ad5-21f5-4ba5-b814-c6ce4c27f1e4', '22c9085c-724b-4679-aa10-b79b72f9b0be');
INSERT INTO public.note_tags (id, user_id, note_id, tag_id) VALUES ('5cfb7e60-d04f-404d-8eb9-2cd69c7b8212', '3917b9a9-a856-4f33-a910-6ad73f9fa25b', '2f2d8ad5-21f5-4ba5-b814-c6ce4c27f1e4', '6a3e1159-3e7b-4145-b202-58429f143d25');
INSERT INTO public.notes (id, user_id, title, content, artist, album, release_year, metadata, "references", isPinned, created_at, updated_at) VALUES ('ae566859-b0cf-427a-b19b-590eec475a0d', '3917b9a9-a856-4f33-a910-6ad73f9fa25b', 'Xiaomi Mi Official Ringtone', '```E|--------8--------8-------------------10----------10---------
B|-----8--------8--------------------8-----------8--------------
G|--9--------9--------9h10----7-----------7--------7h9--
```

```E|--------8--------8---------8-----------10----------10-------10--
B|-----6--------6----------------------8-----------8-------------------
G|--5--------5---------5----------7-----------7-------------7-------
```', 'Xiaomi', 'N/A', 2023, NULL, 'https://www.youtube.com/watch?v=8mQUUHKjSwk', FALSE, '2018-12-25T07:08:14.177000+00:00', '2018-12-25T07:14:52.076000+00:00');
INSERT INTO public.note_tags (id, user_id, note_id, tag_id) VALUES ('62d8757c-6ad0-4e62-a3e5-87428d7e10ca', '3917b9a9-a856-4f33-a910-6ad73f9fa25b', 'ae566859-b0cf-427a-b19b-590eec475a0d', '19e5627d-a2b0-4d3f-9425-eb88225bd761');
INSERT INTO public.note_tags (id, user_id, note_id, tag_id) VALUES ('df3b0492-07f0-442e-9e46-b36e68a79a53', '3917b9a9-a856-4f33-a910-6ad73f9fa25b', 'ae566859-b0cf-427a-b19b-590eec475a0d', '22c9085c-724b-4679-aa10-b79b72f9b0be');
INSERT INTO public.notes (id, user_id, title, content, artist, album, release_year, metadata, "references", isPinned, created_at, updated_at) VALUES ('cdd94a5e-30dd-4c26-a6a9-67b4a8fe252c', '3917b9a9-a856-4f33-a910-6ad73f9fa25b', 'Maine Dil Se Kaha', 'Maine dil se kaha
```E|-------------------8--
B|---------------------
G|-9-7-5- - -5-7-9--------
```

Dhoond laana khushi
```E|--8/10-8-7-5- - 7-5-5---
B|------------------------
```

Nasamajh l
aya gum
```E|--4/5--5-3----------3----
B|--------------5--3--------
```

To yeh gum hi sahi
```E|-3-5------3---------------
B|-------6-------6--5-------
```

Maine dil se kaha, dhoond laana khushi

Bechaara kahan jaanta hai
```E|-7-8-10--8-7--8-5--7-8----
B|------------------------------
```

Khalish hai yeh kya khala hai
```E|--7-8-10-8-7-8--5-8-7----
B|-----------------------------
```

Shehar bhar ki khushi se
```E|-7-8-10--8-7--8-5--7-8---
B|-----------------------------
```

Yeh dard mera bhala hai
```E|--7-8-10-8-7-8--5-8-7---
B|----------------------------
```

Jashn yeh raas na aaye
```E|-7-8-10-10- - -13-12-10---8-12--
```

Mazaa to bas gham main aaya hai
```E|--7-8-10-8-7------------------
B|----------------8-10-8-6-5----
```

Maine dil se kaha, dhoond laana khushi
Nasamajh laya gum, to yeh gum hi sahi', 'KK', 'Rog', 2005, NULL, 'http://rockonguitar247.blogspot.com/2013/07/maine-dil-se-kaha-guitar-tabs-rog.html', FALSE, '2018-08-28T15:38:06.743000+00:00', '2019-04-10T10:32:34.151000+00:00');
INSERT INTO public.note_tags (id, user_id, note_id, tag_id) VALUES ('eb8c101e-e4ea-4f79-9088-6f33d43eaf38', '3917b9a9-a856-4f33-a910-6ad73f9fa25b', 'cdd94a5e-30dd-4c26-a6a9-67b4a8fe252c', '94f83bf8-1cd6-44f7-9e77-dc2d9928b555');
INSERT INTO public.note_tags (id, user_id, note_id, tag_id) VALUES ('7b63c54f-c218-4d23-b515-ffa94313c5eb', '3917b9a9-a856-4f33-a910-6ad73f9fa25b', 'cdd94a5e-30dd-4c26-a6a9-67b4a8fe252c', '22c9085c-724b-4679-aa10-b79b72f9b0be');
INSERT INTO public.notes (id, user_id, title, content, artist, album, release_year, metadata, "references", isPinned, created_at, updated_at) VALUES ('ef38d721-c3b1-4614-8426-90b8df8c3f9f', '3917b9a9-a856-4f33-a910-6ad73f9fa25b', 'Hum bewafa hargiz na the', 'Hum bewafa hargiz na the
```e|-----------------------------------
```
b|---------------------------8--6-----
g|--9-9-7----9--9-9-10------------
d|---------10------------------------

par hum wa-fa--- ka-r- na sa-ke
```e|-----------------------------------------
```
b|--6-6-10--10-10/11-10-10------10-8--
g|---------------------------------------10---------

Repeat for Humko mili ... uski saza ... hum jo khata .... kar na sake', 'Kishore Kumar', 'Shalimar', 1978, NULL, NULL, FALSE, '2018-08-16T02:28:25.627000+00:00', '2019-01-01T14:35:04.464000+00:00');
INSERT INTO public.note_tags (id, user_id, note_id, tag_id) VALUES ('ca6ba0a2-bddf-4c55-a712-3842bdbe8cb5', '3917b9a9-a856-4f33-a910-6ad73f9fa25b', 'ef38d721-c3b1-4614-8426-90b8df8c3f9f', '94f83bf8-1cd6-44f7-9e77-dc2d9928b555');
INSERT INTO public.note_tags (id, user_id, note_id, tag_id) VALUES ('37690364-66f3-4655-bceb-015339a6851f', '3917b9a9-a856-4f33-a910-6ad73f9fa25b', 'ef38d721-c3b1-4614-8426-90b8df8c3f9f', '22c9085c-724b-4679-aa10-b79b72f9b0be');
INSERT INTO public.notes (id, user_id, title, content, artist, album, release_year, metadata, "references", isPinned, created_at, updated_at) VALUES ('2b2b9c52-4141-414f-b67f-3f82fbd90f15', '3917b9a9-a856-4f33-a910-6ad73f9fa25b', 'Yaar Ni Milya', '```e | - - - - - - - - - - - - -3-0 - - - - - - - - - - - - - - - 
B | -0h1- -1-1 - - - - - - - -3- -0h1p- -0-0-0 - 
G | - - - - - - - - - - - - - - - - - - - - - - - - - - - - - -
```

```e | - - - - - - - - - - - - - - -1-1 - - 0-0-0- -
B | -0h1p - - - - - - - - - - - - - - - - - - - - 
G | - - - - - - 2-2-2- - - - - - - - - - - - - - - 
```

(C)Aje takk mainu aisa yaar nahiyo milya
(Am)Jide te yakeen karaan akhan bandh karke
(F)Bade mile ne mainu do shaklan waa(G)le…

Aje takk mainu aisa pyaar nahiyo milya
Satt mere lagge par rooh ohdi tadpe
Bade mile ne mainu akklan waale…

Labhda main hoke jhalla
Duniya te kalla kalla
Milya ni koi mainu
Saath na deve Allah
Tutt na jaave dil taiyon to rehnda darr ke

Aa jaiyo… sohneya…
Aa jaiyo… na jaiyo meherma… (x2)

Idhar vekhan, udhar vekhan
Jidhar vekhan duniya main saari

Hey…
Idhar vekhan, udhar vekhan
Jidhar vekhan duniya main saari
Pyaar di ki auqaat reh gayi
Jism vekh ke lagdi ae yaari

Koi te labho aisa Heer te Laila jaisa
Rooh di jo gall kare haan
Door hi rakhe paisa
Koi na poonje hanju
Khada, main nain bharke

Aje takk mainu aisa yaarr nahiyo milyaa
Jide te yakeen karaan akhan bandh karke
Bade mile ne mainu do shaklan waale…

Aje takk mainu aisa pyaar nahiyo milyaa
Satt mere lagge par rooh ohdi tadpe
Bade mile ne mainu akklan waale…

Main te tera, main te teri
Jo mooh te kehnde sohaan khaake

Hey…
Main te tera, main te teri
Jo mooh te kehnde sohaan khaake
Sab ton pehlan ohi jaande
Maut naal Jaani gale mila ke

Jinna vi waqt hai langa
Peeda de naal hai ranga
Kade kade taan lagda ae
Jeen ton marrna changa
Main na hun jeena Rabba
Leja ve hath fadd ke

Aje takk mainu aisa yaarr nahiyo milyaa
Jide te yakeen karaan akhan bandh karke
Bade mile ne mainu do shaklan waale…

Aje takk mainu aisa pyaar nahiyo milyaa
Satt mere lagge par rooh ohdi tadpe
Bade mile ne mainu akklan waale…', 'Harrdy Sandhu', 'Yaarr Ni Milyaa', 2017, 'Capo at 3
D UUD UUD DU  (2 times for each chord)
Chords used : C, Am, F, G', 'https://www.youtube.com/watch?v=IjUbzcjGkdw', FALSE, '2019-11-21T02:29:45.425000+00:00', '2020-12-21T12:40:53.197000+00:00');
INSERT INTO public.note_tags (id, user_id, note_id, tag_id) VALUES ('68eda5f1-68fa-486e-8a70-e65592751832', '3917b9a9-a856-4f33-a910-6ad73f9fa25b', '2b2b9c52-4141-414f-b67f-3f82fbd90f15', '39d6ed04-fc5c-427e-9060-9041887f4d0e');
INSERT INTO public.note_tags (id, user_id, note_id, tag_id) VALUES ('38f9be4f-81fa-41a3-8a18-6c28f92d2e2f', '3917b9a9-a856-4f33-a910-6ad73f9fa25b', '2b2b9c52-4141-414f-b67f-3f82fbd90f15', 'f38a575b-3040-4496-8494-78d603e260b4');
INSERT INTO public.note_tags (id, user_id, note_id, tag_id) VALUES ('854a786d-3478-4edc-9385-09275a0a4f09', '3917b9a9-a856-4f33-a910-6ad73f9fa25b', '2b2b9c52-4141-414f-b67f-3f82fbd90f15', '26bec2c9-84b7-4e97-8246-28dd469f49cd');
INSERT INTO public.notes (id, user_id, title, content, artist, album, release_year, metadata, "references", isPinned, created_at, updated_at) VALUES ('f4d214e1-ce24-4bbd-b0d7-278d2c6849a5', '3917b9a9-a856-4f33-a910-6ad73f9fa25b', 'Teri Panah mein hume rakhna', 'Te(Em)ri panah me hume rakh(D)na
Si(Em)khe hum nek raah par chalna
Te(Em)ri panah me hume rakh(D)na
Si(Em)khe hum nek raah par chalna

(C)Kapat kar Cho(D)ri bei(Em)maani
(D)aur hinsa se (C)humko ba(Em)chana
(Em)Naali (C)ka ban (Em)jaau na (Am)paani
(D)nirmal ganga (C)jal hi ba(Em)nana

Ap(Em)ni neegah me hume rakh(D)na
Te(Em)ri panah me hume rakhna
Te(Em)ri panah me hume rakh(D)na
Si(Em)khe hum nek raah par chalna

(C)Kshama van koi (D)tujhsa na(Em)hi aur
(D)mujhsa nahi ko(C)iii apra(Em)dhi
(Em)Punya ki (C)nagri (Em)me bhi (Am)maine
(Em)Punya ki (C)nagri (Em)me bhi (Am)maine
(D)Paapo ki gath(C)ri hi (Em)bandhi

Karu(Em)na ki chhau me hame rakh(D)na
Te(Em)ri panah me hume rakhna
Te(Em)ri panah me hume rakh(D)na
Si(Em)khe hum nek raah par chalna', 'Sadhana Sargam, Sarika Kapoor', 'Panaah', 1992, 'Capo at 4
Strumming don''t know - probably D DU UDU', 'http://musicguitarstation.blogspot.com/2016/07/guitar-chords-teri-panaah-mein-hume.html', FALSE, '2019-07-14T02:00:21.384000+00:00', '2019-09-18T02:24:49.944000+00:00');
INSERT INTO public.note_tags (id, user_id, note_id, tag_id) VALUES ('5382d90d-8f6b-40e1-ab61-2bb0d14b821e', '3917b9a9-a856-4f33-a910-6ad73f9fa25b', 'f4d214e1-ce24-4bbd-b0d7-278d2c6849a5', '6a3e1159-3e7b-4145-b202-58429f143d25');
INSERT INTO public.note_tags (id, user_id, note_id, tag_id) VALUES ('4b723286-78e6-49e5-b593-d039c6cfaf25', '3917b9a9-a856-4f33-a910-6ad73f9fa25b', 'f4d214e1-ce24-4bbd-b0d7-278d2c6849a5', 'f22d1b82-b224-4a44-a581-b5c25015af54');
INSERT INTO public.notes (id, user_id, title, content, artist, album, release_year, metadata, "references", isPinned, created_at, updated_at) VALUES ('33926114-6f0d-4d47-949a-5c870bc13eff', '3917b9a9-a856-4f33-a910-6ad73f9fa25b', 'Main Hoon Hero Tera', '```E |----8-8-------
B |-9-11----9-8-9/11----
```
Aankhon ke panno pe

```E |---8-8--------
B |-9-11----9-9-9/11-9-8--
```
Maine likha tha sau dafaa

```E |---8-8--------
B |-9-11----9-8-9----
```
Lafzon mein jo ishq tha

```E |---8-8--------
B |-9-11----9-9-9/11-9-8--
```
Hua naa hothon se bayaan

```E |---11-11-9-8------
B |-9-9----------
```
Khud se naraaz hoon

```E |---11-11-9-8-----
B |-9-9----------
```
Kyun be-aawaaz hoon

```E |----9-9-8-9/11-8-6-6--
B |------------
G |-10-10---------
```
Meri khamoshiyan hain sazaa

```E |---11-11-9-8-----
B |-9-9----------
```
Dil hai yeh sochta

```E |---11-11-9-8-----
B |-9-9----------
```
Phir bhi nahi pataa

```E |-8-8-8-8-8-11-8-6----
```
Kis haq se kahun bataa

```E |------------------
B |-9-9-11-9-----9-----9----
G |------10-----10-------
```
Ke Main Hoon Hero Tera

```E |------------------
B |-9-9-11-9-----9-----9----
G |------10------10------
D |------------------
```
Ke Main Hoon Hero Tera

```E |-------------------
B |-9-9-11-9-----9-----9-11/13/11--
G |------10-----10-------
```
Ke Main Hoon Hero Tera

```E |----------------------
B |-9-9-11-9-----9-----9--
G |-------10-----10----------
D |----------------------
```
Ke Main Hoon Hero Tera', 'Salman Khan', 'Hero', 2015, NULL, NULL, FALSE, '2018-01-14T11:11:32.574000+00:00', '2018-01-14T11:26:08.354000+00:00');
INSERT INTO public.note_tags (id, user_id, note_id, tag_id) VALUES ('00afc2ea-97b0-4f0e-9632-828e63f906c7', '3917b9a9-a856-4f33-a910-6ad73f9fa25b', '33926114-6f0d-4d47-949a-5c870bc13eff', '94f83bf8-1cd6-44f7-9e77-dc2d9928b555');
INSERT INTO public.note_tags (id, user_id, note_id, tag_id) VALUES ('8cc24167-cd7a-418d-8f9d-5e1eee868243', '3917b9a9-a856-4f33-a910-6ad73f9fa25b', '33926114-6f0d-4d47-949a-5c870bc13eff', '22c9085c-724b-4679-aa10-b79b72f9b0be');
INSERT INTO public.notes (id, user_id, title, content, artist, album, release_year, metadata, "references", isPinned, created_at, updated_at) VALUES ('0427c2d5-9eba-418e-8de3-d684985d6547', '3917b9a9-a856-4f33-a910-6ad73f9fa25b', 'Tera Mera Pyar (Kumar Sanu)', 'Capo - 4th fret', 'Kumar Sanu', 'Tera Mera Pyar', 2004, 'd d udud du', 'https://aditsguitarlessons.com/tera-mera-pyar-kumar-sanu/
https://www.youtube.com/watch?v=mq4Yw1J_gcE', FALSE, '2019-02-18T02:52:15.203000+00:00', '2019-02-24T02:24:30.413000+00:00');
INSERT INTO public.note_tags (id, user_id, note_id, tag_id) VALUES ('743fb7e4-6913-4a43-b015-42e5c5dd487c', '3917b9a9-a856-4f33-a910-6ad73f9fa25b', '0427c2d5-9eba-418e-8de3-d684985d6547', 'ca29fa62-24fc-4ecb-808c-f795c7122529');
INSERT INTO public.note_tags (id, user_id, note_id, tag_id) VALUES ('c06aa506-f135-47f4-b4f2-63697f15b643', '3917b9a9-a856-4f33-a910-6ad73f9fa25b', '0427c2d5-9eba-418e-8de3-d684985d6547', '39d6ed04-fc5c-427e-9060-9041887f4d0e');
INSERT INTO public.note_tags (id, user_id, note_id, tag_id) VALUES ('14268b55-7bdd-4519-9268-ce6f3cb39fbc', '3917b9a9-a856-4f33-a910-6ad73f9fa25b', '0427c2d5-9eba-418e-8de3-d684985d6547', '94f83bf8-1cd6-44f7-9e77-dc2d9928b555');
INSERT INTO public.note_tags (id, user_id, note_id, tag_id) VALUES ('ba4b345e-ded4-4095-af4c-189102bb5d24', '3917b9a9-a856-4f33-a910-6ad73f9fa25b', '0427c2d5-9eba-418e-8de3-d684985d6547', '26bec2c9-84b7-4e97-8246-28dd469f49cd');
INSERT INTO public.notes (id, user_id, title, content, artist, album, release_year, metadata, "references", isPinned, created_at, updated_at) VALUES ('9ef50b78-347d-4767-bff6-b1f6b3334be6', '3917b9a9-a856-4f33-a910-6ad73f9fa25b', 'Po nee po', 'Intro Music
```e | - - - - - - - - - - - - - - - - - - -  - - - - - -
B | - - - - - - - - - - - - - - - - - - - - - - - - -
```
G--5-4-5----5-4-5----2-5-4----2-4-0---

Thaniyaaga      thavikinren
e--10--9-10----10--9---10

Thunaivendam     anbe    po
e--7---10----9-----7---9---5

pinamaaga       nadakinren
e--10--9-10----10--9---10

uyir vendam       dhooram  po
e--7---10----9-----7---9-----5

ne    thotta    idamellam    erikirathu      anbe    po
e--7-7-12---10-9-10----8---7---8-----5---8---7

naan  poogum   nimidangal   unakaagum   anbe    po
e--7---7--12----10-9-10----8---7---8-----5---8---7

ithu vendam   anbe    po
e-8-8--7-8----5-8---7

nijam thedum anbe po
e-8-8--7-8---5-8---6

Uyirodu    vilaayada   vidhi   seithaaidhaan  anbe     po
e-8-8-7-8-5-8---7----8-8----7-8--------5-8---6

Po oooooooo   ooooo     oooooo
e--3---5S6---5----5S7-6---8S9---8         [ S - Slide ]

Po oooooooo   ooooo     ooooooo
e--3---5S6---5----5S7-6---6---3--5

Thaniyaaga      thavikinren......', 'Mohit Chauhan, Anirudh Ravichander', '3', 2012, NULL, NULL, FALSE, '2017-11-08T17:35:23.859000+00:00', '2017-11-08T18:22:03.703000+00:00');
INSERT INTO public.note_tags (id, user_id, note_id, tag_id) VALUES ('f0affd0b-ad4f-467a-a62f-a5d569704b85', '3917b9a9-a856-4f33-a910-6ad73f9fa25b', '9ef50b78-347d-4767-bff6-b1f6b3334be6', '39d6ed04-fc5c-427e-9060-9041887f4d0e');
INSERT INTO public.note_tags (id, user_id, note_id, tag_id) VALUES ('efd8eea9-2c97-4d26-8616-e1ba466737d9', '3917b9a9-a856-4f33-a910-6ad73f9fa25b', '9ef50b78-347d-4767-bff6-b1f6b3334be6', '74d4c762-17cd-4377-b23a-52bf90f64c92');
INSERT INTO public.note_tags (id, user_id, note_id, tag_id) VALUES ('0abad076-ce47-4fb0-b32d-4408a4c2004d', '3917b9a9-a856-4f33-a910-6ad73f9fa25b', '9ef50b78-347d-4767-bff6-b1f6b3334be6', '484fde0b-53ea-4d62-82d9-dff38182c04c');
INSERT INTO public.note_tags (id, user_id, note_id, tag_id) VALUES ('e9aa6ba9-802e-4014-93d4-af95a1b5a2b7', '3917b9a9-a856-4f33-a910-6ad73f9fa25b', '9ef50b78-347d-4767-bff6-b1f6b3334be6', '22c9085c-724b-4679-aa10-b79b72f9b0be');
INSERT INTO public.notes (id, user_id, title, content, artist, album, release_year, metadata, "references", isPinned, created_at, updated_at) VALUES ('341769c6-a3cc-4ec1-b95d-271b44a538c6', '3917b9a9-a856-4f33-a910-6ad73f9fa25b', 'Tere Mere Milan Ki', '', 'Lata Mangeshkar, S. P. Balasubrahmanyam', 'Abhimaan', 1973, 'Ddd DUDU
Chords used : A, D, E, G', 'https://tabs.ultimate-guitar.com/tab/lata_mangeshkar/tere_mere_milan_ki_chords_1995647', FALSE, '2019-05-18T08:22:13.213000+00:00', '2019-05-18T08:22:52.324000+00:00');
INSERT INTO public.note_tags (id, user_id, note_id, tag_id) VALUES ('1b6b935d-207c-496a-bda7-6e14c6fffd5c', '3917b9a9-a856-4f33-a910-6ad73f9fa25b', '341769c6-a3cc-4ec1-b95d-271b44a538c6', 'ca29fa62-24fc-4ecb-808c-f795c7122529');
INSERT INTO public.note_tags (id, user_id, note_id, tag_id) VALUES ('9e4d6d43-ddd4-4cc5-9156-0ef3b4ef919d', '3917b9a9-a856-4f33-a910-6ad73f9fa25b', '341769c6-a3cc-4ec1-b95d-271b44a538c6', '26bec2c9-84b7-4e97-8246-28dd469f49cd');
INSERT INTO public.note_tags (id, user_id, note_id, tag_id) VALUES ('8621fcb2-820e-4765-b97c-b43f3c4629f0', '3917b9a9-a856-4f33-a910-6ad73f9fa25b', '341769c6-a3cc-4ec1-b95d-271b44a538c6', 'f22d1b82-b224-4a44-a581-b5c25015af54');
INSERT INTO public.notes (id, user_id, title, content, artist, album, release_year, metadata, "references", isPinned, created_at, updated_at) VALUES ('8095cf9c-0fc7-4e81-a7ec-677953c62a3e', '3917b9a9-a856-4f33-a910-6ad73f9fa25b', 'Shayad - Love Aaj Kal', '===========FINGERSTYLE===============
[C]Shayad kabhi na [D]keh sakun me [G]tum ko
[Am]Kahe bina [D]samajhlo tum [Em]shayad
[C]Shayad mere [D]khayal me tum [G]ikk din
[Am]Milo mujhe [D]kahi pe ghum [Em]shayad

===========STRUMMING===============
Jo tum na [G]ho… rahengey [C]hum nahi
Jo tum na [Em]ho… rahenge [D]hum nahi
Na chaahiye [Bm]kuch tum se [C]jaada tumse [Em]kam nahi

Jo tum na [Em]ho.. to hum bhi [D]hum nhi
Jo tum na [C]ho… to hum bhi [D]hum nhi
Na chaahiye [Bm]kuch tum se [C]jaada tumse [Em]kam nahi

```e | - - - - - - - - - - - - - - - - - - - - - - - - - - - - - - - - - - - - - - - - - 
B | - - - - - - - - - - - - - - - - - - - - - - - - - - - - - - - - - - - - - - - - -
G | - - - 8- 10p8- - - - - 8- 10p8- - - - - 8- 10p8- - - - - - - - -
D | -10 - - - - - - - - -10 - - - - - - - - -10 - - - - - - - - -10-6-8 - 
```

```e | - - - - - - - - - - - - - - - - - - - - - - - - - - - - - - - - - - - - - -
B | - - - - - - - - - - - - - - - - - - - - - - - - - - - - - - - - - - - - - -
G | - - - 8 -10p8 - - - - -8- - - - - - - - - - - - - - - - -8-6 - 
D | -10 - - - - - - - - - 10 - - -10\8 -6-8 - - 6-8-6 - - - - -
```

===========FINGERSTYLE===============
[Bm]Aankhon ko khwaab dena
[C]Khud he sawal krke
[G]Khud he jawab dena [D]teri taraf se
[Bm]Bin kaam-kaam krna
[C]Jaana kahi ho chahe
[G]Har baar he guzrna [D]teri taraf se

===========STRUMMING===============
Yeh koshi[G]shein to hongi [C]kam nahi
Yeh koshi[Em]shein to hongi [D]kam nahi
Na chahiye [Bm]kuch tum se [C]zyaada tumse kam [Em]nahi

Jo tum na [Em]ho.. toh hum bhi [D]hum nahin
Jo tum na [C]ho… toh hum bhi [D]hum nahin
Na chahiye [Bm]kuch tum se [C]zyaada tum se [Em]kam nahin', 'Arijit Singh', 'Love Aaj Kal', 2020, 'Capo on 1
Strum : D D UUD DU
Chords used : C, D, G, Am, Em, Bm', 'https://www.youtube.com/watch?v=d2u_TKR7btc', FALSE, '2020-02-23T14:40:57.474000+00:00', '2020-03-07T03:01:42.663000+00:00');
INSERT INTO public.note_tags (id, user_id, note_id, tag_id) VALUES ('4d77f27f-23b5-44d3-8648-5ed4a13f3101', '3917b9a9-a856-4f33-a910-6ad73f9fa25b', '8095cf9c-0fc7-4e81-a7ec-677953c62a3e', '94f83bf8-1cd6-44f7-9e77-dc2d9928b555');
INSERT INTO public.note_tags (id, user_id, note_id, tag_id) VALUES ('a763cff1-64c6-4fb6-8679-8737232b728d', '3917b9a9-a856-4f33-a910-6ad73f9fa25b', '8095cf9c-0fc7-4e81-a7ec-677953c62a3e', '26bec2c9-84b7-4e97-8246-28dd469f49cd');
INSERT INTO public.notes (id, user_id, title, content, artist, album, release_year, metadata, "references", isPinned, created_at, updated_at) VALUES ('c9772224-52b5-42b2-b1a8-4b14faab810b', '3917b9a9-a856-4f33-a910-6ad73f9fa25b', 'Sun Raha Hai Na Tu', 'mujko iraade de
8-7-5-5-5-5

kasme de vade de

8-7-5-5-5-5

meri duao ke isharon

7-3-5-5-7-7-10

ko shahare de

10-7-7-5-5-3-1

apne karam ki kar adaayein

8-7-3-5-8-7-3-5-10

karde idhar bhi to nigaahein

8-7-3-5-8-7-3-5-10

sun raha haina tu

5-7-8-7-5---5

ro rahan hu me

5-7-3-5-5-7-7-7', 'Ankit Tiwari', 'Aashiqui 2', 2013, NULL, NULL, FALSE, '2017-10-06T03:06:51.308000+00:00', '2017-10-06T03:07:20.665000+00:00');
INSERT INTO public.note_tags (id, user_id, note_id, tag_id) VALUES ('e80bd253-8df5-4f38-bcd8-5018be64cc13', '3917b9a9-a856-4f33-a910-6ad73f9fa25b', 'c9772224-52b5-42b2-b1a8-4b14faab810b', '94f83bf8-1cd6-44f7-9e77-dc2d9928b555');
INSERT INTO public.note_tags (id, user_id, note_id, tag_id) VALUES ('093ab501-0ab3-4146-9d94-e51d5db0724a', '3917b9a9-a856-4f33-a910-6ad73f9fa25b', 'c9772224-52b5-42b2-b1a8-4b14faab810b', '484fde0b-53ea-4d62-82d9-dff38182c04c');
INSERT INTO public.note_tags (id, user_id, note_id, tag_id) VALUES ('f31b0210-e1be-462f-9025-8b1aadb51006', '3917b9a9-a856-4f33-a910-6ad73f9fa25b', 'c9772224-52b5-42b2-b1a8-4b14faab810b', '22c9085c-724b-4679-aa10-b79b72f9b0be');
INSERT INTO public.notes (id, user_id, title, content, artist, album, release_year, metadata, "references", isPinned, created_at, updated_at) VALUES ('72560148-98e8-4710-a52d-4a2eb3a66ae4', '3917b9a9-a856-4f33-a910-6ad73f9fa25b', 'Kangal Irandal', 'Kangal Irandal Un Kangal Irandal
B--------------------------8--------------------------------8---- B
G------7--10---9-10------10-9----7--10---9-10------ G
Ennai Katti Izhuthai Izhuthai Podhadhena
E------------------------------------------8-7--------------------- E
B--------------------------------------8------------8---10-8--------- B
G------10-9----7--10---9-10------------------------------10--9--- G

Chinna Sirippil Oru Kalla Sirippil
B---------------------------8-------------------------------8---- B
G------7--10---9-10------10-9----7--10---9-10------ G

Ennai Thalli Vittu Thalli Vittu Moodi Maraithai
E----------------------------------------8-7--------------------- E
B-------------------------------------8------------8---10-8--------- B
G------10-9----7--10---9-10------------------------------10--9--- G

Pesa Enni Sila Nal Arugil Varuven
E---10---10-10---10--10--12---8-------8-7--------------- E
B--------------------------------------------------------8------8-10---- B
G------------------------------------------------------------9-------- G

Pinbu Parvai Podhum Enanal Ninaippen Naguzhvene Matri
E----------8---8/10---10-10---10--10--12-8----8-7---------------------------- E
B------10---------------------------------------------------------8-----8-10----8----------- B
G-----------------------------------------------------------------------9---------------10--9--- G

Kangal Ezhudhum Iru Kangal Ezhudhum
Oru Vanna Kavidhai Kadhal Dana
Oru Varthai Illaye Idhil Osai illaye
Idhai Irulilum Padithida Mudigiradhe

Iravum Alladha Pagalum Alladha
B--------8-8-10--8-10-108---------8-10--------8-8-10---- B
G-------9-9--------------------10----------------------- G

Pozhudhugal Unnodu Kazhiyuma
E------------8--8------8-8-8----------10-8--12-10--- E
B-------8-8---------------8------------------------- B

Thodavum Koodatha Padavum Koodatha
B---------8--10--------8--8-10-----------8-10--------8--8--10--- B
G------10-----------------------------10------------------------ G

Idaiveli Appodhu Kuraiyuma
E-----------8-8--------8-87-------------8--8-10---- E
B-------88-----------------8-8--------8------------ B

Madiyinil Sainthida Thudikkudhe
E------10-13-12-13-----15--13-12------10-10-10-13121310-E

Marupuram Nanamum Thadukkudhe
E------10-10-1312-13---15-13-12------10--10-10-1312--1310-E

Idhu Varai Ya..ridamum Solladha Kadhai
E------1010--13-1213----151215-13-12-10-----8--87------------- E
B------------------------------------------------8-8---------- B
G-----------------------------------------------------10-9---- G', 'Belly Raj, Deepa Miriam', 'Subramaniapuram', 2008, NULL, NULL, FALSE, '2018-01-09T15:06:02.264000+00:00', '2019-01-03T15:44:50.515000+00:00');
INSERT INTO public.note_tags (id, user_id, note_id, tag_id) VALUES ('cbaa7d64-13eb-40be-8ce3-6ff7da6a8880', '3917b9a9-a856-4f33-a910-6ad73f9fa25b', '72560148-98e8-4710-a52d-4a2eb3a66ae4', '74d4c762-17cd-4377-b23a-52bf90f64c92');
INSERT INTO public.note_tags (id, user_id, note_id, tag_id) VALUES ('20e9303a-6d33-44b9-974d-dceaae5401dc', '3917b9a9-a856-4f33-a910-6ad73f9fa25b', '72560148-98e8-4710-a52d-4a2eb3a66ae4', '22c9085c-724b-4679-aa10-b79b72f9b0be');
INSERT INTO public.notes (id, user_id, title, content, artist, album, release_year, metadata, "references", isPinned, created_at, updated_at) VALUES ('1e1dc29d-0b79-4c42-8864-9c39c70f05c8', '3917b9a9-a856-4f33-a910-6ad73f9fa25b', 'Hum Thay Seedhe Saadhe', 'Intro (after capo)
```e | - - - - - - - - - - - - - - - - - - - - - - - - - - - - - 
B | - - - - - - - - - - - - - - - - - - - - - - - - - - - - - 
G | - - - -  - 2 - -2- - - - - - - - - - - - - - - - - - - - - - 
D | - - - - -  2- - 2- - - - - - - - - - - - - - - - - - - - - - 
A | - - - - - -0 - -0 - - - 2-0-2-0 - - - - - - - - - - - - - - - - 
E | - 0- 3- - - - - - - - - - - - - - - - - - - - - - - - - - - 
```

===== D U Chuck D =====
G - E -

```e | - 3-2-0 - - - - - - - - - - - - - - - - - - - - - - - - - - 
B | - - - - - - 3-2-3-0- - - - - - - - - - - - - - - - - - - -
```


Hum thay seedhe (A)saadhe ma(D)gar
Aankhon se ma(G)jaal huyi (A)hai
Raaton main yeh (A)chori ka(D)re
Din main kot(G)vaat huyi (A)hai

Hum thay seedhe (A)saadhe ma(D)gar
Aankhon se ma(G)jaal huyi (A)hai

---- Play INTRO Part ----

=====D D DU UD=========
Aise tu mi(A)li hai jaise
Shaam ko ha(A)wa
Tu hi raas(G)te ki thokar
Aur tu hi (A)dawa

Aise tu mi(A)li hai jaise
Shaam ko ha(A)wa
Tu hi raas(G)te ki thokar
Aur tu hi (A)dawa

Besumaar (A)hai..(G)..
Tu khumar (A)hai tu khumar (A)hai

Khali ghoom(A)ti thi na(D)zar
Tujhpe ab ba(G)haar huyi (A)hai

Hum thay seedhe (A)saadhe ma(D)gar
Aankhon se ma(G)jaal huyi (A)hai
huyi (A)hai

Ab kahan ya(A)han se jaana
Bas tujhe pa(A)ta
Har chhupa hua(G) khazana
Bas tujhe pa(A)ta

Raat main ghu(A)la ujala
Bas tujhe p(A)ata
Humne kaise (G)dil sambhala
Bas tujhe pa(A)ta

Hum nihaal (A)hai..(G)..
Tu kamaal (A)hai tu kamaal (A)hai

Jo qaraar (A)sa ho zehan (D)main
Tu wohi kha(G)yal huyi (A)hai

Hum thay seedhe (A)saadhe ma(D)gar
Aankhon se ma(G)jaal huyi (A)hai
huyi (A)hai', 'Kailash Kher, Shreya Ghoshal', 'Badhaai Ho', 2018, 'Capo : 4
Strum : D D DU UD', 'https://www.youtube.com/watch?v=9rWcOCTtqbc', FALSE, '2023-04-19T15:19:07.495000+00:00', '2023-05-01T14:02:17.792000+00:00');
INSERT INTO public.note_tags (id, user_id, note_id, tag_id) VALUES ('e1dc96c6-31ed-473b-a899-354909786dbc', '3917b9a9-a856-4f33-a910-6ad73f9fa25b', '1e1dc29d-0b79-4c42-8864-9c39c70f05c8', '39d6ed04-fc5c-427e-9060-9041887f4d0e');
INSERT INTO public.note_tags (id, user_id, note_id, tag_id) VALUES ('307e659e-cb8a-4b20-9d4c-2cd1e958f27e', '3917b9a9-a856-4f33-a910-6ad73f9fa25b', '1e1dc29d-0b79-4c42-8864-9c39c70f05c8', '94f83bf8-1cd6-44f7-9e77-dc2d9928b555');
INSERT INTO public.note_tags (id, user_id, note_id, tag_id) VALUES ('65402b15-fffd-4a49-acbc-310678b80812', '3917b9a9-a856-4f33-a910-6ad73f9fa25b', '1e1dc29d-0b79-4c42-8864-9c39c70f05c8', '26bec2c9-84b7-4e97-8246-28dd469f49cd');
INSERT INTO public.note_tags (id, user_id, note_id, tag_id) VALUES ('a3487af8-cf74-4b37-bb0e-dffb1583d88c', '3917b9a9-a856-4f33-a910-6ad73f9fa25b', '1e1dc29d-0b79-4c42-8864-9c39c70f05c8', '8d4fc519-7375-432c-8b6a-6cf000e9f287');
INSERT INTO public.notes (id, user_id, title, content, artist, album, release_year, metadata, "references", isPinned, created_at, updated_at) VALUES ('9318e2c3-625b-437c-8597-8520a8a79f0f', '3917b9a9-a856-4f33-a910-6ad73f9fa25b', 'Iss qadar pyar hai - Ankit Tiwari', 'Intro : E.....A.....D.....E

(E) Iss qadar pyar hai tumse (D) aye (E) humsafar
(E) Chandani naram si raat (D) ke honth (E) par

(E) Teri nadaaniyan
(E) Teri gustakhiyan
Mili toh (D) yun judi
Ke (C) bheegi (E)raat bhar (E)
(E) Iss qadar pyar hai tumse (D) aye (E) humsafar

Hoooooo....
E.....E.....D......E

=========SINGLE STRUM========
(E) Dil mein hai (D) betabiyan
(C) Neend udne lagi

=========STRUMMING (D dD DUD)========
(E) Tere khayaalon se (A) hi
Aankh (C) judne lagi(E)

(E) Ab toh ye baahein
(D) Jhukti nigahein
(C)Bas inhi ki (E) fikar

(E) Teri angdaaiyan
(E) Meri khamoshiyan
Mili toh (D)yun judi
Ke (C) bheege raat (E) bhar
(E) Iss kadar pyar hai tumse (D) aye (E) humsafar

(E) Meri thi jo (D) khaamiyan
(C) Tujhse poori (E) hui
(E) Baaqi huve (D) bewajah
(C) Tu zaroori (E) hui

(E) Ab ye fasaana
(D) Meri jaan-e-jaana
(C) Bas chalta rahe umr(E)bhar

(E) Teri madhoshiyan
(E) Meri tanhaaiyan
Mili toh (D)yun judi
Ke (C) bheege raat (E) bhar …', 'Ankit Tiwari', 'Bhaag Johnny', 2015, 'Capo at 1
Strumming : D dD DUD
Chords used : E, D, C', 'https://www.youtube.com/watch?v=nq3-SzyXuT0
https://tabs.ultimate-guitar.com/tab/misc-soundtrack/bhaag-johnny-iss-qadar-chords-3041721', FALSE, '2022-04-19T05:19:57.813000+00:00', '2022-05-09T15:20:01.039000+00:00');
INSERT INTO public.note_tags (id, user_id, note_id, tag_id) VALUES ('efec35a5-dd6c-4e61-ac59-ccd3237c2bda', '3917b9a9-a856-4f33-a910-6ad73f9fa25b', '9318e2c3-625b-437c-8597-8520a8a79f0f', '94f83bf8-1cd6-44f7-9e77-dc2d9928b555');
INSERT INTO public.note_tags (id, user_id, note_id, tag_id) VALUES ('5bf769d1-5782-469b-a781-91884ce86eda', '3917b9a9-a856-4f33-a910-6ad73f9fa25b', '9318e2c3-625b-437c-8597-8520a8a79f0f', '26bec2c9-84b7-4e97-8246-28dd469f49cd');
INSERT INTO public.notes (id, user_id, title, content, artist, album, release_year, metadata, "references", isPinned, created_at, updated_at) VALUES ('7613710d-10c2-4771-b61d-f04e04aff67e', '3917b9a9-a856-4f33-a910-6ad73f9fa25b', 'Fur Elise (Beethoven)', '```e | -0- - - -0- - - -0- - - - - - - - - - - - -
B | - - -4- - - -4- - - -0- - - -3- -1- - - - 
G | - - - - - - - - - - - - - - - - - - - - -2- -
```

```e | - - - - - - - - - - - - - - - - - - - - - -
B | - - - - - - -0- - - - - - - - -0- -1- - 
G | - - - - -2- - - - - - - - -1- - - - - - 
D | - - -2- - - - - - - -2- - - - - - - - - 
A | -3- - - - - - - - - - - - - - - - - - - -
```

```e | -0- - - -0- - - -0- - - - - - - - - - - - -
B | - - -4- - - -4- - - -0- - - -3- -1- - - - 
G | - - - - - - - - - - - - - - - - - - - - -2- -
```

```e | - - - - - - - - - - - - - - - - - - - - - -
B | - - - - - - -0- - - - - - -1- -0- - - - 
G | - - - - -2- - - - - - - - - - - - - -2- 
D | - - -2- - - - - - - -0- - - - - - - - - 
A | -3- - - - - - - - - - - - - - - - - - - -
```

```e | - - - - - - - - 0 - - - - -  -1- -0- - - 
B | -0- -1- -3- - - - - - - - - -  - - -3- -
G | - - - - - - - - - - - - -0- - - - - - - -
```

```e | - - - -0- - - - - - - - - - - - - - - - - - 
B | - - - - - -3- -1- - - - - - -3- -1- -0- 
G | - - - - - - - - - - - - - - - - - - - - - - 
D | - 3 - - - - - - - - - - -2- - - - - - - - 
```

```e | - - - - - - -0- - - - - 0 - -0- -12- -
B | - - - - - - - - - - - - - - - - - - - - - 
G | - - - - - - - - - - - - - - - - - - - - -
D | -2- -2- - - - - 2 - - - - - - - - - - -
```

```e | -0- - -0- - -0- - -0- - -0- - -0- - -0- - -
B | - -4- - - 4 - - -4- - -4- - -4- - -4- - -0-
```

```e | - - - - - - - - 
B | -3- -1- - - - 
G | - - - - -2- -
```

```e | - - - - - - - - - - - - - - - - - - - - - -
B | - - - - - - -0- - - - - - - - -0- -1- - 
G | - - - - -2- - - - - - - - -1- - - - - - 
D | - - -2- - - - - - - -2- - - - - - - - - 
A | -3- - - - - - - - - - - - - - - - - - - -
```

```e | -0- - - -0- - - -0- - - - - - - - - - - - -
B | - - -4- - - -4- - - -0- - - -3- -1- - - - 
G | - - - - - - - - - - - - - - - - - - - - -2- -
```

```e | - - - - - - - - - - - - - - - - - - - - - -
B | - - - - - - -0- - - - - - -1- -0- - - - 
G | - - - - -2- - - - - - - - - - - - - -2h- 
D | - - -2- - - - - - - -0- - - - - - - - - 
A | -3- - - - - - - - - - - - - - - - - - - -
```', 'Ludwig van Beethoven', 'Classical Masterpieces', 1810, NULL, 'https://www.youtube.com/watch?v=vav0zFv4FHY', FALSE, '2018-01-23T14:11:10.462000+00:00', '2018-01-24T02:43:20.661000+00:00');
INSERT INTO public.note_tags (id, user_id, note_id, tag_id) VALUES ('0d40471e-9056-4480-88a4-3c73ccc418d4', '3917b9a9-a856-4f33-a910-6ad73f9fa25b', '7613710d-10c2-4771-b61d-f04e04aff67e', '22c9085c-724b-4679-aa10-b79b72f9b0be');
INSERT INTO public.note_tags (id, user_id, note_id, tag_id) VALUES ('25eab434-eea0-46e3-a779-7f3d7d65eee6', '3917b9a9-a856-4f33-a910-6ad73f9fa25b', '7613710d-10c2-4771-b61d-f04e04aff67e', 'eebbc269-be1f-43e9-a641-4b2e91a39ff4');
INSERT INTO public.notes (id, user_id, title, content, artist, album, release_year, metadata, "references", isPinned, created_at, updated_at) VALUES ('e0ae6087-9d90-4157-877a-40a9bd6c1bca', '3917b9a9-a856-4f33-a910-6ad73f9fa25b', 'Coffin Dance MEME Song (Astronomia)', '```E|---------------------------------------------------------------------------------------------------------
B|----------------------------------------6-6-6-6-8-8-8-8-8-8-8-8-8-8-8-8------------------
G|--------------7-7-7-7-5-5-5-5-----------------------------------------------------5-------------
D|--8-8-8-8---------------------------------------------------------------------------------8-7------
A|-----------------------------------------------------------------------------------------------------8--
```

```E|-------------------------------------------------------6--5--6--5--6----------6--5--6--5--6--
B|-------------------------------------------------------------------------------------------------------
G|----------7-5-------------------5--------------------------------------------------------------------
D|--5---5----------8-7-7----7----8---7-5-5--5----------------------5--5----------------------
```

```E|-------------------------------------------------------6--5--6--5--6----------6--5--6--5--6--
B|-------------------------------------------------------------------------------------------------------
G|----------7-5-------------------5--------------------------------------------------------------------
D|--5---5----------8-7-7----7----8---7-5-5--5----------------------5--5----------------------
```

```E|----------10-8-------------------------8----------------------------6-5-6-5-6--------6-5-6-5-6--
B|--8---8----------11-10-10----10----11----10-8--8-----8-----------------8-8-----------------
```

```E|----------------------------------------------------------------------------------------------------------
B|----------------------------------------6-6-6-6-8-8-8-8-8-8-8-8-8-8-8-8------------------
G|--------------7-7-7-7-5-5-5-5-----------------------------------------------------5-------------
D|--8-8-8-8---------------------------------------------------------------------------------8-7------
A|-----------------------------------------------------------------------------------------------------8--
```', 'Vicetone & Tony Igy', 'Astronomia', 2014, NULL, 'https://www.youtube.com/watch?v=zDiWEHctxms', FALSE, '2020-04-27T01:08:13.809000+00:00', '2020-04-27T01:51:54.352000+00:00');
INSERT INTO public.note_tags (id, user_id, note_id, tag_id) VALUES ('93076f26-5754-443b-86de-c5fce1e27ad2', '3917b9a9-a856-4f33-a910-6ad73f9fa25b', 'e0ae6087-9d90-4157-877a-40a9bd6c1bca', '19e5627d-a2b0-4d3f-9425-eb88225bd761');
INSERT INTO public.note_tags (id, user_id, note_id, tag_id) VALUES ('a382bc76-dd38-4d27-bca3-2dd88b131383', '3917b9a9-a856-4f33-a910-6ad73f9fa25b', 'e0ae6087-9d90-4157-877a-40a9bd6c1bca', '22c9085c-724b-4679-aa10-b79b72f9b0be');
INSERT INTO public.notes (id, user_id, title, content, artist, album, release_year, metadata, "references", isPinned, created_at, updated_at) VALUES ('065c6f31-de60-4c9b-8f68-24b97a2ff586', '3917b9a9-a856-4f33-a910-6ad73f9fa25b', 'Zehanaseeb', '(D)     Zehna(D)seeb, Zehana(G)seeb
Tujhe (Am)chaahun beta(C)hasha zehna(D)seeb
Mere ka(D)reeb, mere ha(G)beeb
Tujhe (Am)chaahun beta(C)hasha zehna(D)seeb

Tere sang (Am7) beete har lam(C)he pe humko (G)naaz hai
Tere sang (Am7) jo na beete us(C)pe ait(G)raaz hai
Iss kadar (G)hum dono ka milna ek (E)raaz hai

Huaa (D)ameer dil gha(G)reeb
Tujhe (Am)chaahun beta(C)hasha zehna(D)seeb
(D) Zehna(D)seeb, Zehana(G)seeb
Tujhe (Am)chaahun beta(C)hasha zehna(D)seeb', 'Chinmayi Sripada, Shekhar Ravjiani', 'Hasee Toh Phasee', 2014, 'Strum : D DU UDU
Chords used : D, G, Am, C, E', 'https://www.youtube.com/watch?v=fAeAUFkg59w', FALSE, '2018-10-20T02:02:52.520000+00:00', '2018-10-20T02:12:15.193000+00:00');
INSERT INTO public.note_tags (id, user_id, note_id, tag_id) VALUES ('07b9329c-acce-4973-93e7-3ee9f7a4c791', '3917b9a9-a856-4f33-a910-6ad73f9fa25b', '065c6f31-de60-4c9b-8f68-24b97a2ff586', '94f83bf8-1cd6-44f7-9e77-dc2d9928b555');
INSERT INTO public.note_tags (id, user_id, note_id, tag_id) VALUES ('21f54621-1597-43f8-a87b-b19621aeb029', '3917b9a9-a856-4f33-a910-6ad73f9fa25b', '065c6f31-de60-4c9b-8f68-24b97a2ff586', '26bec2c9-84b7-4e97-8246-28dd469f49cd');
INSERT INTO public.notes (id, user_id, title, content, artist, album, release_year, metadata, "references", isPinned, created_at, updated_at) VALUES ('89601fa2-342f-4056-8642-75a7e2c378c2', '3917b9a9-a856-4f33-a910-6ad73f9fa25b', 'L''s Theme - Death Note', 'PART A/PARTE A:

```e|-----------------7---------------------------7---------------|
B|--8---10---7-8-----10-8-7-----8---10---7-8-----10-8-7--------|
G|----9----9-----9----------9-7---9----9-----9----------9-7-9--|
D|-------------------------------------------------------------|
A|-------------------------------------------------------------|
E|-------------------------------------------------------------|
```

PART B/PARTE B:

```e|----------------------------------------------------------|
B|--8-8--8-8--7--8-8-8-8--8-7--8-8--8-8--7--8-8-8-8-10------|
G|--9-9--9-9--9--9-9-9-9--9-9--9-9--9-9--9--9-9-9-9-9-------|
D|--9-9--9-9--9--9-9-9-9--9-9--9-9--9-9--9--9-9-9-9-9-------|
A|----------------------------------------------------------|
E|----------------------------------------------------------|
```

```e|----------------5---------------------------5--------------|
B|--6---8---5-6-----8-6-5-------6---8---5-6-----8-6-5--------|
G|----7---7-----7---------7-5-7---7---7-----7---------7-5-7--|
D|-----------------------------------------------------------|
A|-----------------------------------------------------------|
E|-----------------------------------------------------------|
```

```e|-----------------------------------------------------------|
B|--8-8--8-8--7--8-8-8-8--10-10--8-8--8-8--7--8-8-8-8-7------|
G|--9-9--9-9--9--9-9-9-9--9--9---9-9--9-9--9--9-9-9-9-9------|
D|--9-9--9-9--9--9-9-9-9--9--9---9-9--9-9--9--9-9-9-9-9------|
A|-----------------------------------------------------------|
E|-----------------------------------------------------------|
```

```e|----------------5---------------------------5--------------|
B|--6---8---5-6-----8-6-5-------6---8---5-6-----8-6-5--------|
G|----7---7-----7---------7-5-7---7---7-----7---------7-5-7--|
D|-----------------------------------------------------------|
A|-----------------------------------------------------------|
E|-----------------------------------------------------------|
```

```e|---------------------------------------------------------|
B|--1-1--1-1--0--1-1-1-1--3-3--1-1--1-1--0--1-1-1-1-0------|
G|---------------------------------------------------------|
D|---------------------------------------------------------|
A|---------------------------------------------------------|
E|---------------------------------------------------------|
```', 'Yoshihisa Hirano, Hideki Taniuchi', 'Death Note Original Soundtrack', 2006, 'TBD : Alignment
Keyboard notes attached in img', 'https://www.tron544.com/l-s-theme-tabs', FALSE, '2023-07-29T02:55:02.069000+00:00', '2023-07-29T03:00:51.326000+00:00');
INSERT INTO public.note_tags (id, user_id, note_id, tag_id) VALUES ('d213c516-068c-4805-9bea-ce745e020f1c', '3917b9a9-a856-4f33-a910-6ad73f9fa25b', '89601fa2-342f-4056-8642-75a7e2c378c2', '19e5627d-a2b0-4d3f-9425-eb88225bd761');
INSERT INTO public.note_tags (id, user_id, note_id, tag_id) VALUES ('ca98c942-0e4f-4033-9a4b-b7e4dbd9c4f2', '3917b9a9-a856-4f33-a910-6ad73f9fa25b', '89601fa2-342f-4056-8642-75a7e2c378c2', '22c9085c-724b-4679-aa10-b79b72f9b0be');
INSERT INTO public.notes (id, user_id, title, content, artist, album, release_year, metadata, "references", isPinned, created_at, updated_at) VALUES ('8ee8003e-a6c7-439c-ac13-92565463a7ea', '3917b9a9-a856-4f33-a910-6ad73f9fa25b', 'Harry Potter Theme', '```e|-----------------7-5-------|--0--3-2----1-----|
B|--0-5--8-7-5----------7--|-----------3----0--|
```

```e|---------------7--10--9-8-|--4--8--7-6----3-0--|
B|-0-5--8-7-5---------------|----------------------|
```

new version', 'John Williams', 'Harry Potter and the Sorcerer''s Stone (Original Motion Picture Soundtrack)', 2001, NULL, 'https://www.youtube.com/watch?v=L2zhY1tuSkY', FALSE, '2017-11-07T18:09:13.258000+00:00', '2018-08-11T10:09:05.878000+00:00');
INSERT INTO public.note_tags (id, user_id, note_id, tag_id) VALUES ('b0765afe-6b1b-4395-85e9-93e3e9557415', '3917b9a9-a856-4f33-a910-6ad73f9fa25b', '8ee8003e-a6c7-439c-ac13-92565463a7ea', '22c9085c-724b-4679-aa10-b79b72f9b0be');
INSERT INTO public.note_tags (id, user_id, note_id, tag_id) VALUES ('ea323b26-cbba-422b-924a-a193fc45c781', '3917b9a9-a856-4f33-a910-6ad73f9fa25b', '8ee8003e-a6c7-439c-ac13-92565463a7ea', 'eebbc269-be1f-43e9-a641-4b2e91a39ff4');
INSERT INTO public.notes (id, user_id, title, content, artist, album, release_year, metadata, "references", isPinned, created_at, updated_at) VALUES ('4b0588ec-ec47-420f-b24c-0cbbf4fdb6da', '3917b9a9-a856-4f33-a910-6ad73f9fa25b', 'Raakh', 'Bm, A, Em, F#m
```e | - - - - - - - - - - - - - - - - - - - - - -0-3-3 - -2-3-3 - -0-3-3 - 2-3-3-
B | - - - - - - - - - - - - - - - - - - - - - - - - - - - - - - - - - - - - - - - - - - - - - 
G | - 0-2-0- 0-2-0- 0-2-0- 0-2- - - - - - - - - - - - - - - - - - - - - - - - - -
```

(G)Woh kehte hain ishq hadd mein karo
(Em)Jo ishq kya hai na jaanein
(G)Yeh dil to anpadh dehaati sa hai
(Em)Kya kuchh lika hai kya jaane

(Bm)Baahar se dekha (A)jinhone
(Em)Andar chale kya kya (F#m)jaanein

Hum (Bm)jal jaayenge (A)raakh bachegi
(Em)Ishq mein ik na (F#m)aag bachegi
(Bm)Phir bhi inn (A)seeli aankhon mein
(Em)Aakhiri lau tak (F#m)aas bachegi

(Bm)Jal jaayein (A)raakh bachegi
(Em)Ishq mein ik na (F#m)aag bachegi
(Bm)Phir bhi inn (A)seeli aankhon mein
(Em)Aakhiri lau tak (F#m)aas bachegi

Music: Bm, A, Em, F#m

(G)Chup to na hogi mohabbat
(Em)Dushwariyon se dara ke
(G)Ummeed iska lahu hai
(Em)Hain dard iski khuraakein

(Bm)Jitne zakham (A)aur judenge
(Em)Utna badhengi (F#m)yeh shaakhein

(Bm)Woh kaat daalein (A)humein chahe roz
(Em)Zidd jad mein hai (F#m)kya karenge
(Bm)Ek pyar ek jung (A)dono ke dosh
(Em)Ek ghar mein hain (F#m)kya karenge

(Bm)Ek dil hi khud mein (A)bohat hai
(Em)Kis kis ki (F#m)parwah karenge

Hum (Bm)jal jaayenge (A)raakh bachegi
(Em)Ishq mein ik na (F#m)aag bachegi
(Bm)Phir bhi inn (A)seeli aankhon mein
(Em)Aakhiri lau tak (F#m)aas bachegi

(Bm)Jal jaayein (A)raakh bachegi
(Em)Ishq mein ik na (F#m)aag bachegi
(Bm)Phir bhi inn (A)seeli aankhon mein
(Em)Aakhiri lau tak (F#m)aas bachegi', 'Arijit Singh', 'Raakh - Single', 2016, 'Song Scale: B
Capo Position: 4th Fret
Strumming Pattern: D U(c) D   U(c) D
Chords used : G, Em, Bm, A, F#m', 'https://www.youtube.com/watch?v=tWdi_RidBEU', FALSE, '2020-04-01T01:22:56.559000+00:00', '2020-04-01T02:00:19.042000+00:00');
INSERT INTO public.note_tags (id, user_id, note_id, tag_id) VALUES ('97c27a46-4a26-4fff-a6d8-3d73bdbed582', '3917b9a9-a856-4f33-a910-6ad73f9fa25b', '4b0588ec-ec47-420f-b24c-0cbbf4fdb6da', '39d6ed04-fc5c-427e-9060-9041887f4d0e');
INSERT INTO public.note_tags (id, user_id, note_id, tag_id) VALUES ('34a5f442-1427-4658-93a4-0609352edb8c', '3917b9a9-a856-4f33-a910-6ad73f9fa25b', '4b0588ec-ec47-420f-b24c-0cbbf4fdb6da', '94f83bf8-1cd6-44f7-9e77-dc2d9928b555');
INSERT INTO public.note_tags (id, user_id, note_id, tag_id) VALUES ('7c6c2dd9-7350-47d9-b301-57a3bbbfad4e', '3917b9a9-a856-4f33-a910-6ad73f9fa25b', '4b0588ec-ec47-420f-b24c-0cbbf4fdb6da', '26bec2c9-84b7-4e97-8246-28dd469f49cd');
INSERT INTO public.notes (id, user_id, title, content, artist, album, release_year, metadata, "references", isPinned, created_at, updated_at) VALUES ('bc8d0035-9208-4d83-9980-440e7c70e574', '3917b9a9-a856-4f33-a910-6ad73f9fa25b', 'Aa Bhi Ja - Sur', '', 'Lucky Ali, Sunidhi Chauhan', 'Sur - The Melody of Life', 2002, 'Strum : D Dd Ddd
Chords used : Am, F, G, C, E, D, Dm', 'https://www.youtube.com/watch?v=Rrl5MQS7ByE
https://tabs.ultimate-guitar.com/tab/lucky-ali/aa-bhi-ja-chords-1947471', FALSE, '2020-12-20T08:20:02.556000+00:00', '2020-12-20T08:21:00.351000+00:00');
INSERT INTO public.note_tags (id, user_id, note_id, tag_id) VALUES ('4b9ad33e-345c-4a8a-abcc-882f43393add', '3917b9a9-a856-4f33-a910-6ad73f9fa25b', 'bc8d0035-9208-4d83-9980-440e7c70e574', 'ca29fa62-24fc-4ecb-808c-f795c7122529');
INSERT INTO public.note_tags (id, user_id, note_id, tag_id) VALUES ('eadb48bc-9971-49f5-9427-1ab1b09b9284', '3917b9a9-a856-4f33-a910-6ad73f9fa25b', 'bc8d0035-9208-4d83-9980-440e7c70e574', '94f83bf8-1cd6-44f7-9e77-dc2d9928b555');
INSERT INTO public.note_tags (id, user_id, note_id, tag_id) VALUES ('98412234-291b-4b47-878c-55a1e0760f2a', '3917b9a9-a856-4f33-a910-6ad73f9fa25b', 'bc8d0035-9208-4d83-9980-440e7c70e574', '26bec2c9-84b7-4e97-8246-28dd469f49cd');
INSERT INTO public.note_tags (id, user_id, note_id, tag_id) VALUES ('28587109-05a3-48f3-b3be-f22efb640196', '3917b9a9-a856-4f33-a910-6ad73f9fa25b', 'bc8d0035-9208-4d83-9980-440e7c70e574', 'f22d1b82-b224-4a44-a581-b5c25015af54');
INSERT INTO public.notes (id, user_id, title, content, artist, album, release_year, metadata, "references", isPinned, created_at, updated_at) VALUES ('4f3e83c4-239b-4c3e-8758-9863564db31f', '3917b9a9-a856-4f33-a910-6ad73f9fa25b', 'Kuch Khaas Hai - Fashion', 'Theme of Fashion (https://www.youtube.com/watch?v=aFi0zFKeoLc)
```e | - - - - - - - -8 -6 -8 -4 -6 -3 - -
B | - - - - - -6 - - - - - - - - - - - - - -
G | - 5- -6 - - - - - - - - - - - - - - - -
```

```e | - - - - - - -8 - - -6 - - - - - - -
B | - - - - -6 - - - 9- - 8- 9- - - -
G | - 5- 6- - - - - - - - - - - - 6- -
```

```e | - - - - - - - -8 -6 -8 -4 -6 -3 - -
B | - - - - - -6 - - - - - - - - - - - - - -
G | - 5- -6 - - - - - - - - - - - - - - - -
```

```e | - - - - - - - - - - - - - - - - - - - - - - - - - - - - - - - - -
B | - 6- 8- -9 -8 -6 - - - - - - - - - - - - - - - - - - - -5-
G | - - - - - - - - - - - -6 - - - 5- 6- 8- - - - -6 -8 - - - -
```

Kuchh khaas hai, kuchh paas hai
```e |  -------------------------------
B | 9-7-9--7-9----9-7-9--7-9--- 
```

Kuchh ajnabee, ehsaas hai
```e |  --------------------------------
B | 9-7-9-10-12----10-9-7-5-7--
```

Kuchh dooriyaan, nazdeekiyaan.
Kuchh has padi, tanhaiyaan

Kya ye khumar hai, ya aitbar hai
```e |  ---8-7-8-7-8------7-5-7-5-7---
B |  5----------------5---------------
```

Shayad ye pyar hai, Pyaar hai shayad
```e |  ----------------------------------
B |  5-10-8-10-8-10-----4-6-8-6-
```
Kya ye bahaar hai, ya intezaar hai
Shayad ye pyar hai, Pyaar hai shayad', 'Mohit Chauhan, Neha Bhasin', 'Fashion', 2008, NULL, NULL, FALSE, '2018-08-26T05:57:41.914000+00:00', '2019-04-16T15:02:33.390000+00:00');
INSERT INTO public.note_tags (id, user_id, note_id, tag_id) VALUES ('3032d5b2-63d4-4e56-850b-04559395c863', '3917b9a9-a856-4f33-a910-6ad73f9fa25b', '4f3e83c4-239b-4c3e-8758-9863564db31f', '94f83bf8-1cd6-44f7-9e77-dc2d9928b555');
INSERT INTO public.note_tags (id, user_id, note_id, tag_id) VALUES ('1ab52e31-9d5b-47f3-8d92-742c8569fa3a', '3917b9a9-a856-4f33-a910-6ad73f9fa25b', '4f3e83c4-239b-4c3e-8758-9863564db31f', '22c9085c-724b-4679-aa10-b79b72f9b0be');
INSERT INTO public.notes (id, user_id, title, content, artist, album, release_year, metadata, "references", isPinned, created_at, updated_at) VALUES ('aa5a0f99-9b6b-47da-9a7a-2375a24a0a0b', '3917b9a9-a856-4f33-a910-6ad73f9fa25b', 'Pal - Jalebi', '```e | - - 10-8 - -6-5 - -10-8 - -6-5 - - 10-8 - -6-5- - - 
B | -8 - - - - - - - - -8 - - - - - - - - - -8 - - - - - - - - - -8h 
```

hmmm hmm hmm (DD D, DU DD D, DU DD DUD DDU)
Em D C D Em D C D

(Em)Pal ek (D)pal
me hi (C)tham sa (D)gaya
(Em)tu haat (D)me
haat (C)jo de (D)gaya

 chalu me jahan (Em)jaye (D)tu
daaye me tere (C)baaye tu
hoon rut me (D)hawayein tu
(Am)saathiyaa

hasun me jab (Em)gaaye tu
rooun me (C)murjhaye tu
bheegun me (D)barshaye tu
(Am)saathiyaa.....(Bm)

Music
                  Em
```e | - - - - - - - - - - - - - - - - - - - - - - - - - 8- - - - - - 
B | - 8-10-8/6- -8-10-8/6- -8-10-10 - -10-8/6 -
```

                  C 
```e | - - - - - - - - - - - - - -
B | - 6/8/6/4- 1 - 3/6- -
```

                  Bm
```e | - - - - - - - - - - - - - - - - - - - - - - - - - 8- - - - - -
B | - 8-10-8/6- -8-10-8/6- -8-10-10 - -10-8/6 -
```

                   C
```e | - - - - - - - - - - - - - -
B | - 6/8/6/4- 1 - 3/6/8- -
```

 saaya (Em)mera (G)hai teri (Em)shakal
haal (Em)hai (G)aisa kuch aaj (Em)kal
subha me (Am)hoon tu dhoop hai
me aayina (C)hoon tu roop hai
ye tera (Am)saath khoob hai
(D)humsafar...

(Em)tu (D)ishq k saare 
(C)rang de (D)gaya
(Em)thi khinch (D)k 
(C)aapne sang le (D)gaya

kahin pe kho (Em)jaye (D)chal
jahan ye ruk (C)jaye pal
kabhi na fir (D)aaye kal
(Am)saathiyaa

hasun me jab (Em)gaaye tu
rooun me (C)murjhaye tu
bheegun me (D)barshaye tu
(Am)saathiyaa.....(Bm)', 'Arijit Singh, Shreya Ghoshal', 'Jalebi', 2018, 'Rhythm - D D UUDUD DU     OR      D DU UDU
Capo on 3rd Fret
Fingerstyle - 5  3  1&2  3
Chords used : Em, D, C, Am', 'https://www.youtube.com/watch?v=o8GoJNAwfPA', FALSE, '2018-10-12T16:31:10.867000+00:00', '2019-04-05T03:56:10.171000+00:00');
INSERT INTO public.note_tags (id, user_id, note_id, tag_id) VALUES ('6655f0b3-bc06-40f6-b3ce-37c4feb7e36b', '3917b9a9-a856-4f33-a910-6ad73f9fa25b', 'aa5a0f99-9b6b-47da-9a7a-2375a24a0a0b', '94f83bf8-1cd6-44f7-9e77-dc2d9928b555');
INSERT INTO public.note_tags (id, user_id, note_id, tag_id) VALUES ('88455b7f-a2d6-420a-b326-9791c4394276', '3917b9a9-a856-4f33-a910-6ad73f9fa25b', 'aa5a0f99-9b6b-47da-9a7a-2375a24a0a0b', '26bec2c9-84b7-4e97-8246-28dd469f49cd');
INSERT INTO public.notes (id, user_id, title, content, artist, album, release_year, metadata, "references", isPinned, created_at, updated_at) VALUES ('5caa9eee-d605-4c62-baaa-914f2740b28b', '3917b9a9-a856-4f33-a910-6ad73f9fa25b', 'Tera Yaar Hoon Main', '(G)Tu jo rootha toh (Cadd9)kaun hansega
(Em7)Tu jo chhoota toh (Dsus4)kaun rahega
(G)Tu chup hai toh (Cadd9)yeh darr lagta hai
(Em7)Apna mujhko ko (Dsus4)ab kaun kahega

(Em)Tu hi wajah…
(D)Tere bina (Am)bewajah be(C)kar hoon main

(STOP)Tera yaar hoon main
(G)mmmmm...(D)mmm......Tera yaar hoon main
(G)mmmmm...(D)mmm.

O (G)jaate nahi kahin (Em)rishte puraane
(G)Kisi naye ke aa (D)jaane se
(G)Jaata hoon main toh (Em)mujhe tu jaane de
(G)Kyun pareshan hai mere (D)jaane se…
     
(Em)Toota hai toh juda hai kyun
(D)Meri taraf tu muda hai kyun
(Em)Haq nahi tu yeh kahe ki (D)yaar ab hum na rahe

(Em)Ek teri (D)yaari ka hi
(Am)Saaton janam haq(C)daar hoon main

(STOP)Tera yaar hoon main
(G)mmmmm...(D)mmm......Tera yaar hoon main
(Em)mmmmm...(D)mmm.
C..................D.................
C..........................', 'Arijit Singh', 'Sonu Ke Titu Ki Sweety', 2018, 'Capo 3rd fret 
D D UUD DU
Chords used : G, D, Am', 'https://www.youtube.com/watch?v=SL4xTfmJ7Ac', FALSE, '2018-10-13T09:49:11.127000+00:00', '2019-01-09T02:47:08.695000+00:00');
INSERT INTO public.note_tags (id, user_id, note_id, tag_id) VALUES ('07be2aaa-bc74-4789-a27d-aff2598d11fc', '3917b9a9-a856-4f33-a910-6ad73f9fa25b', '5caa9eee-d605-4c62-baaa-914f2740b28b', '94f83bf8-1cd6-44f7-9e77-dc2d9928b555');
INSERT INTO public.note_tags (id, user_id, note_id, tag_id) VALUES ('78cfdaac-777a-474d-8cf0-74db25e75d8d', '3917b9a9-a856-4f33-a910-6ad73f9fa25b', '5caa9eee-d605-4c62-baaa-914f2740b28b', '26bec2c9-84b7-4e97-8246-28dd469f49cd');
INSERT INTO public.notes (id, user_id, title, content, artist, album, release_year, metadata, "references", isPinned, created_at, updated_at) VALUES ('87bd5e92-fbdd-4423-979c-57084effc93a', '3917b9a9-a856-4f33-a910-6ad73f9fa25b', 'Jo Tu Na Mila - Asim Azhar', '```e | - - - - - - - - - - - - - - - - - - - - - - - - - - - - - - - - - - - - - - - - - - - - - - - - - - - - - - -
B | - - -1- - - - - -0 - - - - - - - - - - - - - - - - - - - - - - - - - - - 1- 0- - - - - - - - - - - - - - 
G |  - - - 2 - - - - - - -0 - - - - 2- -0 - - - 0- - - - - - - - - - 2 - - - - - 0 - - - - - - - - - - - -
D | - - - - - 2- - - - - - - -2 - - - - - - -3- - - - - 2- - -0 -3 - - - - - - - - 2- 0 -2 -0 - - - - -
A | - - -0 - - - - - - - - - - - - - - - - - - - - 3- - - - -3 - - - - - - - - - - - - - - - - - - - - -3 -2 - 
E | - - - - - - - - - 3- - - - - - - -0- - - - - - - - - - - - - - - - - - - - - - - - - - - - - - - - - - - - -
```

```e | - - - - - - - - - - - - - - - - - - - - - - - - - - - - - - - - - - - - - - - - - - - - - - - - - - - -
B | -  1- - - - - -0 - - - - - - - - - - - - - - - - - - - - - - - - - - - 1- 1/3- 3/5- 0- - - - - 
G | - -  -2 - - - - - - -0 - - - - 2- -0 - - - 0- - - - - - - - - -2 - - - - - - - - - - - - -0 -2 -
D | -2- - - 2- - - - - - - -2 - - - - - - -3- - - - - 2- - -0 -3 - - - - - - - - - - - - - - - - - - 
A | - - 0 - - - - - - - - - - - - - - - - - - - - 3- - - - -3 - - - - - - - - - - - - - - - - - - - - - - 
E | - -  - - - - - -3- - - - - - - - 0- - - - - - - - - - - - - - - - - - - - - - - - - - - - - - - - - - - 
```

======= FINGERSTYLE =======            
(Am)Kal the (F)yahin (C)Kyun ab (G)nahin
(Am)Tum aur (F)main (C)saath dono..(G)
(Am)Kya mil (F)gayi (C)tumko (G)khushi
(Am)Hoke (F)juda.. yeh (C)toh bolo..(G)

======= STRUMMING ===========
Pyar tha (Am)waqt nahin
Jo (F)beet gaya do (C)pal mein..(G)
Tu banke (Am)yaad rahe,
fari(F)yad rahega (C)dil mein…(G)
Kyun ab ik (Am)lafz nahin,
Dil (F)kehne ki haa(C)lat mein..(G)

(Em or Dm)Socha, kahunga ek (G)din(E)…

(Am)Jo tu (F)na mila mujhe
(C)Jo tu (G)na mila mujhe
(Am)Dil ko (F)kya bataunga
(C)Dil ko (G)kya bataunga (x2)

======= FINGERSTYLE ======= 
(Am)Keh de (F)tu aayega na(C)hi
Mujhse (G)mil payega na(Am)hi
Dekhun (F)kyun raahe main (C)teri…(G)

(Am)Dil se (F)tu jaayega na(C)hi
Tu dard (G)samjhega…Na(Am)hi
mushqil (F)Hai aage zin(C)dagi,,(G)

(Am)Mann tha bada(F).. tu (C)hota (G)mera
(Am)Tu na mila(F).., (C)gham hai (G)tera

======= STRUMMING ===========
Kyun diya (Am)dard humein
Hum (F)aaj talak na (C)samjhe..(G)
Bure hain (Am)kya itne
Tum (F)aa na sake jo (C)milne..(G)
Tu humko (Am)bhool gaya
Bas (F)yaar hum hi pa(C)gal thhe..(C)

Socha(Em or Dm) tumhe jo raat (G)din…(E)

(Am)Jo tu (F)na mila mujhe
(C)Jo tu (G)na mila mujhe
(Am)Dil ko (F)kya bataunga
(C)Dil ko (G)kya bataunga (x2)', 'Asim Azhar', 'Jo Tu Na Mila', 2018, 'Song Key : Cm
Capo at 3
Strum : D U Chuck D  U U D  (DU)
Fingerstyle : 
                Am-5 3 (12) 3 
                G - 6 3 (12) 3 
                F- 4 3 (12) 3 
                C- 5 3 (12) 3
Chords used : Am, F, C, G, Dm, E, Em', 'https://www.youtube.com/watch?v=s-GK0Q8Rplk', FALSE, '2023-05-21T12:53:29.841000+00:00', '2023-05-21T13:28:34.842000+00:00');
INSERT INTO public.note_tags (id, user_id, note_id, tag_id) VALUES ('b452ab8b-37f3-4b04-9d68-f12ab3cbc5b2', '3917b9a9-a856-4f33-a910-6ad73f9fa25b', '87bd5e92-fbdd-4423-979c-57084effc93a', '94f83bf8-1cd6-44f7-9e77-dc2d9928b555');
INSERT INTO public.note_tags (id, user_id, note_id, tag_id) VALUES ('3ad24e1e-c500-4093-a4de-7a748a9229ed', '3917b9a9-a856-4f33-a910-6ad73f9fa25b', '87bd5e92-fbdd-4423-979c-57084effc93a', '26bec2c9-84b7-4e97-8246-28dd469f49cd');
INSERT INTO public.notes (id, user_id, title, content, artist, album, release_year, metadata, "references", isPinned, created_at, updated_at) VALUES ('1f5831f6-615c-4584-a20e-0e4a7c5fec8d', '3917b9a9-a856-4f33-a910-6ad73f9fa25b', 'Despacito (m = muted)', 'Sí, sabes que ya llevo un rato mirándote 
```E|----------------------9--10-12-10-9------------------10m-10m-
B|--7/12------12-------------------------12-10-----------------
G|-----------11--------------------------------------12m---------
```

Tengo que bailar contigo hoy
```E|--10----10----10----10-12-12-9--
B|-----10----10----10-------------
```

Vi que tu mirada ya estaba llamándome
```E|---------------9--10-12-10-9------------------10-10h12-10-
B|--12----12-----------------------12-10----------------
G|-----11--------------------------------------12m-------------
```

Muéstrame el camino que yo voy
```E|--10----10----10----10-12-12-9--
B|-----10----10----10-------------
```

OH YEAHHHH
```E|-----------
B|--10\12-12-
```

Tú, tú eres el imán y yo soy el metal 
```E|--------------------------9--10-9--10-9--10-9-----
B|--12---12-12-12---------------------------------12-
```

Me voy acercando y voy armando el plan
```E|------------------9--10-9--10-9--10-12----
B|--12-12-12---------------------------------10-
```

Solo con pensarlo se acelera el pulso
```E|-----------------------10-9--10-9--10-12-12-9--
B|--10-10-10-10-------------------------
```

OH YEAHHHH
```E|-----------
B|--10\12-12-
```

Ya, ya me está gustando más de lo normal 
```E|-------------------------9--10-9--10-9--10-9-----
B|--12---12-12-12--------------------------------12-
```

Todos mis sentidos van pidiendo más 
```E|------------------9--10-9--10-9--10-12----
B|--12-12-12--------------------------------10-
```

Esto hay que tomarlo sin ningún apuro
```E|-----------------------10-9--10-9--10-12-12-9--
B|--10-10-10-10-------------------------
```

DESPACITO.........................
```E|---9\10-9--------
B|---------------12----
G|--------------------11-
```

Quiero respirar tu cuello despacito
```E|--------------------------------------
B|--------------------------12-12-12-12-10-12----
G|--11-11-11-11-11------------------------------12-
```

Deja que te diga cosas al oído 
```E|------------------------------------------------9--10----
B|---------------------------12-12-12-12-----------10-
G|--12-12-12-12-12----------------------
```

Para que te acuerdes si no estás conmigo
```E|---------------------------10-10-10-10-12-12-9--
B|--10-10-10-10-10----------------------
```


DESPACITO.........................
```E|---9\10-9--------
B|--------------12----
G|-------------------11-
```

Quiero desnudarte a besos despacito 
```E|--------------------------------------
B|----------------------------12-12-12-12-10-12----
G|--11-11-11-11-11--------------------------------12-
```

Firmo en las paredes de tu laberinto
```E|------------------------------------------------9--10----
B|----------------------------12-12-12-12-----------10-
G|--12-12-12-12-12----------------------
```

Y hacer de tu cuerpo todo un manuscrito
```E|--------------------------10-10-10-10-12-12-9--
B|--10-10-10-10-10----------------------
```', 'Luis Fonsi, Daddy Yankee', 'Vida', 2017, NULL, 'https://www.youtube.com/watch?v=TD_8G5GqAFY', FALSE, '2017-12-23T13:11:03.875000+00:00', '2019-02-07T03:29:56.605000+00:00');
INSERT INTO public.note_tags (id, user_id, note_id, tag_id) VALUES ('7dce3f67-648c-475b-bdd8-2899c7ff12f4', '3917b9a9-a856-4f33-a910-6ad73f9fa25b', '1f5831f6-615c-4584-a20e-0e4a7c5fec8d', '19e5627d-a2b0-4d3f-9425-eb88225bd761');
INSERT INTO public.note_tags (id, user_id, note_id, tag_id) VALUES ('9bd2ea30-dece-4369-b7fb-d8be6edf0891', '3917b9a9-a856-4f33-a910-6ad73f9fa25b', '1f5831f6-615c-4584-a20e-0e4a7c5fec8d', '22c9085c-724b-4679-aa10-b79b72f9b0be');
INSERT INTO public.note_tags (id, user_id, note_id, tag_id) VALUES ('0d7090d6-cb54-495d-81d7-e5e4ff7b7259', '3917b9a9-a856-4f33-a910-6ad73f9fa25b', '1f5831f6-615c-4584-a20e-0e4a7c5fec8d', 'eebbc269-be1f-43e9-a641-4b2e91a39ff4');
INSERT INTO public.notes (id, user_id, title, content, artist, album, release_year, metadata, "references", isPinned, created_at, updated_at) VALUES ('f93c0a9c-641a-4b24-9f84-030b9b031813', '3917b9a9-a856-4f33-a910-6ad73f9fa25b', 'Aaja Piya Tohe Pyaar Doon', 'aaja piya tohe pyaar doon...
B>-1-3-3-5---5-5-5s3-3-3------

Gori baiyyaan tope vaar doon...

B>-1-3-3-5---5-5-3-3-1h------



Kis liye tum, Itna Udaas.... repeat for Sukhe sukhe honth, ankhiyon me pyaas.

B>-1-0-0------1-0-0---------------------

G>-------2-2--------2-2---------------

Kis liye.... kis liye...

B>---0-1-3-----5-1-1-1h-----------

G>-2--------------------------------



Ho... ooo.....

B>-5h--3h---


aaja piya tohe pyaar doon
B>-5-7-7-9--9-9-9s7-7-7----------------------------------

Gori baiyyaan tope vaar doon
B>-5-7-7-9--9-9-7-7-5h----------------------', 'Lata Mangeshkar', 'Baharon Ke Sapne', 1967, NULL, NULL, FALSE, '2018-01-14T08:10:34.196000+00:00', '2018-01-14T09:50:01.176000+00:00');
INSERT INTO public.note_tags (id, user_id, note_id, tag_id) VALUES ('c814b8da-57cb-41e0-9c8a-35c580107ca4', '3917b9a9-a856-4f33-a910-6ad73f9fa25b', 'f93c0a9c-641a-4b24-9f84-030b9b031813', '22c9085c-724b-4679-aa10-b79b72f9b0be');
INSERT INTO public.note_tags (id, user_id, note_id, tag_id) VALUES ('3ef7a8ba-7e97-4fe6-8bff-ecff9e115b47', '3917b9a9-a856-4f33-a910-6ad73f9fa25b', 'f93c0a9c-641a-4b24-9f84-030b9b031813', 'f22d1b82-b224-4a44-a581-b5c25015af54');
INSERT INTO public.notes (id, user_id, title, content, artist, album, release_year, metadata, "references", isPinned, created_at, updated_at) VALUES ('f7db8dca-8652-4664-9c5c-02872649af92', '3917b9a9-a856-4f33-a910-6ad73f9fa25b', 'Mere haath mein-Fanna', '0-7-7-8-5

0-7-7-10-5

0-5-5-7-3

3-1-5-3-0

7-12-12-14-10

7-12-15-14-10

7-10-10-12-9

8-8-12-10-7', 'Sonu Nigam, Sunidhi Chauhan', 'Fanaa', 2006, NULL, NULL, FALSE, '2017-10-06T03:09:32.437000+00:00', '2017-10-07T02:54:27.180000+00:00');
INSERT INTO public.note_tags (id, user_id, note_id, tag_id) VALUES ('86f950f5-6b08-48ae-9d41-75d6de7d0d1a', '3917b9a9-a856-4f33-a910-6ad73f9fa25b', 'f7db8dca-8652-4664-9c5c-02872649af92', '94f83bf8-1cd6-44f7-9e77-dc2d9928b555');
INSERT INTO public.note_tags (id, user_id, note_id, tag_id) VALUES ('0e454165-345b-434c-9663-023b4c69cc07', '3917b9a9-a856-4f33-a910-6ad73f9fa25b', 'f7db8dca-8652-4664-9c5c-02872649af92', '484fde0b-53ea-4d62-82d9-dff38182c04c');
INSERT INTO public.note_tags (id, user_id, note_id, tag_id) VALUES ('7903452a-9e1a-4361-a63a-82646049b7cf', '3917b9a9-a856-4f33-a910-6ad73f9fa25b', 'f7db8dca-8652-4664-9c5c-02872649af92', '22c9085c-724b-4679-aa10-b79b72f9b0be');
INSERT INTO public.notes (id, user_id, title, content, artist, album, release_year, metadata, "references", isPinned, created_at, updated_at) VALUES ('e9f77d12-f961-49f3-a56e-0fb436967910', '3917b9a9-a856-4f33-a910-6ad73f9fa25b', 'Om Jai Jagdish Hare', 'Om Jai Jagadish Hare
e --------------------------
B --------------------------
G 5--5--5-5--5--4s5-5--7---
Swami Jai Jagadish Hare
e ------------5---------------
B ---5--6--8-----8--6--5---
G 7-----------------------7--

Bhakt Jano Ke Sankat
e ---------------------------
B ---5---5--6--6--5---
G 7----7--------------5--

Daas Jano Ke Sankat
e ---------------------------
B ---5-----5--6--6--5---
G 7-----7--------------5--

Kshan Men Door Kare
e ---------------------
B ------5--------------
G 5--7-----7--5--4---
D ------------------7--

Om Jai Jagadish Hare
e ------------------------
B ---------5--------------
G 7--7--7-----7--5--4-5--


Jo Dhyaave Phal Paave
e ------------------------------
B ------------------------------
G 7--5--5--4---4-4--7--5-5--

Dukh Bin Se Man Kaa
e ---5------------------------
B 8-----8--6--5--5----------
G ------------------7--5--7--

Swami Dukh Bin Se Man Kaa
e ---------5-----------------------
B 8--8--8-----8--6--5--5---------
G ------------------------7--5--7-

Sukh Sampati Ghar Ave
e -----------------------------
B ---5-----5--6--6-5--5---
G 7-----7-------------------5---

Sukh Sampati Ghar Ave
e -----------------------------
B ---5-----5--6--6-5--5---
G 7-----7-------------------5---

Kasht Mite Tan Kaa
e ----------------------
B ----------5---------------
G 5--7-7------7--5--4----
D ---------------------------7---

Om Jai Jagadish Hare
e ---------------------------
B ---------5-----------------
G 7--7--7-----7--5--4-5---

Maat Pita Tum Mere
Sharan Kahoon Kiski
Swami Sharan Kahoon Kiski
Tum Bin Aur Na Dooja
Tum Bin Aur Na Dooja
Aas Karoon Jiski
Om Jai Jagadish Hare

Tum Pooran Paramatma
Tum Antaryami
Swami Tum Antaryami
Paar Brahm Parameshwar
Paar Brahm Parameshwar
Tum Sabke Swami
Om Jai Jagadish Hare

Tum Karuna Ke Saagar
e -------------------------------------
B -------------------------------------
G 7--5--5--4--7--5--5--4--7--5--5--

Tum Paalan Karta
Swami Tum Paalan Karta
Main Moorakh Khalakhami
Main Sevak Tum Swami
Kripa Karo Bharta
Om Jai Jagadish Hare

Tum Ho Ek Agochar
Sab Ke Praan Pati
Swami Sab Ke Praan Pati
Kis Vidhi Miloon Dayamaya
Kis Vidhi Miloon Dayamaya
Tum Ko Main Kumati
Om Jai Jagdish Hare

Deen Bandhu Dukh Harta
Thaakur Tum Mere
Swaami Rakhshak Tum Mere
Apne Haath Uthao
Apni Sharan Lagao
Dwaar Padha Tere
Om Jai Jagadish Hare

Vishay Vikaar Mitaao
Paap Haro Deva
Swami Paap Haro Deva
Shradha Bhakti Badhao
Shradha Bhakti Badhao
Santan Ki Seva
Om Jai Jagadish Hare

Om Jai Jagadish Hare
Swami Jai Jagadish Hare
Bhakt Jano Ke Sankat
Daas Jano Ke Sankat
Kshan Men Door Kare
Om Jai Jagadish Hare', 'Shraddha Bhakti', 'Traditional Aarti', 2010, NULL, 'https://www.youtube.com/watch?v=j6Dj2imfh8E', FALSE, '2017-11-16T14:17:42.590000+00:00', '2020-08-21T02:17:04.421000+00:00');
INSERT INTO public.note_tags (id, user_id, note_id, tag_id) VALUES ('5f5f4db0-6e91-461e-a415-aefb1e19f7fa', '3917b9a9-a856-4f33-a910-6ad73f9fa25b', 'e9f77d12-f961-49f3-a56e-0fb436967910', '22c9085c-724b-4679-aa10-b79b72f9b0be');
INSERT INTO public.note_tags (id, user_id, note_id, tag_id) VALUES ('64cc0a40-76de-439e-8423-76ea8985767c', '3917b9a9-a856-4f33-a910-6ad73f9fa25b', 'e9f77d12-f961-49f3-a56e-0fb436967910', '6a3e1159-3e7b-4145-b202-58429f143d25');
INSERT INTO public.note_tags (id, user_id, note_id, tag_id) VALUES ('8a6fc1e9-fc5b-4023-8dfa-6932854fd6b3', '3917b9a9-a856-4f33-a910-6ad73f9fa25b', 'e9f77d12-f961-49f3-a56e-0fb436967910', 'f22d1b82-b224-4a44-a581-b5c25015af54');
INSERT INTO public.notes (id, user_id, title, content, artist, album, release_year, metadata, "references", isPinned, created_at, updated_at) VALUES ('664a0439-695e-4677-85c4-69de87209c74', '3917b9a9-a856-4f33-a910-6ad73f9fa25b', 'Papa kehate hain', '```e |-0-0------------1-0------
B |---3-1-3-----1-1------3-
G |-------0-2-------------
```
Papa kehate hain bada naam karega

```e |-0-0------------1-0--
B |---3-1-3-----1-1------3-
G |-------0-2---------
```
Beta hamara aisa kaam karega

```e |----------------
B |----0-1--1-1-0------
G |-0-2--------2-2---
```
Magar Yeh To Koi Na Jaane

```e |----------------
B |----------------
G |-2-2-0------0-----
D |----3-3-2-3-------
```
Ki Meri Manzil Hai Kahan

```e |----------------------
B |-----------------------
G |-0-0-0-2-2-0--0-0-0-2-2-0------
```
Baithe Hain Milke Sab Yaar Apne

```e |----------------
B |-1-1-0----0-----0-1-
G |----2-2-----2---
```
Sabke Dilon Mein Armaan Yeh Hai

```e |----------------------
B |----------------------
G |-0-0-0-2-2-0--0-0-0-2-2-0------
```
Wo Zindagi Mein Kal Kya Banega

```e |-------------------0-
B |-1-1-0----0-----0-1-3-3----
G |----2-2-----2----------
```
Har Ek Nazar Ka Sapna Yeh Hai

```e |-0-0------------1-0-----
B |---3-1-3-----1-1------3-
G |-------0-2------------
```
Koi Engineer Ka Kaam Karega

```e |-0-0------------1-0------
B |---3-1-3-----1-1------3--
G |-------0-2-------------
```
Business Mein Koi Apna Naam Karega

```e |----------------
B |----0-1--1-1-0------
G |-0-2--------2-2---
```
Magar Yeh To Koi Na Jaane

```e |----------------
B |----------------
G |-2-2-0------0-----
D |----3-3-2-3-------
```
Ki Meri Manzil Hai Kaha
.
.
.

Papa Kehte Hain Bada Naam Karega…


Mera To Sapna Hai Ek Chehra

Dekhe Jo Usko Jhoome Bahar

Mera To Sapna Hai Ek Chehra

Dekhe Jo Usko Jhoome Bahar

Gaalon Mein Khilti Kaliyon Ka Mausam

Aankhon Mein Jaadu Honthon Mein Pyaar

Banda Ye Khoobsurat Kaam Karega

Dil Ki Duniya Mein Apna Naam Karega

Meri Nazar Se Dekho To Yaaron

Ki Meri Manzil Hai Kahan

Papa Kehte Hain Bada Naam Karega….', 'Udit Narayan', 'Qayamat Se Qayamat Tak', 1988, NULL, NULL, FALSE, '2017-11-03T15:08:16.437000+00:00', '2017-11-03T15:35:53.861000+00:00');
INSERT INTO public.note_tags (id, user_id, note_id, tag_id) VALUES ('1ff12970-5587-40de-a09c-5280bd064e1b', '3917b9a9-a856-4f33-a910-6ad73f9fa25b', '664a0439-695e-4677-85c4-69de87209c74', '94f83bf8-1cd6-44f7-9e77-dc2d9928b555');
INSERT INTO public.note_tags (id, user_id, note_id, tag_id) VALUES ('1533e97c-0ff3-44c6-9a30-f6f85a0c0750', '3917b9a9-a856-4f33-a910-6ad73f9fa25b', '664a0439-695e-4677-85c4-69de87209c74', '22c9085c-724b-4679-aa10-b79b72f9b0be');
INSERT INTO public.notes (id, user_id, title, content, artist, album, release_year, metadata, "references", isPinned, created_at, updated_at) VALUES ('dcb1a6fb-e9c7-4ec3-b4c8-38f7925d3462', '3917b9a9-a856-4f33-a910-6ad73f9fa25b', 'Aashiqui 2 LOVE THEME', '```E|-----------------------------------
B|-----7--8-----7--8-----------------
G|--9---------9-----------------------
D|--------------------------9--10---10-9--10-
```

```E|----------------------------------
B|----------7------------7-----------------
G|--7--9-------7--9--------------------
D|----------------------------10-10-9-9-7-7\9-
```

```E|------------------------------7--7--------------
B|-------------------------------------10-10-8--10-
G|--------7--9--------7--9--------------------
D|--10----------10-------------------------
```

```E|------------------7--7--8--8-----
B|--7--7-------------------------10-
G|-----------8--8-----------------
```

========Play above 4 para again========

Tere Liye Hi Jiya Main
```E|-----------------------------------
B|-----------------------------7--7-----------
G|--9--9--7--7--9----9-----------7--7-----
D|--------------------------------------------9--
```

Khud Ko Jo Yun De Diya Hai
```E|---------------------------------------
B|------------------------------7--7-----------
G|--------------------9-----9--------7--7-----
D|--9--9--10-10-------------------------9--
```

Teri Wafa Ne Mujhko Sambhala
```E|-----------------------------------
B|-----------------------------------
G|-----------------------------------
D|--10-10-9-10---9-10---9--7-------9--9--
A|----------------------------------------10-------
```

Saare Ghamon Ko Dil Se Nikaala
```E|--------------------------------------
B|--------------------------------------
G|------------------------------7--------------------
D|--10-10-9-10----10-------10-9--7----7--9--9-
```

Main Jo Mit Bhi Gaya Toh Wajood Mera
```E|----------------------------------8--8--7--7--------7--
B|--------------7--7-----7----7-----------------10----
G|--7--9--9---------9----------------------------
```

Sada Tujh Mein Rahe Zinda
```E|-7--11-11/12-12-7--7--------------------
B|---------------------------------10-10-8--10-8---7(push string up)--
```

 Tum Hi Ho, Ab Tum Hi Ho
```E|--7-----------------------7--------
B|-----8--10----8--10-----8-10--
```

Zindagi Ab Tum Hi Ho..
```E|------------------------
B|--7--10-8----7------7--------
G|---------------------9-----7--9--
```

 Woh O....Chain Bhi, Mera Dard Bhi
```E|--------------7-----------------------7--10-10-8-7-----
B|--7-8-10------8-10----8--10----------------------10-
```

Meri Aashiqui Ab Tum Hi Ho
```E|--------------------------------
B|--7--10-8----7-----7--------7-----
G|--------------------9-----9--7-----9--
```', 'Mithoon', 'Aashiqui 2', 2013, NULL, 'https://www.youtube.com/watch?v=exBn4SEIDGk', FALSE, '2018-09-09T11:24:56.884000+00:00', '2019-01-03T15:18:05.498000+00:00');
INSERT INTO public.note_tags (id, user_id, note_id, tag_id) VALUES ('873dd907-aa96-41e3-a8b1-81e1d4cd0e7c', '3917b9a9-a856-4f33-a910-6ad73f9fa25b', 'dcb1a6fb-e9c7-4ec3-b4c8-38f7925d3462', '94f83bf8-1cd6-44f7-9e77-dc2d9928b555');
INSERT INTO public.note_tags (id, user_id, note_id, tag_id) VALUES ('9d175363-974e-4487-bdca-3b5db55b4db4', '3917b9a9-a856-4f33-a910-6ad73f9fa25b', 'dcb1a6fb-e9c7-4ec3-b4c8-38f7925d3462', '22c9085c-724b-4679-aa10-b79b72f9b0be');
INSERT INTO public.notes (id, user_id, title, content, artist, album, release_year, metadata, "references", isPinned, created_at, updated_at) VALUES ('7667e95a-49bb-48d5-86bd-9a96ecb51ba6', '3917b9a9-a856-4f33-a910-6ad73f9fa25b', 'Pyaar to hona hi tha', 'E---5-4-2-2--2-2-2--2-2-4-5-7
jab kisi ki taraf dil jhukne lage( play it slowly to get the right effect)
E---5-4-2-2--2-2-2--2-2-4-5-7
baat aa kar zuba tak rukne lage

E-10-9-7-7-7--4-4-7-4-5-5-5-5
ankhon ankhon mein, izhaar hone lage

E-10-9--7-7--7-7-10-7-9-9-9-9
bole do gar, tumhe pyaar hone lage

E-9-9---4-4-4--4--4-5-7-4-5
hone lage,pyaar,hone lage

E--9--10--12----------14---14--12----------9--10--12-----------10--10--9--
B------------------12------------------------------------------12--------------
pyaar to hona hi that pyaar to hona hi thaaa', 'Remo Fernandes, Jaspinder Narula', 'Pyaar To Hona Hi Tha', 1998, NULL, NULL, FALSE, '2017-11-07T17:38:41.004000+00:00', '2017-11-07T17:44:45.265000+00:00');
INSERT INTO public.note_tags (id, user_id, note_id, tag_id) VALUES ('17cfd709-d0e9-4280-afda-cbd866e2136e', '3917b9a9-a856-4f33-a910-6ad73f9fa25b', '7667e95a-49bb-48d5-86bd-9a96ecb51ba6', '22c9085c-724b-4679-aa10-b79b72f9b0be');
INSERT INTO public.note_tags (id, user_id, note_id, tag_id) VALUES ('7712cb9a-8140-4369-a2ae-47f592d47a17', '3917b9a9-a856-4f33-a910-6ad73f9fa25b', '7667e95a-49bb-48d5-86bd-9a96ecb51ba6', 'f22d1b82-b224-4a44-a581-b5c25015af54');
INSERT INTO public.notes (id, user_id, title, content, artist, album, release_year, metadata, "references", isPinned, created_at, updated_at) VALUES ('4eb2883f-aa7a-4f29-a5c2-86ac92fec205', '3917b9a9-a856-4f33-a910-6ad73f9fa25b', 'Not Today - Imagine Dragons', '', 'Imagine Dragons', 'Me Before You (Original Motion Picture Soundtrack)', 2016, 'D DU UDU', 'https://tabs.ultimate-guitar.com/tab/imagine_dragons/not_today_chords_1840365
https://www.azchords.com/i/imaginedragons-tabs-47565/nottoday-tabs-904993.html', FALSE, '2019-05-01T13:48:26.468000+00:00', '2019-05-01T13:56:33.491000+00:00');
INSERT INTO public.note_tags (id, user_id, note_id, tag_id) VALUES ('b2239637-7ba8-48e1-915b-59b55b34df13', '3917b9a9-a856-4f33-a910-6ad73f9fa25b', '4eb2883f-aa7a-4f29-a5c2-86ac92fec205', 'ca29fa62-24fc-4ecb-808c-f795c7122529');
INSERT INTO public.note_tags (id, user_id, note_id, tag_id) VALUES ('d30bf0d2-df97-4d53-9c78-257d60e86ce1', '3917b9a9-a856-4f33-a910-6ad73f9fa25b', '4eb2883f-aa7a-4f29-a5c2-86ac92fec205', '26bec2c9-84b7-4e97-8246-28dd469f49cd');
INSERT INTO public.note_tags (id, user_id, note_id, tag_id) VALUES ('d24e1548-28c0-4540-8fab-757e19c8f9b9', '3917b9a9-a856-4f33-a910-6ad73f9fa25b', '4eb2883f-aa7a-4f29-a5c2-86ac92fec205', 'eebbc269-be1f-43e9-a641-4b2e91a39ff4');
INSERT INTO public.notes (id, user_id, title, content, artist, album, release_year, metadata, "references", isPinned, created_at, updated_at) VALUES ('0fe0dad4-807f-4c38-b76f-06f87cbdf53b', '3917b9a9-a856-4f33-a910-6ad73f9fa25b', 'Chaap Tilak', 'Hmmm....hmmmm...ooo

Do nain tere do nain mere

Do nain tere do nain mere
Mile to milke chaar hue

Do nain tere do nain mere
Jab mile to milke chaar hue
Ye apni apni qismat hai
Ye apni apni qismat hai
Do jeet gaye, Do haar gaye
Naina re mose naina
Mose naina, naina re.. mose naina

Do nain tere do nain mere
Jab mile to milke chaar hue
Apni apni qismat hai
Do jeet gaye, Do haar gaye

Hmmm....ohh... Hmm

Chhupte nahi ho, Saamne aate nahi ho tum
Jalwa dikha ke jalwa, dikhaate nahi ho tum
Gairon haram ke jhagde, mitaate nahi ho tum
Jo asal baat hai vo, bataate nahi ho tum

Hairaan hu mere dil me, samaaye ho kis tarah
Halaan ke do jahan me, samaate nahi ho tum

Bali bali jaun main, tore rang rajwa ....x3
Apni si, kar leeni re
Mose naina milayi ke

Chaap tilak sab cheen li re
Mose naina milayi ke
Naina milayi ke, sehra me aayi ke ....x2
Mohe suhaagan keeni re
Mose naina milayi ke

Chaap tilak sab cheen li re
Mose naina milayi ke

Hmmm....hmmmm...ooo', 'Abida Parveen, Rahat Fateh Ali Khan', 'Coke Studio Season 7', 2014, 'Chords : E for high notes, A for others
Strumming : D Dd D U Chuck
Chords used : A, E', 'https://www.youtube.com/watch?v=QN5ALEBOfF8', FALSE, '2022-11-13T13:07:56.138000+00:00', '2022-11-13T13:10:57.941000+00:00');
INSERT INTO public.note_tags (id, user_id, note_id, tag_id) VALUES ('c91840ba-4fb1-4216-a847-9265692dc7bb', '3917b9a9-a856-4f33-a910-6ad73f9fa25b', '0fe0dad4-807f-4c38-b76f-06f87cbdf53b', '94f83bf8-1cd6-44f7-9e77-dc2d9928b555');
INSERT INTO public.note_tags (id, user_id, note_id, tag_id) VALUES ('a7fc1ac1-146f-44b9-b77b-e40beabe3e5b', '3917b9a9-a856-4f33-a910-6ad73f9fa25b', '0fe0dad4-807f-4c38-b76f-06f87cbdf53b', '26bec2c9-84b7-4e97-8246-28dd469f49cd');
INSERT INTO public.note_tags (id, user_id, note_id, tag_id) VALUES ('5896c3eb-f34c-470e-8b2c-b6c808b4b891', '3917b9a9-a856-4f33-a910-6ad73f9fa25b', '0fe0dad4-807f-4c38-b76f-06f87cbdf53b', '8d4fc519-7375-432c-8b6a-6cf000e9f287');
INSERT INTO public.notes (id, user_id, title, content, artist, album, release_year, metadata, "references", isPinned, created_at, updated_at) VALUES ('778941c2-a888-4722-9272-5b511e73b9b1', '3917b9a9-a856-4f33-a910-6ad73f9fa25b', 'Mere Mehboob Qayamat Hogi', 'Mere (Em)Mehboob Qaya(D)mat Hogi
Aj Rus(C)waa Teri Galli(D)yon Mein Moha(Em)bbat Hogi
Meri Nazr(Em)ein To Gila(D)Krti Hai
Tere Dil(C) Ko Bhi Sanam(D)Tujh Se Shikaa(Em)yat Hogi
Mere Mehb(Em)oob…

(Em)Teri Gali Mein (Am) Ata Sanam
(Em)Nagmaan Waffa Ka (Am) Gata Sanam
(Em)Tujhse Suna Na (Am) Jata Sanam
Fir (Em) Aaj(D)Idhar Aa(C)ya Hu Magar Ye(D)Khne Me Deew(C)aana
Khatam Bs (Em)Aaj Ye weh(D)shatt Hogi
Aaj Rus(C)wa Teri Galli(D)yon Me Moha(Em)bbat Hogi
Mere Mehb(Em)oob…

(Em)Meri Tarah Tu(Am)Aahein Bhare
(Em)Tu Bhi Kisise (Am)Pyaar Kare
(Em)Or Rahe Wo(Am)Tujhse Pare
Tu(Em)ne Oh (D)Sanam Dhaa(C)yein Hai Sitam To (D)Ye Tu Bhul Na(C)Jaana
Ki Na Tujh(Em)pe Bhi Inaa(D)yat Hogi
Aaj Rus(C)wa Teri Gali(D)yon Mein Mohab(Em)bat Hogi
Mere Mehb(Em)oob…

Mere (Em)Mehboob Qaya(D)mat Hogi
Aj Rus(C)waa Teri Galli(D)yon Mein Moha(Em)bbat Hogi
Meri Nazr(Em)ein To Gila(D)Krti Hai
Tere Dil(C) Ko Bhi Sanam(D)Tujh Se Shikaa(Em)yat Hogi
Mere Mehb(Em)oob…', 'Kishore Kumar', 'Mr. X in Bombay', 1964, 'Capo at 4
D UUD UUD DU
Chords used : Am, Em, D, C', 'https://www.youtube.com/watch?v=j_NPIg3kT50
https://tabs.ultimate-guitar.com/tab/kishore_kumar/mere_mahboob_qayamat_hogi_chords_2513196', FALSE, '2019-05-01T13:49:23.258000+00:00', '2023-07-30T00:48:42.698000+00:00');
INSERT INTO public.note_tags (id, user_id, note_id, tag_id) VALUES ('7b718f48-4b35-46fe-9c4f-0161ee3ba0d2', '3917b9a9-a856-4f33-a910-6ad73f9fa25b', '778941c2-a888-4722-9272-5b511e73b9b1', 'ca29fa62-24fc-4ecb-808c-f795c7122529');
INSERT INTO public.note_tags (id, user_id, note_id, tag_id) VALUES ('df503e6d-036b-4f61-8fe9-b7a9a8b30e1b', '3917b9a9-a856-4f33-a910-6ad73f9fa25b', '778941c2-a888-4722-9272-5b511e73b9b1', '26bec2c9-84b7-4e97-8246-28dd469f49cd');
INSERT INTO public.note_tags (id, user_id, note_id, tag_id) VALUES ('40da146f-7703-48c3-b08f-4dbdd3769d1f', '3917b9a9-a856-4f33-a910-6ad73f9fa25b', '778941c2-a888-4722-9272-5b511e73b9b1', 'f22d1b82-b224-4a44-a581-b5c25015af54');
INSERT INTO public.notes (id, user_id, title, content, artist, album, release_year, metadata, "references", isPinned, created_at, updated_at) VALUES ('a874d864-e570-4d28-8bbd-a87b4b169e6f', '3917b9a9-a856-4f33-a910-6ad73f9fa25b', 'Aadat - Jal', '(Am) Na jane kabse
Umeedein kuch (F) baaki hai
Mujhe Phir Bhi Teri (Am) Yaad
Kyun (F) Aati Hai
Na Jane Kab (Am) Se

(Am) (G) (F)
(Am) (G) (F)

Duur (Am) Jitna Bhi Tum mujh (G) Se
Paas (F) Tere Main (G)
Ab To (Am) Aadat Si Hai Mujh (G) Ko
Aise Jee (F) Ne Me (G)
Zinda (Am) Gi Se Koi (G) Shikwa
Bhi Na (F) Hi Hai (G)
Ab To (Am) Zinda Hu Main Is
(G) Neele Aas (F) maan Mein (G)

(Am) (G) (F)
(Am) (G) (F)

Chahat (Am) Aisi Hai Ye Te (G) Ri
Badhti (F) Jaye (G)
Aahat (Am) Aisi Hai Ye (G) Teri
Mujhko Sa (F) Taye (G)
Yaade (Am) Gehri Hai It (G) Ni
Dil Doob (F) Jaye (G)
Aur (Am) Aankho Me Ye (G) Gam
Num (F) Ban (G) Jaye

(Am) (G) (F) (G)
(Am) (G) (F) (G)

Hey Hey Heyayayay Ooooooo Ooooo

Ab To (Am) Aadat Si Hai Mujh (G) Ko
Aise Jee (F) Ne Me (G)

(Am) (G) (F) (G)
(Am) (G) (F) (G)

Hey Hey Hey Ye Ye Ye Oooooo Oooooo
Aaaaaaaa Aaaaa Oooooo Ooo

Sabhi Raate (Am) Hai
Sabhi Baate (G) Hai (F)
Bhula Do (Am) Unhe
Mitado (G) Unhe (F)

(Am) (G) (F) (G)
(Am) (G) (F) (G)
Aaaa Aaaa Aaaa
Aaaaa Ooooooooo

Ab To (Am) Aadat Si Hai Mujh (G) Ko (F)', 'Jal', 'Aadat', 2004, 'Capo - 4th Fret', 'https://wrytin.com/rahulpandey/aadat-chords-jal-jeldiljp', FALSE, '2022-12-19T15:54:07.913000+00:00', '2022-12-19T15:54:47.557000+00:00');
INSERT INTO public.note_tags (id, user_id, note_id, tag_id) VALUES ('7c5eeb8c-0098-4f90-aafd-d944422d987e', '3917b9a9-a856-4f33-a910-6ad73f9fa25b', 'a874d864-e570-4d28-8bbd-a87b4b169e6f', '94f83bf8-1cd6-44f7-9e77-dc2d9928b555');
INSERT INTO public.note_tags (id, user_id, note_id, tag_id) VALUES ('c8db27cf-3531-48a6-856c-526f84359b37', '3917b9a9-a856-4f33-a910-6ad73f9fa25b', 'a874d864-e570-4d28-8bbd-a87b4b169e6f', '26bec2c9-84b7-4e97-8246-28dd469f49cd');
INSERT INTO public.notes (id, user_id, title, content, artist, album, release_year, metadata, "references", isPinned, created_at, updated_at) VALUES ('71acde38-83fe-414d-a06c-f6989ab83ffc', '3917b9a9-a856-4f33-a910-6ad73f9fa25b', 'Naam hai tera (Aap ka Surroor)', '', 'Himesh Reshammiya', 'Aap Kaa Surroor', 2006, NULL, 'https://www.youtube.com/watch?v=Q9dbNre_yyk', FALSE, '2018-08-05T06:23:04.213000+00:00', '2018-08-05T06:23:11.592000+00:00');
INSERT INTO public.note_tags (id, user_id, note_id, tag_id) VALUES ('5e99f021-250d-4cb8-8b91-ca7d59fe6387', '3917b9a9-a856-4f33-a910-6ad73f9fa25b', '71acde38-83fe-414d-a06c-f6989ab83ffc', 'ca29fa62-24fc-4ecb-808c-f795c7122529');
INSERT INTO public.note_tags (id, user_id, note_id, tag_id) VALUES ('91f266be-0ba8-410a-872b-3a469e04f818', '3917b9a9-a856-4f33-a910-6ad73f9fa25b', '71acde38-83fe-414d-a06c-f6989ab83ffc', '94f83bf8-1cd6-44f7-9e77-dc2d9928b555');
INSERT INTO public.note_tags (id, user_id, note_id, tag_id) VALUES ('30212359-288e-4904-9944-6dbadbb121d3', '3917b9a9-a856-4f33-a910-6ad73f9fa25b', '71acde38-83fe-414d-a06c-f6989ab83ffc', '22c9085c-724b-4679-aa10-b79b72f9b0be');
INSERT INTO public.notes (id, user_id, title, content, artist, album, release_year, metadata, "references", isPinned, created_at, updated_at) VALUES ('f74db73c-11bf-4378-9281-dc0efbfef5c0', '3917b9a9-a856-4f33-a910-6ad73f9fa25b', 'Jan Gan Man', 'jan gaN man adhinaayak jay he 
e-0--2--4-4-4-4-4--4-4-4--4-4--2--4--5--
bhaarat bhaagy vidhaataa 
e-4--4-4----2--2-2-----2-0-
B----------------------4------

pu.njaab si.ndh gujaraat maraaThaa
e-0--7--7-7-7--7-7-7-7-7--7-6-7---

dravi.D utkal banga
e-5--5-5----4--4-4----2-5-4---

vi.ndhy himaa.nchal yamunaa ga.ngaa
e-4--4-4--4--4-4--7--7-7--5-5-

uchchhal jaladhi taranga 
e-4--4-4----2--2-2-----2-0-
B----------------------4------

tav shubh naame jaage 
e----0--2--4-4-4--4-4-4--4-4-4--2-4-5--
B---------------------------------------------

tav shubh aashiSh maa.nge 
e-4-5-7--7-7----5--5-5--2-5-4-

gaaye tav jay gaaThaa 
e-4--4-4----2--2-2-----2-0-
B----------------------2------

jan gaN ma.ngal daayak jay he 
e-7-7-7-7-7-7-7--7-7-7--7-6-7-

bhaarat bhaagy vidhaataa
e-5--5-5--5--5-5--2-5-4---

jay he jay he jay he 
e-12-11-12----11-9-11----9-7-9-

jay jay jay jay he
e-0---2---4----2-4-5--', 'Rabindranath Tagore', 'National Anthem of India', 1911, NULL, NULL, FALSE, '2017-11-07T17:43:28.531000+00:00', '2017-11-07T18:29:07.780000+00:00');
INSERT INTO public.note_tags (id, user_id, note_id, tag_id) VALUES ('f908b5a8-8af7-4bec-b899-a9e01199b03a', '3917b9a9-a856-4f33-a910-6ad73f9fa25b', 'f74db73c-11bf-4378-9281-dc0efbfef5c0', 'ae6a7dff-8c54-4846-bf93-deb177ecbb68');
INSERT INTO public.note_tags (id, user_id, note_id, tag_id) VALUES ('0375b024-00c0-403c-92c5-8045d5624e74', '3917b9a9-a856-4f33-a910-6ad73f9fa25b', 'f74db73c-11bf-4378-9281-dc0efbfef5c0', '22c9085c-724b-4679-aa10-b79b72f9b0be');
INSERT INTO public.note_tags (id, user_id, note_id, tag_id) VALUES ('4895a75c-124e-4a26-8070-c88f204bb91f', '3917b9a9-a856-4f33-a910-6ad73f9fa25b', 'f74db73c-11bf-4378-9281-dc0efbfef5c0', 'f22d1b82-b224-4a44-a581-b5c25015af54');
INSERT INTO public.notes (id, user_id, title, content, artist, album, release_year, metadata, "references", isPinned, created_at, updated_at) VALUES ('87ab8d80-a74d-4e6c-b081-db9bbb7a17f9', '3917b9a9-a856-4f33-a910-6ad73f9fa25b', 'Ek Din Teri Rahon Me', 'Intro
e-----------------------------------------------------------
B-----6-5-6-6-6-5-6----------5----5-5-5-----5--
G---------------------------------------7----------7----
D--7---------------------------7------------------------

e------------------------------------------
B----5-----5-5-5-5--5-6-5------5--
G-------7-------------------------7----
D--7------------------------------------

e--------------------------------------5-6-----------
B-----5-----5-5-5-5-----5-6-8---------8/10--
G--------7---------------7---------------------------
D--7-------------------------------------------------', 'Zubeen Garg', 'Naqaab', 2007, NULL, NULL, FALSE, '2019-11-02T07:59:17.414000+00:00', '2019-11-02T08:01:27.138000+00:00');
INSERT INTO public.note_tags (id, user_id, note_id, tag_id) VALUES ('c77e50e8-a51e-4a85-8018-8aaa418f146b', '3917b9a9-a856-4f33-a910-6ad73f9fa25b', '87ab8d80-a74d-4e6c-b081-db9bbb7a17f9', '39d6ed04-fc5c-427e-9060-9041887f4d0e');
INSERT INTO public.note_tags (id, user_id, note_id, tag_id) VALUES ('0ae0efae-7d05-425c-a828-27bd4e09258d', '3917b9a9-a856-4f33-a910-6ad73f9fa25b', '87ab8d80-a74d-4e6c-b081-db9bbb7a17f9', '94f83bf8-1cd6-44f7-9e77-dc2d9928b555');
INSERT INTO public.note_tags (id, user_id, note_id, tag_id) VALUES ('aed21192-6cb3-4c40-9ffb-79c26bdd6993', '3917b9a9-a856-4f33-a910-6ad73f9fa25b', '87ab8d80-a74d-4e6c-b081-db9bbb7a17f9', '22c9085c-724b-4679-aa10-b79b72f9b0be');
INSERT INTO public.notes (id, user_id, title, content, artist, album, release_year, metadata, "references", isPinned, created_at, updated_at) VALUES ('f986c477-0476-40f5-9023-75f2e2198de0', '3917b9a9-a856-4f33-a910-6ad73f9fa25b', 'Soch (Hardy Sandhu)', 'Hmm Hmm Hmm Hmmm
G-9--8---9/11---9---------------------------------|
D----------------------------------------------------|
Hoo Hoo hooo
G-8h9p8h--9/6---5---6/8--6------------------------|
D----------------------------------------------------|

Main pyar ton vadh tenu pyar karan
G-8--999--88-9/11-11--9999--------------------|

Tenu sajda sohne lakh baar karan
G-8/9-8--666--5-6/8--8--6666------------------|

Repeat above two lines.

Je din nu aakhe tu raat mahi
G-1--1--1/13-13-11-11/13--11-9999-----------|

Ve main raat samajh aitbaar karan
G-8/9--8--666--55-6/8-8--6-2/4--2-1---------|

Main tere layi duniya nu chadeya
E------4-----4---------------------------------------|
B---------7-------555--5555-----------------------|
G-4-4------------------------------------------------|

Tere layi door apne kare
E------4-----4---------------------------------------|
B---------7-----555-5/7--55----------------------|
G-4-4------------------------------------------------|

Ve main tenu kina chaundi aa
B-5-4/5-4/5---------------------------------------|
G---------------66666-5----------------------------|

Eh gal teri soch ton pare
G-5-6/8-8-8--6-4-2/4--2-1-----------------------|

Main saha bina saah nibha sakdi
E------4-----4---------------------------------------|
B---------7-------555--5555-----------------------|
G-4-4------------------------------------------------|

Tere bina pal vi na sare
E------4-----4---------------------------------------|
B---------7-----555-5/7--55----------------------|
G-4-4------------------------------------------------|

Ve main tenu kina chaundi aa
B-5-4/5-4/5---------------------------------------|
G---------------66666-5----------------------------|

Eh gal teri soch ton pare
G-5-6/8-8-8--6-4-2/4--2-1-----------------------|
D-----------------------------------------------------|', 'Hardy Sandhu', 'Soch', 2013, NULL, 'https://www.youtube.com/watch?v=zwuoSZjhfkU
http://rockonguitar247.blogspot.in/2014/01/soch-guitar-tabs-hardy-sandhu-punjabi.html', FALSE, '2018-01-14T10:49:59.981000+00:00', '2018-01-15T09:33:40.215000+00:00');
INSERT INTO public.note_tags (id, user_id, note_id, tag_id) VALUES ('1f331af7-d702-44e5-b14e-b12f9d65ed00', '3917b9a9-a856-4f33-a910-6ad73f9fa25b', 'f986c477-0476-40f5-9023-75f2e2198de0', 'f38a575b-3040-4496-8494-78d603e260b4');
INSERT INTO public.note_tags (id, user_id, note_id, tag_id) VALUES ('53ce32d3-103b-4a12-bcb4-d29245e20fe0', '3917b9a9-a856-4f33-a910-6ad73f9fa25b', 'f986c477-0476-40f5-9023-75f2e2198de0', '94f83bf8-1cd6-44f7-9e77-dc2d9928b555');
INSERT INTO public.note_tags (id, user_id, note_id, tag_id) VALUES ('e3367731-9ebd-4381-be83-4f9c98d26592', '3917b9a9-a856-4f33-a910-6ad73f9fa25b', 'f986c477-0476-40f5-9023-75f2e2198de0', '22c9085c-724b-4679-aa10-b79b72f9b0be');
INSERT INTO public.notes (id, user_id, title, content, artist, album, release_year, metadata, "references", isPinned, created_at, updated_at) VALUES ('87deafa3-7172-415c-9161-53e44f833caf', '3917b9a9-a856-4f33-a910-6ad73f9fa25b', 'Perfect - Ed Sheeran', 'I found a love for me
```e | - - - - - - - - - - - - - - - -
B | - - - - - - - - - -1- - - -1-  
G | - - - - 1-1 - - - - -3-1- - - 
D | - 1-3 - - - - - - - - - - - - - 
```

Darling, just dive right in and follow my lead
```e | - - - - - - - - - - - - - - - - - - - - - - - - - - - - - 
B | - - 1-1-1 - - - - - - - - - - -1- - - - - - - - -  - - - 
G | -3 - - - - - 1-1 - - - - 1-3 - - 3 - - - - - - - - - - 
D | - - - - - - - - - - - - - - - - - - - - - - - - - - - - - 
```

Well, I found a girl, beautiful and sweet
```e | - - - - - - - - - - - - - - - - - - - - - - - - - - - - - 
B | - 1- - - 1- - - 4h - - 1- - - - - - - - - - - - - - - 
G | - - 3 -1- - - - - - - - - -3 -1- - - 1 - - - - - - - - 
D | - - - - - - - - - - - - - - - - - - - - - - - - - - - - - 
```

Oh, I never knew you were the someone waiting for me
```e | - - - - - - - - - - - - - - - - - - - - - - - - - - - - - 
B | - - - -1-2h- - 2-1h - - - - - - - - - - - - 1-- - - 
G | -1-3- - - - - - - - - - - -3-3-1h- - -1-3- - 3 - - 
D | - - - - - - - - - - - - - - - - - - - - - - - - - - - - - 
```

''Cause we were just kids when we fell in love
```e | - - - - - - 1 - - - - - - - - - - - 
B | -4-4-4 - - 1 - - -1- - 1 - -1- -
G | - - - - - - - - -3- - - - - - - - - 
```

Not knowing what it was
```e | - - - - - - - - - - - - - 
B | -1- - - -1- - 1 - - 1 - 
G | - -3-1- - - - - - - - - 
```

I will not give you up this time
```e | - - - - - - - - - - - - - - - - - - - - - - - - - - - - - 
B | -1- - - - 2h - - -1- - - - - - - - - - 1h - - - -2- 1 - - - 
G | - - 3 -1- - - - - - - - - -1- - - - - - - - - - - - - - - 3--
D | - - - - - - - - - - - - - - - - - 1 - - - - - - - - - - - 
```

But darling, just kiss me slow
```e | - - - - - - - - - - - - - 
B | -1- - - -1- - 1 - - 1 - 
G | - -3-1- - - - - - - - - 
```

Your heart is all I own
```e | - - - - - - - - - - - - - 
B | -1- - - -1- - 1 - - 1 - 
G | - -3-1- - - - - - - - - 
```

And in your eyes you''re holding mine
```e | - - - - - - - - - - - - - - - - - - - - - - - - - - - - - 
B | -1- - - - 2h - - -1- - - - - - - - - - - - - - - 
G | - - 3 -1- - - - - - - - - -1- - - -3 - - - 3- - 
D | - - - - - - - - - - - - - - - - - 1 - - - - - - - - - - - 
```

Baby, I''m dancing in the dark
```e | - - - - - - - - - - - -4 - 3-1- -3- - - - - - - - - - 
B | -4- -1- - - - - - - - - - - - - - - 1 - - - - - - - - -
G | - - - - - -1- - - - - - - - - - - - - - - - - - - - - -
D | - - - - - - - - - - - - - - - - - - - - - - - - - - - - - 
```

With you between my arms, Barefoot on the grass
```e | - - - - - - - - - - - - - - - -4- -3-1- - - - - - - - - 
B | -4- -2-1- - - - - - - - - - - - - - - - - -1- - - - - 
G | - - - - - - -3-1- - - - - - - - - - - - - 1 - - - - - - 
D | - - - - - - - - - - - - - - - - - - - - - - - - - - - - - 
```

Listening to our favourite song
```e | - - - - - - - -1 - - - - - - -
B | -4- 4-4-4 - - - 1 - - - -
G | - - - - - - - - - - - 3-1- - 
```

When you said you looked a mess
```e | - - - - 4- - 3-1- - 3 - -
B | -1-4- - - - - - - - - -1- 
```

I whispered underneath my breath, But you heard it
```e | - - - - - - - - - - - - - - - - - - - - - - - - - - - - - 
B | - - - -1-4- - - 2-1 - - -2-1h- - - - - - - -2- - - 1-
G | -1-3- - - - - - - - - - - - - - - - - - 3- - - - - - - - - 
D | - - - - - - - - - - - - - - - - - - - - - - - - - - - - - 
```

Darling, you look perfect tonight
```e | - - - - - - - - - - - - - - - - - - - - - - - - - - - - - 
B | - - - 1- - - - - - - - - - - - - - - - - - - - - - - - - 
G | -1-3 - - - 3 - - - 3 - - - 1 - - - 1 - - - - - - - - - 
D | - - - - - - - - - - - - - - - - - - - - - - - - - - - - - 
```

MUSIC
```e | - 8 - - 6 - - 4 - - 3 - - -1- - - - - - - -3- - - 
```

Well, I found a woman, stronger than anyone I know
```e | - - - - - - - - - - - - - - - - - - - - - - - - - - - - - 
B | -1-4- - -1- - -1- - - - - - - -1-1- - - - - - - - - - - - - 
G | - - - -1- - - - - - - - - -1-3- - - - 3-3-3 - - - - - - - - - - 
D | - - - - - - - - - - - - - - - - - - - - - - - - - - - - - 
```

She shares my dreams, I hope that someday I''ll share her home
```e | - - - - - - - - - - - - - - - - - - - - - - - - - - - - - 
B | - - - - 1-2 - - -2-1- - - - - - - - - - 1 - - - - - 1 - - - 4 - 
G | -1-3- - - - - - - - - -3-3-1- - -1-3- - 3 - - - - - - - - - - - 
D | - - - - - - - - - - - - - - - - - - - - - - - - - - - - - 
```

I found a love to carry more than just my secrets
```e | - 1 - - - - - - - - - - - - - - - - - - - - - - - - - - - 
B | - - 4-1-4-1 - - - - - - - 1-4-4 - - - -1-1- - - - - - - - - - - - - - 
G | - - - - - - - - 3-1 - - - - - - - - - - - - - - - - 3-3-1 - - - 
D | - - - - - - - - - - - - - - - - - - - - - - - - - - - - - 
```

To carry love, to carry children of our own
```e | - - - - - - - - - - - - - - - - - - - - - - - - - - - - - 
B | - - - -1-2- - - -4-1- - - - - - - - - - - - - - -1- - - - - - 
G | -1-3- - - - - - - - - -3-1- - - - -1-3-3 - - - - - - - - - - - - - 
D | - - - - - - - - - - - - - - - - - - - - - - - - - - - - - 
```

We are still kids but we''re so in love
Fighting against all odds
I know we''ll be alright this time
Darling, just hold my hand
Be my girl, I''ll be your man
I see my future in your eyes

Baby, I''m dancing in the dark
With you between my arms
Barefoot on the grass
Listening to our favourite song
When I saw you in that dress
Looking so beautiful
I don''t deserve this
Darling, you look perfect tonight

Baby, I''m dancing in the dark
With you between my arms
Barefoot on the grass
Listening to our favourite song
I have faith in what I see
Now I know I have met an angel in person
And she looks perfect
I don''t deserve this
You look perfect tonight', 'Ed Sheeran', '÷ (Divide)', 2017, NULL, 'https://www.youtube.com/watch?v=Y5KwhGJntf4', FALSE, '2018-06-23T11:46:37.203000+00:00', '2018-06-27T04:05:40.147000+00:00');
INSERT INTO public.note_tags (id, user_id, note_id, tag_id) VALUES ('1b71ec4f-041d-4ffa-a702-c6debd6bddde', '3917b9a9-a856-4f33-a910-6ad73f9fa25b', '87deafa3-7172-415c-9161-53e44f833caf', '22c9085c-724b-4679-aa10-b79b72f9b0be');
INSERT INTO public.note_tags (id, user_id, note_id, tag_id) VALUES ('f2d17669-dc24-44ac-ad45-a735661f95a6', '3917b9a9-a856-4f33-a910-6ad73f9fa25b', '87deafa3-7172-415c-9161-53e44f833caf', 'eebbc269-be1f-43e9-a641-4b2e91a39ff4');
INSERT INTO public.notes (id, user_id, title, content, artist, album, release_year, metadata, "references", isPinned, created_at, updated_at) VALUES ('9afa6de7-e6fc-41f4-be89-19233f52d318', '3917b9a9-a856-4f33-a910-6ad73f9fa25b', 'O O Jaane Jaana', '=========Starting Tune==============
```E|-----0--0--
B|------3--3-
G|-1h2-2-2-----
```

```B|-3-3-0--0----
G|---2--0h2-0-
```

```B|---0-0-0-0-
G|-0-0----
```

```E|-----0-0------
B|------3-1-3-0-1-0--
G|-1h2-2-2--------2-
```
===================================

B-|-1-1-0--0-1--3-3--0--0--
G-|----2-------2--2-­-0-
O o jane jana dhunde tujhe diwana

```B|--0-0-0-0-0-0-5---5-5-0-1-1-0-­--
G|-0-------------------­2-
```
Sapno mein rozz aae Aa zindagi me aana sanam

E-|--0-----------­-----
B-|---1-----3-0----­-0-0--
G-|-2------2-----2-0-2­---2-
Mera khwab mereee khayaloki rani

E-|---0---------
B-|--1--3-3---0-3-1-1-
G-|2-2----0-0------
Kisi din banegi hamari kahani

E-|-0-0-2---2-2------­-0---0-0--
B-|---------3---3-­3------1-
Aye Meri Bekhudii  Ye Kasam Maine Li

```E|-----------0---0-­-0----
B|-0--0--1--0-1-3---3--­3--3-1-0-
G|--2----2--------­-------
```
Pyaar Mein Ek Din  Meri Jaan Tujhe Hai Paana', 'Kamaal Khan', 'Pyaar Kiya To Darna Kya', 1998, NULL, NULL, FALSE, '2017-10-21T12:38:37.153000+00:00', '2018-01-17T15:57:35.860000+00:00');
INSERT INTO public.note_tags (id, user_id, note_id, tag_id) VALUES ('68944649-b57e-4154-a96b-00621dec0c11', '3917b9a9-a856-4f33-a910-6ad73f9fa25b', '9afa6de7-e6fc-41f4-be89-19233f52d318', '39d6ed04-fc5c-427e-9060-9041887f4d0e');
INSERT INTO public.note_tags (id, user_id, note_id, tag_id) VALUES ('37e69957-0095-495b-9d16-27ab3d0cb888', '3917b9a9-a856-4f33-a910-6ad73f9fa25b', '9afa6de7-e6fc-41f4-be89-19233f52d318', '22c9085c-724b-4679-aa10-b79b72f9b0be');
INSERT INTO public.note_tags (id, user_id, note_id, tag_id) VALUES ('98042eba-4756-4efc-b519-684f48a4e5eb', '3917b9a9-a856-4f33-a910-6ad73f9fa25b', '9afa6de7-e6fc-41f4-be89-19233f52d318', 'f22d1b82-b224-4a44-a581-b5c25015af54');
INSERT INTO public.notes (id, user_id, title, content, artist, album, release_year, metadata, "references", isPinned, created_at, updated_at) VALUES ('fdebf52f-4332-4448-be81-0d5b77727600', '3917b9a9-a856-4f33-a910-6ad73f9fa25b', 'Khairiyat', 'Intro Music:
[Am] [Am] [G] [F] [Two Times]

Chorus
[Am]Khairiyat [G]pucho
Kabhi to [F]kaifiyat [G]pucho
Tumhaare [Dm]bin diwaane [G]ka
Kya haal [E]hai

[Am]Dil mera [G]dekho
Na meri [F]haisiyat [G]pucho
Tere [Dm]bin ek din [G]jaise
Sau saal [E]hai

Pre-Chorus
Anjaam [Dm]hai tay [G]mera
Hona [C]tumhe hai [F]mera
Kitni bhi [G]ho [Gm]dooriyaan
filhal [E]hai
[G]Yeh dooriyaan [F]filhal [E]hai

Chorus
[Am]Khairiyat [G]pucho
Kabhi to [F]kaifiyat [G]pucho
Tumhaare [Dm]bin diwaane [G]ka
Kya haal [E]hai

[Am]Dil mera [G]dekho
Na meri [F]haisiyat [G]pucho
Tere [Dm]bin ek din [G]jaise
Sau saal [E]hai

Verse
Tumhari [Am]tasveer ke [F]sahare
[Am]Mausam kayi [F]guzaare
[Dm]Mausami naa [F]smjho
Parr [G]ishq ko [E]humare

[Am]Nazaaro ke [F]samne me
[Am]Aata nhi [F]tumhare
Magar [Dm]rhte ho [F]har pal
[G]Manzar me tum [E]humare

Pre-chorus
Gar ishq [Dm]se hai [G]mila
Fir dard [C]se kya [F]gila
Is dard [G]me [Gm]zindagi
khushhaal [E]hai
[G]Ye dooriyaan [F]filhal [E]hai

Chorus
[Am]Khairiyat [G]pucho
Kabhi to [F]kaifiyat [G]pucho
Tumhaare [Dm]bin diwaane [G]ka
Kya haal [E]hai

[Am]Dil mera [G]dekho
Na meri [F]haisiyat [G]puchho
Tere [Dm]bin ek din [G]jaise
Sau saal [E]hai

Anjaam [Dm]hai tay [G]mera
Hona [C]tumhe hai [F]mera
Kitni bhi [G]ho [Gm]dooriyaan
filhal [E]hai
[G]Yeh dooriyaan [F]filhal [E]hai

Music: [Am] [Am] [G] [F] [Two Times]', 'Arijit Singh', 'Chhichhore', 2019, 'Song Scale/Key: Cm
Capo at 3
D-Chuck  D  U-Chuck', 'https://rewindcaps.com/khairiyat-chords/', FALSE, '2019-09-29T12:10:03.675000+00:00', '2020-06-15T03:39:00.399000+00:00');
INSERT INTO public.note_tags (id, user_id, note_id, tag_id) VALUES ('9eba13fc-cac1-42ea-a8f5-0b0e7214db0b', '3917b9a9-a856-4f33-a910-6ad73f9fa25b', 'fdebf52f-4332-4448-be81-0d5b77727600', '94f83bf8-1cd6-44f7-9e77-dc2d9928b555');
INSERT INTO public.note_tags (id, user_id, note_id, tag_id) VALUES ('e4267f3c-6db1-4021-a3e4-644d463ac8fb', '3917b9a9-a856-4f33-a910-6ad73f9fa25b', 'fdebf52f-4332-4448-be81-0d5b77727600', '26bec2c9-84b7-4e97-8246-28dd469f49cd');
INSERT INTO public.note_tags (id, user_id, note_id, tag_id) VALUES ('68cf28d4-ac4f-4e78-b96b-1f69b0d1c41b', '3917b9a9-a856-4f33-a910-6ad73f9fa25b', 'fdebf52f-4332-4448-be81-0d5b77727600', '8d4fc519-7375-432c-8b6a-6cf000e9f287');
INSERT INTO public.notes (id, user_id, title, content, artist, album, release_year, metadata, "references", isPinned, created_at, updated_at) VALUES ('dbdbe12e-655f-4d14-b07c-70bec2adaa3b', '3917b9a9-a856-4f33-a910-6ad73f9fa25b', 'Jitni Dafa', 'Intro
E-9-8-9-11-9-8------------9-8-9-11-9-8-----
B---------------------11---------------------------11---

E---8-----------8--------------8-11-13-------
B------11--9----------9-11--------- ----13-11-

(Am) Jitni dafa (Am) dekhun tumhein
(C) Dhadke zoron (G) se Aisa to kabhi (G) hota nahi
(E) Milke ghairon (Am) se

Door (Am) jaana na(Am)hi tumko (G) hai ka(Am)sam
Khud se (Am) zyada tu(Am)mhein chah(G)te hain sa(Am)nam
Door (Am) jaana na(F)hi mujhse (G)ae sa(Am)nam
Khud se (Am) zyada tu(F)mhein chah(G)te hain sa(Am)nam

(Am)Dil mein jo bhi (F)hai (G)tera hi to (C)hai
(A)Chahe jo maang (F)lo (G)roka kisne (Am)hai

(Am)Katal agar (Am)karna ho, 
(C)karna dheere (G)se Uff bhi nahi(G)niklegi 
(E)mere hothon (Am)se

Door (Am) jaana na(Am)hi tumko (G) hai ka(Am)sam
Khud se (Am) zyada tu(Am)mhein chah(G)te hain sa(Am)nam
Door (Am) jaana na(F)hi mujhse (G)ae sa(Am)nam
Khud se (Am) zyada tu(F)mhein chah(G)te hain sa(Am)nam', 'Yasser Desai', 'Parmanu: The Story of Pokhran', 2018, 'Capo on 1st fret
Strum : D Chuck U U Chuck U OR D Chuck U U D U
Chords used : Am, Em, G, C, F', 'https://www.youtube.com/watch?v=klo4EnLJK-w', FALSE, '2018-10-17T02:27:58.386000+00:00', '2019-03-09T07:34:07.547000+00:00');
INSERT INTO public.note_tags (id, user_id, note_id, tag_id) VALUES ('99e1f2b5-4764-40f5-bdb5-f4005cbbde8c', '3917b9a9-a856-4f33-a910-6ad73f9fa25b', 'dbdbe12e-655f-4d14-b07c-70bec2adaa3b', '39d6ed04-fc5c-427e-9060-9041887f4d0e');
INSERT INTO public.note_tags (id, user_id, note_id, tag_id) VALUES ('bd108fd5-1ab7-4ade-bc4f-2763d187bd23', '3917b9a9-a856-4f33-a910-6ad73f9fa25b', 'dbdbe12e-655f-4d14-b07c-70bec2adaa3b', '94f83bf8-1cd6-44f7-9e77-dc2d9928b555');
INSERT INTO public.note_tags (id, user_id, note_id, tag_id) VALUES ('33e46ab2-0299-44bc-a025-e6529ccb39bd', '3917b9a9-a856-4f33-a910-6ad73f9fa25b', 'dbdbe12e-655f-4d14-b07c-70bec2adaa3b', '26bec2c9-84b7-4e97-8246-28dd469f49cd');
INSERT INTO public.notes (id, user_id, title, content, artist, album, release_year, metadata, "references", isPinned, created_at, updated_at) VALUES ('58f18a83-67d4-4683-b26f-4ea16a6b32f1', '3917b9a9-a856-4f33-a910-6ad73f9fa25b', 'Dhuaan - Fugly', 'For F#m you can use A

=========FINGERSTYLE (4-3-1-2)========
(A)....(A)....(A)....(A)

(A)Dhuaan dhuaan si hai (Dm)zindagi
(A)Dhundhla sa hai, (Dm)khwaab kahin
(D)Kho gayi jaane kahaan (A)woh khushi
(E)Dikhti na(D)hi hai rosh(A)ni

(F#m)Kaise din the, aur kaisi thi woh (D)raatein
(A)Jab karte the hum sapno se hi (D)baatein
(E)Gum ho gayi hai woh hasi

(F#m)Hmmm…(D)Hmmmm….(E)Hmmmmm…(A)Hmmmmm 

(F#m)Ho na kinara haan (D)na sahara haan
(E)Jaane kahaan main jaa (A)raha
(F#m)Chalte chalte, hey (D)raah par kyun
(E)Ruk si gayi hai zindagi

(A)Dhuaan dhuaan si hai (Dm)zindagi
(A)Dhundhla sa hai, (Dm)khwaab kahin
(D)Kho gayi jaane kahaan (A)woh khushi
(E)Dikhti na(D)hi hai rosh(A)ni

=========STRUMMING (D D DUDU DU)========
(A)Yaari ka asar tha, (F#m)na koi fikra na darr tha
(D)Zinda dili se jeete (E)the (A)hum
(A)Ab waqt hum se khafa hai
(F#m)Jeene ki ab na wajah hai
(D)Yeh kaisa toofan aa (E)gaya
(E)Chup chup ke rone main laga

=========FINGERSTYLE (4-3-1-2)========
(A)Dhuaan dhuaan si hai (Dm)zindagi
(A)Dhundhla sa hai, (Dm)khwaab kahin
(D)Kho gayi jaane kahaan (A)woh khushi
(E)Dikhti na(D)hi hai rosh(A)ni', 'Arijit Singh', 'Fugly', 2014, 'Fingerstyle : 4-3-1-2
Strumming : D D DUDU DU', NULL, FALSE, '2022-02-17T13:46:29.189000+00:00', '2022-02-17T13:52:54.121000+00:00');
INSERT INTO public.note_tags (id, user_id, note_id, tag_id) VALUES ('64be6792-0a1d-4daa-b6ae-a032f98df4fd', '3917b9a9-a856-4f33-a910-6ad73f9fa25b', '58f18a83-67d4-4683-b26f-4ea16a6b32f1', '94f83bf8-1cd6-44f7-9e77-dc2d9928b555');
INSERT INTO public.note_tags (id, user_id, note_id, tag_id) VALUES ('538f8e91-8bf9-4a8e-a5fb-8d753f2dc3de', '3917b9a9-a856-4f33-a910-6ad73f9fa25b', '58f18a83-67d4-4683-b26f-4ea16a6b32f1', '26bec2c9-84b7-4e97-8246-28dd469f49cd');
INSERT INTO public.note_tags (id, user_id, note_id, tag_id) VALUES ('136bcf75-6528-4137-92e2-35f7adeb00c1', '3917b9a9-a856-4f33-a910-6ad73f9fa25b', '58f18a83-67d4-4683-b26f-4ea16a6b32f1', '8d4fc519-7375-432c-8b6a-6cf000e9f287');
INSERT INTO public.notes (id, user_id, title, content, artist, album, release_year, metadata, "references", isPinned, created_at, updated_at) VALUES ('ea562c24-76f9-4890-ac3e-d5685c35fa44', '3917b9a9-a856-4f33-a910-6ad73f9fa25b', 'Mann Jaage - Bittoo Boss', '(Am) Mann jaage saari raat (F)
Mera (Am) dewaana
(Am) Mann maane na ye baat (F)
Ki woh tha (Am) begaana
(Am) Mann jaage saari raat (F)
Mera (Am) dewaana
(Am) Mann maane na ye baat (F)
Ki woh tha (Am) begaana

Hai khud se (C) hi (F)
Khafa (G) khafa (Em)
Kya chahi(C)ye (F)
Nahi (G) pata, (Em) banwara

(Am) Paaya woh naa chaaha
(G) Chaaha woh naa paaya
(F) Jiske peeche bhaage
Woh (G) saaya hai re saaya
(Am) Kya kya raste dhoondhe
(G) Kya kya dukh naa paaya
Par (F) saaya thehra saaya
Ke (G) haathon mein na aaya

Koi (C) subaah (F)
Jo main (G) uthoon (Em)
Bhujhe (C) agan (F)
Mile (G) sukoon, (Em) banwara

(Am) Ginta rehta taare
(G) Lotoon main angaare
(F) Khud se ladta phirta
Yeh (G) jag ko thokar maare
(Am) Kheenche kheenche baithe
(G) Baithe baithe bhaage
Na (F) sunta khudke aage
Yeh (G) pagal ho gaya re

(Am) Paaya woh na chaaha
(G) Chaaha woh na paaya
(F) Jiske peeche bhaage
Woh (G) saaya hai re saaya
(Am) Kya kya raste dhoondhe
(G) Kya kya dukh na paaya
Par (F) saaya thehra saaya
Ke (G) haathon mein na aaya

Hai (C) zindagi (F)
Muhaal (G) kyun (Em)
Bana (C) liya (F)
Yeh haal (G) kyun, (Em) bata

(Am) Uljha uljha rehta na
(G) Sunta na kuch kehta
(F) Sooni sooni aankhon se
(G) Reh reh paani behta
(Am) Toote saare naate
(G) Haara main samjhate
(F) Bichde din aur saathi
Phir (G) wapas nahi aate

(Am) Wapas nahi (C) aate
(G) Wapas nahi (Am) aate

Ye (Am) dard kyun
Ye (G) pyaas kyun
(F) Phira kare
(G) Udaas kyun
Ye (Am) rald kyun
(G) Talaash kyun
(F) Bata, (Em) banwara

(Am) Thandi aahein bharke
(G) Jeeta hai mar mar ke
(F) Pyaasa reh gaya hai
(G) Dariya se guzar ke
(Am) Dhoke se nazar ke
(G) Jhoke se umar ke
(F) Ret ke mahal sa
Deh (G) gaya hai bikhar ke

(Am) Thandi aahein bharke
(G) Jeeta hai mar mar ke
(F) Pyaasa reh gaya hai
(G) Dariya se guzar ke
(Am) Dhoke se nazar ke
(G) Jhoke se umar ke
(F) Ret ke mahal sa
Deh (G) gaya hai bikhar ke', 'Shahid Mallya', 'Bittoo Boss', 2012, 'Capo at 5
D UUD UUD DU', 'https://wrytin.com/manishchauhan/mann-jaage-chords-bittoo-boss-jg9nyu43', FALSE, '2019-05-09T02:27:28.590000+00:00', '2019-05-18T07:53:37.964000+00:00');
INSERT INTO public.note_tags (id, user_id, note_id, tag_id) VALUES ('aa9280dd-c7be-41f7-a301-80ec342d0778', '3917b9a9-a856-4f33-a910-6ad73f9fa25b', 'ea562c24-76f9-4890-ac3e-d5685c35fa44', '94f83bf8-1cd6-44f7-9e77-dc2d9928b555');
INSERT INTO public.note_tags (id, user_id, note_id, tag_id) VALUES ('6e1b564e-13ab-48c0-9d20-1ff96060634e', '3917b9a9-a856-4f33-a910-6ad73f9fa25b', 'ea562c24-76f9-4890-ac3e-d5685c35fa44', '26bec2c9-84b7-4e97-8246-28dd469f49cd');
INSERT INTO public.notes (id, user_id, title, content, artist, album, release_year, metadata, "references", isPinned, created_at, updated_at) VALUES ('7828c149-435c-4166-bd7b-b2c7ba80ac7c', '3917b9a9-a856-4f33-a910-6ad73f9fa25b', 'Asal Mein - Darshan Raval', 'INTRO (without capo)
```e | -4 -4-3-4- 4/8 -6-8 -6h8 - 
```

```e | -4 -4-3-4-4-3 - - - - - - - - - 
B | - - - - - - - - - - - 4-6- 4h6- -
```

===========FINGERSTYLE===============
[G]Kyu khuda ne [Cadd9]di laqeerein
[Em]Jisme zaahir [D]naam nhi tera
[G]Likh raha hu [Cadd9]dard saare
[Em]Yu to shaayar [D]naam nhi mera

Music: G, C

Itna [Bm]bhi kya [C]bewaffa [D]koi hota hai [G]
Ye soch [Bm]kar raat [C]bhar
[D]Dil ye rota hai [G]

===========6 3   2 Chuck  3 4===============
Asal mein [G]tum nhi ho mere
[Cadd9]Tum nahi ho mere
[Em]Tum nahi ho mere [D]nahi ho mere
[G]Tum nhi ho mere
[Cadd9]Tum nahi ho mere
[Em]Tum nahi ho mere [D]nahi ho mere

Music: G, Cadd9, Em, D

===========FINGERSTYLE===============
[G]Aasmaan se [Cadd9]kya khatta hui
[Em]Taara uska [D]toota kyu
[G]Log mujhse [Cadd9]puchte hai
[Em]Saath apna [D]chhoota kyu

===========6 3   2 Chuck  3 4===============
[Bm]Kya majburiyaan kaisi ye [C]dooriyaan
[D]Dil ye samjhe [G]na
[Bm]Hote hai pyaar me ese bhi [C]imtehaan
[D]Maine abb [G]jaana

Music: Cm

===========FINGERSTYLE===============
[G]Khwaab he bas [Cadd9]reh gye hai
[Em]Jinme ho tum [D]humsafar mere

===========6 3   2 Chuck  3 4===============
Asal mein [G]tum nahi ho mere
[Cadd9]Tum nahi ho mere
[Em]Tum nahi ho mere [D]nahi ho mere
[G]Tum nahi ho mere
[Cadd9]Tum nahi ho mere
[Em]Tum nahi ho mere [D]nahi ho mere', 'Darshan Raval', 'Asal Mein', 2020, 'Song Scale/Key: G#
Capo at: 1st Fret
Fingerstyle : 6 3 2 1   2 3 4
Strum : 6 3   2 Chuck  3 4
Chords used : G, C, Em, D, Bm, Cm', 'https://www.youtube.com/watch?v=kvbuoKPUMSQ', FALSE, '2020-04-06T00:55:10.512000+00:00', '2020-05-15T01:37:36.036000+00:00');
INSERT INTO public.note_tags (id, user_id, note_id, tag_id) VALUES ('73d39e1a-de09-4d34-a439-2acd64f1ab28', '3917b9a9-a856-4f33-a910-6ad73f9fa25b', '7828c149-435c-4166-bd7b-b2c7ba80ac7c', '39d6ed04-fc5c-427e-9060-9041887f4d0e');
INSERT INTO public.note_tags (id, user_id, note_id, tag_id) VALUES ('66a29ba0-aebd-41a9-a263-85f5ce05ea2a', '3917b9a9-a856-4f33-a910-6ad73f9fa25b', '7828c149-435c-4166-bd7b-b2c7ba80ac7c', '94f83bf8-1cd6-44f7-9e77-dc2d9928b555');
INSERT INTO public.note_tags (id, user_id, note_id, tag_id) VALUES ('2f36c57e-2d09-44c5-ba72-6e91ca967327', '3917b9a9-a856-4f33-a910-6ad73f9fa25b', '7828c149-435c-4166-bd7b-b2c7ba80ac7c', '26bec2c9-84b7-4e97-8246-28dd469f49cd');
INSERT INTO public.notes (id, user_id, title, content, artist, album, release_year, metadata, "references", isPinned, created_at, updated_at) VALUES ('6975bf62-069b-44b6-8145-548d13fd6a6d', '3917b9a9-a856-4f33-a910-6ad73f9fa25b', 'Tere SIva - Delhi Belly', 'huuu (D ) huuhuu [C] 
huuu (D ) huuhuu [Dsus2] ]x2 

ye hai (D ) dhuaan [C] 
ya hai (D ) sazaa [Dsus2] 
kuch na (D ) d ikhe [C] 
tere [D] siva [Dsus2] 
tere sivaaa (G Em C C) 
duniya [C] main kuch bi [Am] na dikhhta hai tere [D] siva 
Tera nasha (G Em C C) 
chhaya [C] hai chaya hai [Am] chaya hai 
tera [D] nasha (C) 

ye [D] nasha bad jae [C] na 
kahin [D] ragon main chad jae [C] na 
tere [G] bin kuchh na [Am] rahooin 
pyaar [C] bebas kar jae [D] na (D) 
iss [D]tarah khona kisi [C] se 
theek [D]bi hai ya [C] nahi 
pyaar [G] k iss sagar [Am] main 
doob [C] jauin [D] kahin. 

ye hai (D) dhuaan [C] 
ya hai (D Am) sazaa [Dsus2] 
kuch na (D) dikhe [C] 
tere (D Am) siva [Dsus2] 
tere sivaaa (G Em C C) 
duniya [C] main kuch bi [Am] na dikhta hai 
tere [D] siva 
Tera nasha (G Em C C) 
chaya [C] hai chaya hai [Am] chaya hai 
tera [D] nasha', 'Ram Sampath, Jigar Saraiya', 'Delhi Belly', 2011, 'Strum : DD UU DD        OR
               D UUD UUD DU
Chords used : D, C, G, Em', 'https://www.youtube.com/watch?v=Vlkz-FJvMZE', FALSE, '2018-10-26T02:16:33.143000+00:00', '2019-04-03T13:15:34.051000+00:00');
INSERT INTO public.note_tags (id, user_id, note_id, tag_id) VALUES ('ac91d78f-060f-4ea3-b483-0d1a434b5ea5', '3917b9a9-a856-4f33-a910-6ad73f9fa25b', '6975bf62-069b-44b6-8145-548d13fd6a6d', '94f83bf8-1cd6-44f7-9e77-dc2d9928b555');
INSERT INTO public.note_tags (id, user_id, note_id, tag_id) VALUES ('1c7c58c4-6d49-4280-bcad-4bed35891d1c', '3917b9a9-a856-4f33-a910-6ad73f9fa25b', '6975bf62-069b-44b6-8145-548d13fd6a6d', '26bec2c9-84b7-4e97-8246-28dd469f49cd');
INSERT INTO public.notes (id, user_id, title, content, artist, album, release_year, metadata, "references", isPinned, created_at, updated_at) VALUES ('85183e66-781a-4dc2-8c45-92fa080ff025', '3917b9a9-a856-4f33-a910-6ad73f9fa25b', 'Labon Ko - KK', '[Para 1]
(Am) Labonn ko la(G)bon pe sajao(F)o
(Am) Kyaa hoo tumm (Am) mujhey abb bata(F)ao
(E) Toddh doo khu(F)dd koo tumm
(G) Banhonn meinn merii
Banhonn (F) meinn merii
Banhonn meinn (G) merii
Banhonn meinn (F)
(Am) aaaaaaaaaaaaa (G) aaaaaaaa (F) aaaaaaaaaoooo (G) 

[Para 2]
(Am) Teree ehsaassonn meinn Bhee(G)gee lamhatoo meinn
Mujhkoo doobaa tish(F)nagii sii hainn (G)
(Am) Terii adaao see dilkassh (G) khataoo see
Inn lamhoo me(F)inn zindagii sii hain (G)
(Am) Hayaa koo zaraa (G) bhooll jaoo (F)
(Am) Meree hii ta(G)rahh peshh aaoo (F)
(E) Khoo bhii doo khudd (F) koo tumm
(G) Raatonn meinn merii
Raatonn (F) meinn merri
Raatonn (G) meinn merri
Raatonn meinn (F)
(Am) Aaaaaaaaa (G) aaaaaaa (F) aaaaaaaaa (G)
(Am) Labonn ko la(G)bon pe sajao(F)o
(Am) Kyaa hoo tumm (Am) mujhey abb bata(F)ao

[Para 3]
(Am) Teree zajbaatonn meinn mehkii (G) sii saasonn meinn
Yehh joh mehekk Sa(F)ndalii sii hainn (G)
(Am) Dill kii panahonn meinn be(G)khrii sii aahonn meinn
Soney kii (F) khwasishh jagii sii hainn (G)
(Am) Chehree see che(G)hraa chupaao (F)
(Am) Senee kii dha(G)ddkan sunaoo (F)
(E) Dekhloo khudd (F) koo tumm
(G) Annkhonn meinn merii
Annkhonn (F) meinn merii
Annkhonn meinn (G) merii
Annkhonn meinnn (F)

[Para 4]
(Am) Aaaaaaaaa, (G) aaaaaaa (F) aaaaaaaaaoo (G)
(Am) Labonn ko la(G)bon pe sajao(F)o
(Am) Kyaa hoo tumm (Am) mujhey abb bata(F)ao', 'KK', 'Bhool Bhulaiyaa', 2007, 'Key - A Minor 
Strumming : D UU D UU D DU
Chords used : Am, G, F, E', 'https://www.youtube.com/watch?v=Gfs8ULN-F54', FALSE, '2023-07-29T14:48:44.558000+00:00', '2023-07-29T14:50:33.350000+00:00');
INSERT INTO public.note_tags (id, user_id, note_id, tag_id) VALUES ('1019cf1a-7e46-4b4d-ad3c-04d94d4cf504', '3917b9a9-a856-4f33-a910-6ad73f9fa25b', '85183e66-781a-4dc2-8c45-92fa080ff025', '94f83bf8-1cd6-44f7-9e77-dc2d9928b555');
INSERT INTO public.note_tags (id, user_id, note_id, tag_id) VALUES ('4bdcd3ff-77b2-405a-aa5c-c430f856fabf', '3917b9a9-a856-4f33-a910-6ad73f9fa25b', '85183e66-781a-4dc2-8c45-92fa080ff025', '26bec2c9-84b7-4e97-8246-28dd469f49cd');
INSERT INTO public.notes (id, user_id, title, content, artist, album, release_year, metadata, "references", isPinned, created_at, updated_at) VALUES ('e292face-620f-4c5a-a9a9-59ddaa7043de', '3917b9a9-a856-4f33-a910-6ad73f9fa25b', 'Phir Aur Kya Chahiye - Zara Hatke Zara Bachke', '[Intro]
[Am]Badle tere maahi
[Am]Laa ke jo koi saari
[Am]Duniya bhi [Dm]de de aga [F]toh
[G]Kise duniya chaahiye

[Chorus]
Tu hai toh mujhe [F]Phir au[G]r kya chaa[Am]hiye
Tu [Dm]hai toh mujhe [F]Phir au[G]r kya chaa[Am]hiye
Kisi ki na [F]madad Na [G]dua chaa[Am]hiye
Tu [Dm]hai toh mujhe [F]Phir au[G]r kya chaa[Am]hiye

[Verse 1]
Sun [Am]haani[Dm]ye
Jind [F]jaani[G]ye
Sau [Am]baar [G]janam loon
[Dm]Toh bhi tu hi
Hum[F]dum har [Fm]dafa chaah[C]iye

Tu hai toh mujhe [F]Phir au[G]r kya chaa[Am]hiye
Tu [Dm]hai toh mujhe [F]Phir au[G]r kya chaa[Am]hiye

[Chorus]
Tu [C]hi re, Tu [C]hi re, Tu [C]hi re, Ni [F]heeriye
Tu [F]hi re, Tu [F]hi re, Tu [F]hi re, Ni [G]heeriye
Tu [F]meri, Main hun tera [C]raanjha
Tu [C]hi re, Tu [C]hi re, Tu [C]hi re, Ni [F]heeriye
Tu [F]hi re, Tu [F]hi re, Tu [F]hi re, Ni [G]heeriye
Tu [F]meri, Main hun tera [C]raanjha

[Verse 2]
O… [C]Jab tak teri [F]neend na [Am]toote
[Dm]Ugta [E]nahin [G]hai sooraj [C]mera
[C]Khwab [Am]rahe kis [C]kaam ke [Am]mere

Sun [Am]haani[Dm]ye, Jind [F]jaani[G]ye
Sau [Am]baar [G]janam loon, [Dm]Toh bhi tu hi
Hum[F]dum har [Fm]dafa chaah[C]iye

[Chorus]
Tu hai toh mujhe [F]Phir au[G]r kya chaa[Am]hiye
Tu [Dm]hai toh mujhe [F]Phir au[G]r kya chaa[Am]hiye', 'Arijit Singh, Sachin-Jigar', 'Zara Hatke Zara Bachke', 2023, 'Capo at 4
Strumming :
Chords used : Am, Dm, F, G', NULL, FALSE, '2023-07-30T01:30:50.860000+00:00', '2023-07-30T01:33:06.176000+00:00');
INSERT INTO public.note_tags (id, user_id, note_id, tag_id) VALUES ('7c27f900-e25c-431a-9254-41c6bfdba091', '3917b9a9-a856-4f33-a910-6ad73f9fa25b', 'e292face-620f-4c5a-a9a9-59ddaa7043de', '94f83bf8-1cd6-44f7-9e77-dc2d9928b555');
INSERT INTO public.note_tags (id, user_id, note_id, tag_id) VALUES ('67bb8be4-d284-4aad-871f-f880db49fba4', '3917b9a9-a856-4f33-a910-6ad73f9fa25b', 'e292face-620f-4c5a-a9a9-59ddaa7043de', '26bec2c9-84b7-4e97-8246-28dd469f49cd');
INSERT INTO public.notes (id, user_id, title, content, artist, album, release_year, metadata, "references", isPinned, created_at, updated_at) VALUES ('01c48513-6660-49a6-9c2b-9cb49e593911', '3917b9a9-a856-4f33-a910-6ad73f9fa25b', 'Do Dil Mil Rahe Hain', '```e | - - - - - - - - - - - - - - - - -  - 
B | - - - - - - - - - - - - - - - - - -
G|-----0-1-0----0-
D|-0-1-3--------3---
```
Do Dil Mil Rahe Hain

```e | - - - - - - - - - - - - - - - - -  - 
B | - - - - - - - - - - - - - - - - - -
G|-----0-1-0----0-
D|-0-1-3-------3---
```
Do Dil Mil Rahe Hain

```e | - - - - - - - - - - - - - - - - -  - 
B | - - - - - - - - - - - - - - - - - -
G|-----0-1-0-----
D|-0-0-3------3-2-3-
```
Magar Chupke Chupke

```e | - - - - - - - - - - - - - - - - -  - 
B | - - - - - - - - - - - - - - - - - -
G|-3-3-------2---0-1-0-
D|-----------3-----
```
Sabhko Ho Rahi Hai

```e | - - - - - - - - - - - - - - - - -  - 
B | - - - - - - - - - - - - - - - - - -
G|-3-3-3-----2---0-1-0-
D|----------3-----
```
Haan Sabhko Ho Rahi Hai

```e | - - - - - - - - - - - - - - - - -  - 
B | - - - - - - - - - - - - - - - - - -
G|---0--0-1-0-----
D|-1-1------3-2-3-
```
Khabar Chupke Chupke

```e | - - - - - - - - - - - - - - - - -  - 
B | - - - - - - - - - - - - - - - - - -
G|-3-0-------
D|---3-1-3-0--
```
Ho O O O

```e | - - - - - - - - - - - - - - - - -  -
B|--1-3-1-------1-
G|-3----3-2---0---
D|--------3-----
```
Sansoon Mein Badi Bekarari

```e | - - - - - - - - - - - - - - - - - 
B|--1-3-1--------
G|-3-----3-2-0-3-
```
Aankhoon Mein Kehi Rat Jage

```e | - - - - - - - - - - - - - - - - -  - ------
B|--1-3-1-------1----------------
G|-3----3-2---0----------
D|--------3------------
```
Kanbhi Kanhi Lag Jaye Dil To…

```e | - - - - - - - - - - - - - - - - -  - 
B|--1-3-1--------
G|-3-----3-2-0-2-3-
```
Kanhi Phir Dil Na Lagey

```e | - - - - - - - - - - - - - - - - -  - 
B|------------1-----
G|-0-1-0-0-1-0-0-1---1---
D|-------------3-
```
Apna Dil Main Zara Tham Loon

```e | - - - - - - - - - - - - - - - - -  - - - - - 
B|------------1-------
G|-0-1-0-0-1-0-0-1---1------
D|-------------3-1-0-
```
Jaadu Ka Main Ise Naam Doon

```e | - - - - - - - - - - - - - - - - -  - 
B | - - - - - - - - - - - - - - - - - -
G|-----0-1-0---0-
D|-0-1-3------3---
```
Jaadu Kar Raha Hai

```e | - - - - - - - - - - - - - - - - -  - 
B | - - - - - - - - - - - - - - - - - -
G|-----0-1-0---0-
D|-0-1-3------3----
```
Jaadu Kar Raha Hai

```e | - - - - - - - - - - - - - - - - -  - 
B | - - - - - - - - - - - - - - - - - -
G|-----0-1-0-----
D|-0-0-3------3-2-3-
```
Asar Chupke Chupke

Do Dil Mil Rahe Hain....', 'Kumar Sanu', 'Pardes', 1997, NULL, NULL, FALSE, '2017-10-26T16:08:12.001000+00:00', '2017-10-27T05:28:50.044000+00:00');
INSERT INTO public.note_tags (id, user_id, note_id, tag_id) VALUES ('07f0aca6-5abd-4745-a42b-d957db8b895c', '3917b9a9-a856-4f33-a910-6ad73f9fa25b', '01c48513-6660-49a6-9c2b-9cb49e593911', '22c9085c-724b-4679-aa10-b79b72f9b0be');
INSERT INTO public.note_tags (id, user_id, note_id, tag_id) VALUES ('5c3583db-81e5-499f-a019-b8e127b2c855', '3917b9a9-a856-4f33-a910-6ad73f9fa25b', '01c48513-6660-49a6-9c2b-9cb49e593911', 'f22d1b82-b224-4a44-a581-b5c25015af54');
INSERT INTO public.notes (id, user_id, title, content, artist, album, release_year, metadata, "references", isPinned, created_at, updated_at) VALUES ('a97de659-21c7-4ee0-b8ea-c7c0eaf84b54', '3917b9a9-a856-4f33-a910-6ad73f9fa25b', 'Keh doon tumhe', 'Socha hai yeh ke tumhe rasta bhulaye
```e | - - - - - - - - - - - - - - - - - - - - - - - - - - - --
B | -10/11-11--10-10-8--8-10 - - - - - - 8-8-8 - -
G | - - - - - - - - - - - - - - - - - - - - - 10-10- - - - - - -
```

Sooni jagah pe kahin chhede daraaye (x2)
```e | - - - - - - - - - - - - - - - - - - - - - - - - - - - --
B | -10/11-11--10-10-8--8-10 - - - - - - 8-8-8 - -
G | - - - - - - - - - - - - - - - - - - - - - 10-10- - - - - - -
```

Arey naa naa haaye re naa naa
```e | - - - - - - - - - - - - - - - - - - - - - - - - - - - - - -------
B | -12-12--12/13--12-10 - - - -12-12--12/13--12-10 - - 
```

Yeh naa karna!
```e | - - - - - - - - - - - - - - - - - - - - - - - - - - - - - 
B | - 10-8- - - -10  - - - - - - - - - - - - - - - - - - - 
G | - - - - - 10- - -  - - - - - - - - - - - - - - - - - - - 
```

Arey nahi re, nahi re, nahi re, nahi re, nahi re
```e | - - - - - - - - - - - - - - - - - - - - - - - - - - - - - - - -
B | - 10-10-12-12-12-10-10 - -10-12-12-12-10-10 - - 
```

nahi re, nahi re, nahi nahi..
```e | - - - - - - - - - - - - - - - - - - - - - - - - - - - - - 
B | - 10-13-13 -- 13-12-12 -- 12-10-10 -- 10-8- - 
```

Keh doon tumhe, Yaa chup rahoon
```e | - - - - - - - - - - - - - - - - - - - - - - - - - - - - - 
B | - 6/8-8 -- 10-10/11 -- 6/8-8 -- 10-10/12 -- -
```

Dil mein mere aaj kya hai
```e | - - - - - - -8 - - - - - - - - - - - - - - - - - 
B | -6/8 - 8 - - - 12 -- 10-8-8/10- 8- - - -
G | - - - - - - - - - - - - - - - - - - - - - - - - -10--
```

Jo bolo toh jaanu, Guru tumko maanu
```e | - - - - - - - - - - - - - - - - - - - - - - - - - - - - 
B | - - - - - - 8-10-10-8-- - - - - - 8-10-10-8- - 
G | - 10-10 - - - - - - - - - 10-10- - - - - - - - - -
```

Chalo yeh bhi waada hai
```e | - - - - - - - - 8- - - - - - - - - - - --
B | - - - - - -8 - - - 12 -- 10 -- 8-8- - 
G | -10-10- - - - - - - - - - - - - - - - - 
```

Aankhon hi aankhon mein, Baatein hui kya bataa
```e | - - - - - - - - - - - - - - - - - - - - - - - - - - - - - 
B | - 10-8-8-10 -- 10-8-8-10 -- 10-8-8-10-12- - 
```

Baaton hi baaton mein, Ho gayi hoon lapata (x2)
```e | - - - - - - - - - - - - - - - - - - - - - - - - - - - 10-9- - - - - 
B | - 10-8-8-10 -- 10-8-8-10 -- 10-8-8- - - - - 12-10
```

Haan re, haan re
Dil mein tere ab hai rehna
Are kabhi na kabhi toh kahin na kahin pe
Hota nahi hai jo hua hai abhi abhi

(Keh doon tumhe)', 'Kishore Kumar, Asha Bhosle', 'Deewaar', 1975, NULL, NULL, FALSE, '2018-01-13T11:59:35.102000+00:00', '2019-04-04T04:09:23.952000+00:00');
INSERT INTO public.note_tags (id, user_id, note_id, tag_id) VALUES ('a1b36988-d535-4ecb-980c-55c9f56efd46', '3917b9a9-a856-4f33-a910-6ad73f9fa25b', 'a97de659-21c7-4ee0-b8ea-c7c0eaf84b54', '22c9085c-724b-4679-aa10-b79b72f9b0be');
INSERT INTO public.note_tags (id, user_id, note_id, tag_id) VALUES ('c56d70a1-a6ed-43f8-ad93-905000ddf160', '3917b9a9-a856-4f33-a910-6ad73f9fa25b', 'a97de659-21c7-4ee0-b8ea-c7c0eaf84b54', 'f22d1b82-b224-4a44-a581-b5c25015af54');
INSERT INTO public.notes (id, user_id, title, content, artist, album, release_year, metadata, "references", isPinned, created_at, updated_at) VALUES ('f5310b16-fde7-463f-89b1-0fba3f17b112', '3917b9a9-a856-4f33-a910-6ad73f9fa25b', 'Hum Honge Kamyab Ek Din', 'Hum honge Kamyab
```E|-----------------------------------------------------
B|--5--6---6/8--8---8/10----10--8\-6\5--
```

Hum Honge kamyab
```E|-----------------------------------------------------
B|--5--6---6/8--8---8/10----10--8\-6\5--
```

Hum Honge kamyab
```E|--------------------------------------------------------
B|-----5--6---6/8--8---8/10----12-12/13----
```

ek din...
```E|------------------------------------------------------------
B|--13/15----13-12----10-10-12-12-10-8-----
```

O Oh.maan meh hai viswas
```E|----------------------------------------------
B|--10-12-12/13-13-12-12-10-8--
```

pura hai viswas
```E|------------------------------------
B|---8/10-10-8--8-------------
G|------------------------10-9-----
```

Hum Honge kamyab
ek din...
```E|-------------------------------------------------------------------------
B|-------------------------------------------------------------------------
G|-----9--10-10/12-12----5----9/10--9-----5/7----7--5--
```', 'Girija Kumar Mathur (Hindi translation)', 'Traditional', 2004, NULL, 'https://www.youtube.com/watch?v=-OCkDrpQCEQ&feature=youtu.be', FALSE, '2020-04-19T06:32:21.887000+00:00', '2020-04-19T06:48:16.571000+00:00');
INSERT INTO public.note_tags (id, user_id, note_id, tag_id) VALUES ('fd071d7f-c1d1-48e0-8ea1-b1e62c98648b', '3917b9a9-a856-4f33-a910-6ad73f9fa25b', 'f5310b16-fde7-463f-89b1-0fba3f17b112', '22c9085c-724b-4679-aa10-b79b72f9b0be');
INSERT INTO public.note_tags (id, user_id, note_id, tag_id) VALUES ('dda4f0de-f7b8-47ed-ba7d-2681ad73b505', '3917b9a9-a856-4f33-a910-6ad73f9fa25b', 'f5310b16-fde7-463f-89b1-0fba3f17b112', 'f22d1b82-b224-4a44-a581-b5c25015af54');
INSERT INTO public.notes (id, user_id, title, content, artist, album, release_year, metadata, "references", isPinned, created_at, updated_at) VALUES ('60fd8868-b84a-46a3-8d61-14174d468f79', '3917b9a9-a856-4f33-a910-6ad73f9fa25b', 'Gulabi Aankhein', 'Gulabi Aankhen...... Jo Teri dekhi,
e - - - - - - - - 8 - 8 - - - - - 8 - 7 - 8 - 10 - 7 - 
B - 5 - 5 - 5 - - - - - - - - - - - - - - - - - - - - -
Sharabi Ye Dil .......Ho Gaya,
e - 7 - - - 7 - 8 - - - - - - - - - - - - - 7 - - - - - - - - 
B - - -10- - - - - 10 - - - - - 9 - 10 - - - - - - - - - - - -

Dil Mein Mere,  Khwaab Tere
e - - - 4 - 7 - - - - - - - - - 5 - 8 - - - - - - - - - - - 
B - 5 - - - - - 5 - - - - -6- - - - - - 6 - - - - - - - - 

Bas Tere Jaise, Ho Deewaar Pe
```e|----5-8-7-5----
B|-6-6-8------8-6-5-
```

Tujhpe fida, main kyoon hua
```e| - - - 4 - 7 - - - - - - - - - 5 - 8 - - - - - - - - - - - - 
B|- 5 - - - - - 5 - - - - -6- - - - - - 6 - - - - - - - - - 
```

Aata hai gussa, mujhe pyaar pe
```e|----5-8-7-5----
B|-6-6-8------8-6-5-
```

Main lut gaya
```e |-7-8-10-12-
```

Maanke dil ka kaha
```e |-13-12-13-8-7-8-10
```

Main kahin tha na raha
```e |-12-10-12-8-7-8-10
```

Kya kahoon main dilruba
```e |-10-8-10-8-7-8-10
```

Pura yeh jaadu teri aankhon ka
e - - - - - - - - 8 - 8 - - - - - 8 - 7 - 8 - 10 - 7 - 
B - 5 - 5 - 5 - - - - - - - - - - - - - - - - - - - - - 

Yeh mera kaatil ho gaya....
e - 7 - - - 7 - 8 - - - - - - - - - - - - - 7 - - - - - - - - 
B - - -10- - - - - 10 - - - - - 9 - 10 - - - - - - - - - - - -





VER 2 (Single String)

Gulabi Aankhen...... Jo Teri dekhi,
```e |- 0 - 0 - 0 - 8 - 8 - - - 8 - 7 - 8 - 10 - 7
```

Sharabi Ye Dil .......Ho Gaya,
```e |- 7 - 5 - 7 - 8 - 5 - - - 4 - 5 - 7
```

Sambhalon Mujko....... Oo Mere Yaaron...
```e |- 0 - 0 - 0 - 8 - 8 - - - - 8 - 7 - 8 - 10 - 7
```

Sambhalana Mushkil..... Ho Gaya.
```e |- 7 - 5 - 7 - 8 - 5 - - - 4 - 5 - 7
```', 'Mohammed Rafi', 'The Train', 1970, NULL, NULL, FALSE, '2017-10-07T06:47:09.074000+00:00', '2019-10-28T04:44:31.538000+00:00');
INSERT INTO public.note_tags (id, user_id, note_id, tag_id) VALUES ('06805116-fbd7-436c-bf7c-c5a4d13f69f3', '3917b9a9-a856-4f33-a910-6ad73f9fa25b', '60fd8868-b84a-46a3-8d61-14174d468f79', '94f83bf8-1cd6-44f7-9e77-dc2d9928b555');
INSERT INTO public.note_tags (id, user_id, note_id, tag_id) VALUES ('136a7a03-6df9-4681-82d5-260df756091e', '3917b9a9-a856-4f33-a910-6ad73f9fa25b', '60fd8868-b84a-46a3-8d61-14174d468f79', '484fde0b-53ea-4d62-82d9-dff38182c04c');
INSERT INTO public.note_tags (id, user_id, note_id, tag_id) VALUES ('45731417-1535-45bd-ab59-49c3cb3b2800', '3917b9a9-a856-4f33-a910-6ad73f9fa25b', '60fd8868-b84a-46a3-8d61-14174d468f79', 'f6f1fa22-4ebb-4dfc-8a00-65f2e520dc91');
INSERT INTO public.note_tags (id, user_id, note_id, tag_id) VALUES ('70393d08-65ec-4b37-be2c-1e6359d164f6', '3917b9a9-a856-4f33-a910-6ad73f9fa25b', '60fd8868-b84a-46a3-8d61-14174d468f79', '22c9085c-724b-4679-aa10-b79b72f9b0be');
INSERT INTO public.notes (id, user_id, title, content, artist, album, release_year, metadata, "references", isPinned, created_at, updated_at) VALUES ('820cccce-8698-4434-9ddb-d9e19729eca2', '3917b9a9-a856-4f33-a910-6ad73f9fa25b', 'Raja Ko Rani Se Pyaar Ho Gaya', '```E |--5-8-7-5-8-7-------
B |-5--------6-8-6-5---
G |------------
```
Raja Ko Rani Se Pyaar Ho Gaya

```E |--5-8-7-5-12-8-10--10-10--10-10--
B |-5-----------
```
Pehli Nazar Mein Pehla Pyaar Ho Gaya

```E |-10-12-13-12-10-8-8-10-12---
```
Dil Jigar Dono Ghaayal Hue

```E |-15-12-8-7-7-8-10-12-8-10-7-8-7-5--
```
Teere Nazar Dil Ke Paar Ho Gaya….

Raja Ko Rani Se Pyaar Ho Gaya
Pehli Nazar Mein Pehla Pyaar Ho Gaya
Dil Jigar Dono Ghaayal Hue
Teere Nazar Dil Ke Paar Ho Gaya

.

```E |-12-12-10-8-12-12-7-8-10-8-7-5---
```
O, Raahon Se Raahein, Baahon Se Baahein

```E |-5-7-8-10-12-12-10-8-10---
```
Milke Bhi Milti Nahin

```E |-12-12-10-8-12-12-7-8-10-8-7-5---
```
Ho, Hota Hai Aksar Armaan Ki Kaliyaan

```E |-5-7-8-10-12-12-10-8-10---
```
Khilke Bhi Khilti Nahin

```E |-12-12-12-8-7-7-5---------7-8-10-8-8--
B |-----------8--8--
```
O, Phir Bhi Na Jaane Kyoon Nahin Maane

Phir Bhi Na Jaane Kyoon Nahin Maane

```E |-12-8-7-7-8-10-12-8-10-7-5-7-8-7-7-5-----
```
Deewana Dil Beqaraar Ho Gaya
.
.

Raja Ko Rani Se Pyaar Ho Gaya
Raja Ko Rani Se Pyaar Ho Gaya

Rani Ko Dekho, Nazrein Mili To
Aankhein Churaane Lagi
Ho, Karti Bhi Kya Voh Sar Ko Jhukaake
Kangana Ghumaane Lagi

O, Raja Ne Aisa Jaadu Chalaaya
Raja Ne Aisa Jaadu Chalaaya

Na Karte Karte Ikraar Ho Gaya
Raja Ko Rani Se Pyaar Ho Gaya
Pehli Nazar Mein Pehla Pyaar Ho Gaya
Dil Jigar Dono Ghaayal Hue

Teere Nazar Dil Ke Paar Ho Gaya', 'Udit Narayan, Alka Yagnik', 'Akele Hum Akele Tum', 1995, NULL, NULL, FALSE, '2018-01-14T10:29:37.413000+00:00', '2018-01-14T10:55:36.870000+00:00');
INSERT INTO public.note_tags (id, user_id, note_id, tag_id) VALUES ('18f3fdd6-0b60-4612-b85b-0d4aa80a02b9', '3917b9a9-a856-4f33-a910-6ad73f9fa25b', '820cccce-8698-4434-9ddb-d9e19729eca2', '94f83bf8-1cd6-44f7-9e77-dc2d9928b555');
INSERT INTO public.note_tags (id, user_id, note_id, tag_id) VALUES ('c7b59e79-15fe-48f1-853e-9992014d3d5a', '3917b9a9-a856-4f33-a910-6ad73f9fa25b', '820cccce-8698-4434-9ddb-d9e19729eca2', '22c9085c-724b-4679-aa10-b79b72f9b0be');
INSERT INTO public.notes (id, user_id, title, content, artist, album, release_year, metadata, "references", isPinned, created_at, updated_at) VALUES ('d4130063-ca20-4898-aadf-f307585a6eb0', '3917b9a9-a856-4f33-a910-6ad73f9fa25b', 'Zinda - Strings - Ye Hai Meri Kahaani', '(A) Yeh hai meri ka(Em)hani
(A) Khamosh zinda(Em)gani
(D) Sannata keh (A) raha hai
(D) Kyun zulm seh (A) raha hai

(A) Ek dastaan pu(Em)rani
(A) Tanhayi ki zu(Em)bani
(D) Har zakham khil ra(A)ha hai
(D) Kuch mujhse keh ra(A)ha hai

(A) Chubte kante yadoon (Em) ke daa(D)man se chunta (A) hoon
(A) Girti deewaron (Em) ke aan(D)chal me zinda (A) hoon

(A) Bas ye meri ka(Em)hani
(A) Benishaan ni(Em)shaani
(D) Ek darr beh ra(A)ha hai
(D) Kuch mujhse keh ra(A)ha hai

(A) Chubte kante yadoon (Em) ke daa(D)man se chunta (A) hoon
(A) Girti deewaron (Em) ke aan(D)chal me zinda (A) hoon

(A) Ab na koi paas (Em) hai
Phir (A) bhi ehsaas (Em) hai
Dehi(D)aon mein uljhi (A) padi
Jeene (D) ki ek aas (A) hai

Yadoon (Am) ka jungle ye (Em) dil
Kaanton (Am) se jal thal ye (Em) dil

(A) Chubte kante yadoon (Em) ke daa(D)man se chunta (A) hoon
(A) Girti deewaron (Em) ke aan(D)chal me zinda (A) hoon', 'Strings', 'Zinda', 2006, 'Capo - 3rd Fret
Strumming : D D UUD D DU
Chords used : A, Em, D', 'https://wrytin.com/mirayajain/zinda-chords-strings-jhsogmiz', FALSE, '2023-07-30T01:40:19.618000+00:00', '2023-07-30T01:42:04.145000+00:00');
INSERT INTO public.note_tags (id, user_id, note_id, tag_id) VALUES ('84a50f86-7925-432c-963f-f71b2b345f3b', '3917b9a9-a856-4f33-a910-6ad73f9fa25b', 'd4130063-ca20-4898-aadf-f307585a6eb0', '94f83bf8-1cd6-44f7-9e77-dc2d9928b555');
INSERT INTO public.note_tags (id, user_id, note_id, tag_id) VALUES ('f7b116c0-6422-4cc6-9bee-9ff73f43361f', '3917b9a9-a856-4f33-a910-6ad73f9fa25b', 'd4130063-ca20-4898-aadf-f307585a6eb0', '26bec2c9-84b7-4e97-8246-28dd469f49cd');
INSERT INTO public.notes (id, user_id, title, content, artist, album, release_year, metadata, "references", isPinned, created_at, updated_at) VALUES ('63f2010d-95e0-4a3c-952e-478da276df09', '3917b9a9-a856-4f33-a910-6ad73f9fa25b', 'Roja Jaaneman - Kadhal Rojave', '', 'S. P. Balasubrahmanyam', 'Roja', 1992, NULL, 'https://musicianself.com/kadhal/', FALSE, '2020-12-21T12:02:09.331000+00:00', '2020-12-21T12:03:02.250000+00:00');
INSERT INTO public.note_tags (id, user_id, note_id, tag_id) VALUES ('fe30e48b-1236-4201-bb22-00b6d68fe1b7', '3917b9a9-a856-4f33-a910-6ad73f9fa25b', '63f2010d-95e0-4a3c-952e-478da276df09', 'ca29fa62-24fc-4ecb-808c-f795c7122529');
INSERT INTO public.note_tags (id, user_id, note_id, tag_id) VALUES ('7bfa461f-307e-4dbf-85de-258a9b6f7416', '3917b9a9-a856-4f33-a910-6ad73f9fa25b', '63f2010d-95e0-4a3c-952e-478da276df09', '74d4c762-17cd-4377-b23a-52bf90f64c92');
INSERT INTO public.note_tags (id, user_id, note_id, tag_id) VALUES ('2ae0813d-e780-4c09-8ded-f4bcdbded911', '3917b9a9-a856-4f33-a910-6ad73f9fa25b', '63f2010d-95e0-4a3c-952e-478da276df09', '94f83bf8-1cd6-44f7-9e77-dc2d9928b555');
INSERT INTO public.note_tags (id, user_id, note_id, tag_id) VALUES ('6add65b1-4bab-4ae1-9f63-94128d6cf8e3', '3917b9a9-a856-4f33-a910-6ad73f9fa25b', '63f2010d-95e0-4a3c-952e-478da276df09', '22c9085c-724b-4679-aa10-b79b72f9b0be');
INSERT INTO public.notes (id, user_id, title, content, artist, album, release_year, metadata, "references", isPinned, created_at, updated_at) VALUES ('b58250bd-d970-4186-86c7-d94835c44231', '3917b9a9-a856-4f33-a910-6ad73f9fa25b', 'Don Theme', 'e-12------10------------------
B---12-13---10-11-------------
G------------------10-9-------
e-12-------10--------15-13-12--
B---12-13-----10-11------------
G------------------------------', 'Shankar-Ehsaan-Loy', 'Don', 2006, NULL, NULL, FALSE, '2017-11-08T03:05:00.355000+00:00', '2017-11-08T03:20:03.794000+00:00');
INSERT INTO public.note_tags (id, user_id, note_id, tag_id) VALUES ('780604c8-5208-46e7-9978-423abfcf5092', '3917b9a9-a856-4f33-a910-6ad73f9fa25b', 'b58250bd-d970-4186-86c7-d94835c44231', '94f83bf8-1cd6-44f7-9e77-dc2d9928b555');
INSERT INTO public.note_tags (id, user_id, note_id, tag_id) VALUES ('1d49166f-f0f9-47f4-86fb-584739d26c10', '3917b9a9-a856-4f33-a910-6ad73f9fa25b', 'b58250bd-d970-4186-86c7-d94835c44231', '22c9085c-724b-4679-aa10-b79b72f9b0be');
INSERT INTO public.notes (id, user_id, title, content, artist, album, release_year, metadata, "references", isPinned, created_at, updated_at) VALUES ('2e1ab1ae-0756-4bcf-af0a-e8d842f4a38b', '3917b9a9-a856-4f33-a910-6ad73f9fa25b', 'Tum Hi Ho Mata', 'Tumhi Ho Mata, Pita Tumhi Ho
```E|------------------------------------
B|-----1---0-1-0---------------------
G|--------------------0-2---0-------
D|--2--------------------------3-2--
```

Tumhi Ho Bandhu, Sakha Tumhi Ho
```E|------------------------------------
B|------------------------------------
G|-----------------0-----2-0--------
D|--------2---2-4------------3-2-2-
A|----3-----------------------------
```

Tumhi Ho Mata, Pita Tumhi Ho
```E|------------------------------------
B|-----1---0-1-0--------0-------------
G|--------------------0------2--------
D|--2--------------------------3-2--
```

Tumhi Ho Bandhu, Sakha Tumhi Ho
```E|------------------------------------
B|------------------------------------
G|-----------------0-----2-0--------
D|--------2---2-4------------3-2-2-
A|----3-----------------------------
```

Tumhi Ho Sathi, Tumhi Sahare
```E|-------------------0-0---0------1-0---
B|--1-1----1-3----------------3-------
G|-------2-----------------------------
```

Koyee Na Apna Siva Tumhare
```E|--------------------------------------0------
B|--3-3---2-0-2------------0---1----0--
G|-------------------2------2--------------
```
 
Haaa.....
```E|--------------------------------0--
B|--3----2-3----2-----0---1-----
G|--------------------2--------------
```

Tumhi Ho Sathi, Tumhi Sahare
Koyee Na Apna Siva Tumhare

Tumhi Ho Naiya Tumhi Khavaiya
```E|------------------------------------
B|-----1---0-1-0---------------------
G|--------------------0-2---0-------
D|--2--------------------------3-2--
```

Tumhi Ho Bandhu Sakha Tumhi Ho
```E|------------------------------------
B|------------------------------------
G|-----------------0-----2-0--------
D|--------2---2-4------------3-2-2-
A|----3-----------------------------
```', 'Lata Mangeshkar', 'Main Chup Rahungi', 1962, NULL, 'https://tabs.ultimate-guitar.com/tab/lata_mangeshkar/tum_hi_ho_mata_tabs_2218451', FALSE, '2018-08-31T05:22:37.475000+00:00', '2019-01-01T14:22:53.055000+00:00');
INSERT INTO public.note_tags (id, user_id, note_id, tag_id) VALUES ('3f738685-e5a6-4604-a64c-f408f1cf7400', '3917b9a9-a856-4f33-a910-6ad73f9fa25b', '2e1ab1ae-0756-4bcf-af0a-e8d842f4a38b', '22c9085c-724b-4679-aa10-b79b72f9b0be');
INSERT INTO public.note_tags (id, user_id, note_id, tag_id) VALUES ('968049a5-14b2-455f-afb2-815d0f883ae3', '3917b9a9-a856-4f33-a910-6ad73f9fa25b', '2e1ab1ae-0756-4bcf-af0a-e8d842f4a38b', '6a3e1159-3e7b-4145-b202-58429f143d25');
INSERT INTO public.note_tags (id, user_id, note_id, tag_id) VALUES ('731c6a10-397a-4994-a0b7-a9094c16dfbe', '3917b9a9-a856-4f33-a910-6ad73f9fa25b', '2e1ab1ae-0756-4bcf-af0a-e8d842f4a38b', 'f22d1b82-b224-4a44-a581-b5c25015af54');
INSERT INTO public.notes (id, user_id, title, content, artist, album, release_year, metadata, "references", isPinned, created_at, updated_at) VALUES ('32fd2747-d67e-4a68-afd2-eb47add60159', '3917b9a9-a856-4f33-a910-6ad73f9fa25b', 'Chura Liya Hai Tumne Jo Dil Ko', 'TBD  from link



[[SINGLE STRING]]

Chura Liya Hai
```e|  7-7-10-9-7
```

Tumne Jo Dil Ko
```e|  7-9-7-5-0
```

Nazar Nahin
```e|  7-7-10-9
```

Churaana Sanam
```e|  7-7-9-7-6
```

Badalke Meri 
```e|  7-7-10-9-7
```

Tum Zindagaani
```e|  7-9-7-5-0
```

Kahin Badal  Na
```e|  7-7-10-9-7
```

Jaana Sanam
```e|  7-9-7-6
```

Oh,,,, Le Liya Dil,
```e|  12----12-12-12-14-12-9
```

Oh,,,, Haai Mera Dil
```e|  12-------12-12-12-14-12-9
```

Haai Dil Lekar Mujhko Na Behlaana
```e|  12-12-11-9-7-11-9-7-11-9-7-11-9-9-7
```

Chura Liya.....
```e|  7-7-10-9
```

Chura Liya Hai
```e|  7-7-10-9-7
```', 'Asha Bhosle, Mohammed Rafi', 'Yaadon Ki Baaraat', 1973, NULL, 'https://www.youtube.com/watch?v=mqDIvhkl3Zg', FALSE, '2017-10-07T07:15:27.422000+00:00', '2018-09-23T14:40:54.797000+00:00');
INSERT INTO public.note_tags (id, user_id, note_id, tag_id) VALUES ('4388daea-1d5f-42a8-a350-6768b4012bfb', '3917b9a9-a856-4f33-a910-6ad73f9fa25b', '32fd2747-d67e-4a68-afd2-eb47add60159', 'ca29fa62-24fc-4ecb-808c-f795c7122529');
INSERT INTO public.note_tags (id, user_id, note_id, tag_id) VALUES ('21943798-4892-497a-8b7f-189258f28188', '3917b9a9-a856-4f33-a910-6ad73f9fa25b', '32fd2747-d67e-4a68-afd2-eb47add60159', '484fde0b-53ea-4d62-82d9-dff38182c04c');
INSERT INTO public.note_tags (id, user_id, note_id, tag_id) VALUES ('ad4a3efe-2b34-4849-b8be-85b6e08c8931', '3917b9a9-a856-4f33-a910-6ad73f9fa25b', '32fd2747-d67e-4a68-afd2-eb47add60159', 'f6f1fa22-4ebb-4dfc-8a00-65f2e520dc91');
INSERT INTO public.note_tags (id, user_id, note_id, tag_id) VALUES ('defb4063-ad78-46eb-9c3f-cbbe32bdb79a', '3917b9a9-a856-4f33-a910-6ad73f9fa25b', '32fd2747-d67e-4a68-afd2-eb47add60159', '22c9085c-724b-4679-aa10-b79b72f9b0be');
INSERT INTO public.note_tags (id, user_id, note_id, tag_id) VALUES ('dcc1722c-6f66-439a-b203-749609ff7db5', '3917b9a9-a856-4f33-a910-6ad73f9fa25b', '32fd2747-d67e-4a68-afd2-eb47add60159', 'f22d1b82-b224-4a44-a581-b5c25015af54');
INSERT INTO public.notes (id, user_id, title, content, artist, album, release_year, metadata, "references", isPinned, created_at, updated_at) VALUES ('0962a784-85de-440e-9bf0-b2efc5121e36', '3917b9a9-a856-4f33-a910-6ad73f9fa25b', '4 chords 9 Best Bollywood songs', 'Pani da rang		[D UUD UUD DU]
(C D Em Em Em)
Em	D	Em	D	C	Em	C	Em

Saadi gali aaja		[D UUD UUD DU]
(Em D C D Em)
Em	D	Em	D	G	D	D

Mera Mann		[D D UUD DDU]
G	Em	C	D

Sajna Aa bhi jaa		[D UUD UUD DU]
Em	D	C	Em

Tera Mera Rishta		[D UUD UUD DU]
(tera yakeen kyu..)	Em	D	C	D	x2	Em	D	C	Em

Tera Hone Laga Hu		[D D UUD DDU]
G	Em	

Tu Jaane Na				[D UUD UUD DU]
(nigaho me dekho)		G	G	C	C	x2	G	G	D	D	x2
(tum paas [C]ho ke bhi)	C	C	G	G	C	C	D	D		
(humko gile tumse na..)	G	G	C	D	G	C	C	D	D
(kaise bataye...)		G	Em	C	D	x2	G	D	G	G

Be Inteha				[D UUD UUD DU]
(chu to liya hai)			Em	Em	Am	C		C	D	G	G	
(do bekhabar bheege..)	C	D	C	D 	
(le rahe raat bhar..)		Am	D	C	C
(be inte [G]haan..)		G	G	Em	Em		C	C	D 	D

Rang sharbaton ka		[D UUD UUD DU]
(maine to dheere se)		G	Em	C	G	x2
(tu dhang chahto ka)		G C D G
 
 
 
 
                
G Tera   Em  hone  G laga Em hoon
G khone laga Em hoon    G   Jab se mila hOON

      TU JAANE NA
G Nigahon mein  C dekho meri jo hai bas gaya 
G Woh hai milta D tumse hubahu
G Jaane teri aankhein thi  C   ya baatein thi wajah 
G Hue  tum jo D dil ki aarzoo         
Tum C paas ho G  ke bhi tum aas ho ke bhi                         
C Ehsaas ho ke D bhi apne nahi aise hain
G Humko gile C tumse na D jaane kyun
G Milo Ke  C Hai Faas Lea  Tum Se Na D Jaane Kyuuu

G KAISEY BATEIN Em KYUN TUJHKO CHAHE 
C YAARA BATA NA   D   PAYEN 
    SAME FOR 
BAATEIN DILO KI DEKHO JO BAKI AANKEIN TUJHE SAMJAYE

G Tu Jaane Naaaaa D         
G Tu Jaane Na         
G Tu Jaane D Naaaaa
G Tu Jaane Na

    
Em Haan chhu toh liya hai ye jism tune
Am Rooh bhi     C   choom le 
C Alfaaz bhige    D bhige kyun hai G  mere    
Em Haan yun choor ho ke majboor ho ke             
Am Qatra qatra C  kahe 
C Ehsaas bheege D  bheege kyun  G hain mere
       
Do C  bekhabar D bheege badan      
Ho C besabar D bheege badan  
Le Am rahe  D raat bhar C angdaiyaan
      
Be G intehaan be Em  intehaan         
Yun C  pyaar kar D be intehaan
       SAME 
Dekha karun saari umar        
Tere nishaan be intehaaN


G Maine to dheere se Em Neendon ke dhaage se
C Baandha hai G khwaab ko tere
G Main na jahaan chahoon Em  Na aasmaan chaahoon
C Aaja hisse main G  tu merE
G Tu dhang C chahato ka     
D Main jaise G  koi nadani
   SAME 
G Tu dhang C chahato ka
D Main jaise G koi nadani
     
G Mujhe khud mein C ghol de to
C Mere yaar baat G ban jaani 
 
G Main rang C sharbaton ka  
D Tu meethe  G ghaat ka paani
G Main rang C sharbaton ka 
D Tu meethe G ghaat ka paani', 'Various Artists', 'Mashup/Compilation', NULL, 'D UUD UUD DU
D D UUD DDU', 'https://www.youtube.com/watch?v=rv5EWWT_Faw', FALSE, '2018-11-15T15:49:45.658000+00:00', '2018-11-15T15:53:22.162000+00:00');
INSERT INTO public.note_tags (id, user_id, note_id, tag_id) VALUES ('d5a4f82d-755b-4288-8401-c496c5850be4', '3917b9a9-a856-4f33-a910-6ad73f9fa25b', '0962a784-85de-440e-9bf0-b2efc5121e36', '07483aae-aaf2-498a-ad00-7abd0a0d46c3');
INSERT INTO public.note_tags (id, user_id, note_id, tag_id) VALUES ('f48fa486-975e-4fb3-a4fb-d2921f959e41', '3917b9a9-a856-4f33-a910-6ad73f9fa25b', '0962a784-85de-440e-9bf0-b2efc5121e36', '94f83bf8-1cd6-44f7-9e77-dc2d9928b555');
INSERT INTO public.note_tags (id, user_id, note_id, tag_id) VALUES ('6ec692ae-c1d1-46ee-9967-3b0c106a991c', '3917b9a9-a856-4f33-a910-6ad73f9fa25b', '0962a784-85de-440e-9bf0-b2efc5121e36', '26bec2c9-84b7-4e97-8246-28dd469f49cd');
INSERT INTO public.notes (id, user_id, title, content, artist, album, release_year, metadata, "references", isPinned, created_at, updated_at) VALUES ('e9fccc83-5533-4558-974e-a0b6d431521e', '3917b9a9-a856-4f33-a910-6ad73f9fa25b', 'Saibo - Shor in The City', 'E-----------------------------------------------------------------
B--------7----7-10-7---------7----7-10-7---------------------------------
G--9-7-9--------------9-7-9---------------9-7----9----9-9-11--9-7---7---------
D-------------------------------------------------9-------------------9-----9--------
A-----------------------------------------------------------------
E------------------------------------------------------------------', 'Shreya Ghoshal, Tochi Raina', 'Shor in the City', 2011, NULL, 'https://www.indianguitartabs.com/chords/threads/requesting-saibo-tabs-shor-in-the-city.47963/', FALSE, '2018-02-08T15:27:34.117000+00:00', '2018-02-13T02:20:56.862000+00:00');
INSERT INTO public.note_tags (id, user_id, note_id, tag_id) VALUES ('9013a8d2-6799-4e31-8255-e3ed100cc08d', '3917b9a9-a856-4f33-a910-6ad73f9fa25b', 'e9fccc83-5533-4558-974e-a0b6d431521e', '94f83bf8-1cd6-44f7-9e77-dc2d9928b555');
INSERT INTO public.note_tags (id, user_id, note_id, tag_id) VALUES ('4a701235-9008-418c-872f-b0828f1be1bb', '3917b9a9-a856-4f33-a910-6ad73f9fa25b', 'e9fccc83-5533-4558-974e-a0b6d431521e', '22c9085c-724b-4679-aa10-b79b72f9b0be');
INSERT INTO public.notes (id, user_id, title, content, artist, album, release_year, metadata, "references", isPinned, created_at, updated_at) VALUES ('6dd177c1-fa0e-439a-a271-668ff63103d8', '3917b9a9-a856-4f33-a910-6ad73f9fa25b', 'Jeena Jeena (Badlapur)', 'e: 5-6----3-5----1-3--5-6----8-5-3-1 
[Intro..]
e: 5-6----3-5----1-3--5-6----8-5-3-1 
[Intro..]

e: 5--8--10--8--10--8--10--12--10--8--8 
[Dehleez pe merey dil ki]

e: 5--8--10--8--10--8--5--1--3 
[Jo rakhe hain tune kadam]

e: 5--8--10--8--10--8--10--12--10--8--8 
[Tere naam pe meri zingagi]

e: 13--13--13--12--8--10--10--8--8 
[Likh di mere hum dum]

e: 8--5--3--1--3--3--5--3--5--1--3--3--5 
[Haan sikha maine jeena jeena kaise jeena]

e: 8--5--3--1--3--5--10--8--10--8--5--1--3 
[Haan sikha maine jeena mere humdum]

e: 8--5--3--1--3--3--5--3--5--1--3--3--5 
[Na sikha kabhi jeena jeena kaise jeena]

e: 8--5--3--1--3--5--10--8--10--8--5--1--3 
[Na sikha jeena tere bina humdum]

e: 5--5--3--1--open--open--1--3--5 
[Sacchi si hain yeh taareefein]

e: 5--5--3--1--open--open--1--1--3 
[Dil se jo maine kari hai]

e: 5--5--3--1--open--open--1--3--8--3--5 
[Jo tu mila to saji hai]

e: 5--5--6--8--8--10--8--6--5--3 
[Duniya meri humdum]', 'Atif Aslam', 'Badlapur', 2015, NULL, NULL, FALSE, '2017-10-10T02:41:24.778000+00:00', '2017-10-15T04:01:48.358000+00:00');
INSERT INTO public.note_tags (id, user_id, note_id, tag_id) VALUES ('133fef55-7da6-4bfe-925e-c49cf443c57a', '3917b9a9-a856-4f33-a910-6ad73f9fa25b', '6dd177c1-fa0e-439a-a271-668ff63103d8', '39d6ed04-fc5c-427e-9060-9041887f4d0e');
INSERT INTO public.note_tags (id, user_id, note_id, tag_id) VALUES ('7dff5b2a-0ea0-4563-8839-cf67473a6946', '3917b9a9-a856-4f33-a910-6ad73f9fa25b', '6dd177c1-fa0e-439a-a271-668ff63103d8', '94f83bf8-1cd6-44f7-9e77-dc2d9928b555');
INSERT INTO public.note_tags (id, user_id, note_id, tag_id) VALUES ('bb3f592e-a214-49ae-ab96-8b2a1ebda296', '3917b9a9-a856-4f33-a910-6ad73f9fa25b', '6dd177c1-fa0e-439a-a271-668ff63103d8', '484fde0b-53ea-4d62-82d9-dff38182c04c');
INSERT INTO public.notes (id, user_id, title, content, artist, album, release_year, metadata, "references", isPinned, created_at, updated_at) VALUES ('a37bb2d0-6561-4f36-9968-0591b45190f5', '3917b9a9-a856-4f33-a910-6ad73f9fa25b', 'Baatein Kuch Ankahee Si', '```e | - - - - - - - - - - - 
B|-1-1-0-1-0---
G|------2-2-
```
Baatein Kuch Ankahee Si

```e | - - - - - - - - - - - - - - - - -
B | - - - - - - - - - - - - - - - -
G|-0-2-0-------0-
D|-----3-3-3-2-3--
```
Kuchh Ansuni Si Hone Lagi

```e | - - - - - - - - - - - - -
B|-1-1-0-1-0---
G|-------2-2-
```
Kaabu Dil Pe Raha Na

```e | - - - - - - - - - - - - - - - - 
B | - - - - - - - - - - - - - - - - 
G|-0-2-0--------0-
D|-----3-3-3-2-3--
```
Hasti Hamaari Khone Lagi

```e|-0---0-1--0-0---0--0----0-1-
B|--1-3--------3---3--1-3---
```
Wo Wo O O O O O……..

```e|-0-0--0---
B|---3--3-1-
```
Shaayad Yahi Hai Pyaar…', 'Adnan Sami', 'Life in a... Metro', 2007, NULL, NULL, FALSE, '2017-11-01T04:35:19.580000+00:00', '2017-11-01T05:40:23.220000+00:00');
INSERT INTO public.note_tags (id, user_id, note_id, tag_id) VALUES ('92cca587-1773-432e-9d25-c63bd6baefdb', '3917b9a9-a856-4f33-a910-6ad73f9fa25b', 'a37bb2d0-6561-4f36-9968-0591b45190f5', '94f83bf8-1cd6-44f7-9e77-dc2d9928b555');
INSERT INTO public.note_tags (id, user_id, note_id, tag_id) VALUES ('0f506e34-452b-4408-b91b-bb9b7fadc3a7', '3917b9a9-a856-4f33-a910-6ad73f9fa25b', 'a37bb2d0-6561-4f36-9968-0591b45190f5', '22c9085c-724b-4679-aa10-b79b72f9b0be');
INSERT INTO public.notes (id, user_id, title, content, artist, album, release_year, metadata, "references", isPinned, created_at, updated_at) VALUES ('19d7f148-6095-463e-83f9-70e9d9634108', '3917b9a9-a856-4f33-a910-6ad73f9fa25b', 'All of me', '```e | - 0 - 0 - 0 - 
```

```e | - 1 - 1 - 1 - 
```

```e | - 0 - 0 - 0 - 
```

```e | - 3 - 3 - 3 - 
```

```e | - 0 - 0 - 0 - 
```', 'John Legend', 'Love in the Future', 2013, NULL, NULL, FALSE, '2017-10-12T17:08:56.982000+00:00', '2017-10-12T17:10:23.468000+00:00');
INSERT INTO public.note_tags (id, user_id, note_id, tag_id) VALUES ('76e878bb-a9ff-43f3-801f-95e0db0273c4', '3917b9a9-a856-4f33-a910-6ad73f9fa25b', '19d7f148-6095-463e-83f9-70e9d9634108', '484fde0b-53ea-4d62-82d9-dff38182c04c');
INSERT INTO public.note_tags (id, user_id, note_id, tag_id) VALUES ('445f809f-da68-4506-8d81-800eba6c5cba', '3917b9a9-a856-4f33-a910-6ad73f9fa25b', '19d7f148-6095-463e-83f9-70e9d9634108', '22c9085c-724b-4679-aa10-b79b72f9b0be');
INSERT INTO public.note_tags (id, user_id, note_id, tag_id) VALUES ('d0372e8c-c0a8-4736-be00-af1e4eca3e03', '3917b9a9-a856-4f33-a910-6ad73f9fa25b', '19d7f148-6095-463e-83f9-70e9d9634108', 'eebbc269-be1f-43e9-a641-4b2e91a39ff4');
INSERT INTO public.notes (id, user_id, title, content, artist, album, release_year, metadata, "references", isPinned, created_at, updated_at) VALUES ('ff2127ca-78d0-40fd-a386-3ec459614992', '3917b9a9-a856-4f33-a910-6ad73f9fa25b', 'Tera Zikr - Darshan Raval', '===========FINGERSTYLE===============
A(Am)bhi abhi to mi(G)le the
Phir ju(F)da ho ga(G)ye
Kya (Am) thi meri kha(G)taa
Tum sa(F)zaa ho ga(G)ye

===========D Chuck D U  Chuck===============
Mujhe (Am) khone ke baad ik (G)din
Tum mujhe (F) yaad karo(G)ge
Phir (Am)dekhna milne ki (G) mujhse
Tum fari(F)yaad karo(G)ge.................................(x2)

Hmmm(Am)….(G)…..(F)…..(G)….

===========FINGERSTYLE===============
Mu(Am)laqatein a(G)dhoori rahi
Mu(Em)kammal karunga yeh (F)waada raha
(Am)Tanhaaiyon se (G)bhi main teri
Baa(Em)tein karunga yeh (F)waada raha

===========D Chuck D U  Chuck===============
Tera (Am)zikr jisme hu(G)aa na ho
Mere (Em)paas aisa lam(F)ha na ho
Maine (Am)jisme tujhko maan(G)ga nahi
Mere (Em)lab pe aisi du(F)aa na ho
Bakhu(E)da…

Mujhe (Am) khone ke baad ik (G)din
Tum mujhe (F) yaad karo(G)ge
Phir (Am)dekhna milne ki (G) mujhse
Tum fari(F)yaad karo(G)ge.................................(x2)', 'Darshan Raval', 'Tera Zikr', 2017, 'D Chuck D U  Chuck
Chords used : Am, G, F, Em', 'https://tabs.ultimate-guitar.com/tab/darshan-raval/tera-zikr-chords-2331659', FALSE, '2020-03-20T13:15:34.372000+00:00', '2020-04-07T03:08:46.799000+00:00');
INSERT INTO public.note_tags (id, user_id, note_id, tag_id) VALUES ('04d51888-8811-4d5c-b5dd-d7382bda8097', '3917b9a9-a856-4f33-a910-6ad73f9fa25b', 'ff2127ca-78d0-40fd-a386-3ec459614992', '94f83bf8-1cd6-44f7-9e77-dc2d9928b555');
INSERT INTO public.note_tags (id, user_id, note_id, tag_id) VALUES ('9d7e9219-9276-4920-86b7-ba1a69ec928b', '3917b9a9-a856-4f33-a910-6ad73f9fa25b', 'ff2127ca-78d0-40fd-a386-3ec459614992', '26bec2c9-84b7-4e97-8246-28dd469f49cd');
INSERT INTO public.notes (id, user_id, title, content, artist, album, release_year, metadata, "references", isPinned, created_at, updated_at) VALUES ('5ff6e262-5954-4f93-b052-04a2f10e31af', '3917b9a9-a856-4f33-a910-6ad73f9fa25b', 'Aabhi ja aa bhi ja', '(Am) Aabhi ja aabhi ja (F)hm hm hm hm (Am) aabhija
(Am) Na snata na sata (F)hm hm hm hm (Am) aabhija

(Am) (F) (G) (E)

(Am) Meri saanse ru(F)ki ki ruki rahe (G)gayi
Mujhko (E)khabar hi aisi mi(Am)li
Meri biwi ki(F)si aur se pat (G)gayi
Meri to (E)kismat hi lut (Am)gayi
Mere sare (F)sapno ke shehar
Mein (G)aag laga k ga(E)yi
(Am) Mere pyare (F)ghar ko bhi tu jaise
(G)Nark bana k ga(E)yi

(Am) Aabhi ja aabhi (F)ja
Mere do bacho ki (G)maa
Ghar wapas aa bhi (E)jaa
(Am) Kahan gayi kahan ga(F)yi
Bacho ko chhod (G)ke
Dil mera tod (E)ke

(Am) Aabhi ja aabhi(F)ja
Oo aa bhi jaa(G)aa......(E)............

(Am) (F) (G) (E)

(Am) Tune mujhse ka(F)han tha
Ke mere sa(G)nam
Sang te(E)re hi chalungi sa(Am)da
Par tune (F)kaat diya me(G)ra
Rasta (E)ek billi ki ta(Am)rah
Mera jo k (F)soya hua tha
Woh (G)armaan jagaa ke ga(E)yi
(Am) Mere sare (F)zakhmo pe tu jaise
(G)Mirchi lagga ke ga(E)yi

(Am) Aabhi ja aabhi (F)ja
Mere do bacho ki (G)maa
Ghar wapas aa bhi (E)jaa
(Am) Kahan gayi kahan ga(F)yi
Meri purkho ki ja(G)meen
Kaisi tu bewa(E)faa
(Am) Raat ko ab (F)yahan
Hota hai kha(G)da
Sawalo ka qui(E)la
(Am) Uska kya mujhse (F)bhi
Jyada hai ba(G)da
Dil ka aashi(E)yan

(Am) Aabhi ja aabhi(F)ja
Oo aa bhi jaa(G)aa......(E)............
(Am) Na sata na sa(F)ta
Oo aa bhi jaa(G)aa......(E)............', 'Lucky Ali, Sunidhi Chauhan', 'Sur', 2002, 'Capo at 4
D D UUD DU
Chords used : Am, F, G, E', 'https://tabs.ultimate-guitar.com/tab/aagman/aa_bhi_ja_mere_do_bacho_ki_maa_chords_1081826', FALSE, '2018-12-29T09:11:45.994000+00:00', '2019-05-01T13:11:33.983000+00:00');
INSERT INTO public.note_tags (id, user_id, note_id, tag_id) VALUES ('31fd0f06-0179-4830-bb31-9c690002be02', '3917b9a9-a856-4f33-a910-6ad73f9fa25b', '5ff6e262-5954-4f93-b052-04a2f10e31af', '94f83bf8-1cd6-44f7-9e77-dc2d9928b555');
INSERT INTO public.note_tags (id, user_id, note_id, tag_id) VALUES ('ddaeb22d-6072-4f18-8ab6-42d9d7b1d799', '3917b9a9-a856-4f33-a910-6ad73f9fa25b', '5ff6e262-5954-4f93-b052-04a2f10e31af', '26bec2c9-84b7-4e97-8246-28dd469f49cd');
INSERT INTO public.notes (id, user_id, title, content, artist, album, release_year, metadata, "references", isPinned, created_at, updated_at) VALUES ('09ecd1a6-374a-4242-9213-e7f3b391c33c', '3917b9a9-a856-4f33-a910-6ad73f9fa25b', '17 Hit ARIJIT SINGH Songs MASHUP', '(Am)Toota hua (G)saaz hoon main
(Am)Khud se hi naa(G)raaz hoon main
(Am)Seene mein jo kahin (G)pe dabi hai
(Am)Aisi koi aa(G)waaz hoon main
Sun le mujhe (F)tu bin kahe...(Am)
Kab tak khaamoshi dil sa(G)he..

Aashi(Am)qui baazi hai taash (F)ki
Toot(Am)te bante vishwaas ki(F)...(G)...(Am)

(Am)Milne Hai Mujhse Aayi
(G)Phir Jaane Kyun Tanhaai
(F)Kis Mod Pe Hai Laayi Aashi(G)qui
O.. (Am)Khud Se Hai Ya Khuda Se
(G)Iss Pal Meri Ladaai
(F)Kis Mod Pe Hai Laayi Aashi(G)qui
===============================================
(Am) Muskurane ki wajah tum (G)ho
Gungunane ki wajah tum (F)ho
Jiya (Am)jaaye na, jaaye na, jaaye (G)na..
O re piya (F)re..
Jiya (Am)jaaye na, jaaye na, jaaye (G)na..
O re piya (F)re...(Am)...piyaa (G)re..
===============================================
(Am)Koi Nahi, Tere Siva (G)Mera Yahaan..
(G)Manzilein, Hain Meri To (Am)Sabh Yahaan..
Mita De Sabhi (Am)Aaja Faans(G)le..
Main Chahoon Mujhe (Am)Mujhse Baant (G)Le..
Zara Sa Mujh (F)mein Tu Jhaank Le..
Main Hoon Kya(Am)..

(Am)Ooo.....(G)..ooo..
(Am)aaa.....(F)..aaa..

Kabhi Jo (Am)Badal Bar(G)se
Main Dekhoon Tujhe (Am)Aankhein Bhar(G)ke..
Tu Lage Mujhe (Am)Pahli Baarish (G)Ki Du(F)aa..

Tere Pah(Am)loo Mein Rah (G)Loon..
Main Khud Ko (Am)Paagal Kah (G)Loon..
Tu Gam De Ya (Am)Khushiyaan
Sah (G)Loon Saathi(F)yaa..
===============================================
(Am) Aasaan Nahi Yahaan (G)Aashiq Ho Jaana
(F) Palkon Pe Kaanton Ko Sa(Am)jaana
(Am) Aashiq Ko Milti Hai (G)Gham Ki Saugaatein
(F) Sabko Naa Milta Yeh Kha(G)zana

(Am)Wo O O O O O O (G) O o (F) o..
===============================================
Kise Pu(Am)chu Hai Aisa Kyu
Beju(G)baan Saa Ye Jahaan Hai
Khushi Ke (Am)Pal Kahaan Dhun(G)doo
Beni(F)shaan Sa Waqt Bhi Ya(Am)haan Hai
Jaane Kitne Labon Pe Gi(G)le Hai
Zinda(F)gi Se Kai Faas(G)le Hai
Base (Am)Jitte Hai Sapne Kyun Aankhon Me
Lakire Jab Chhoote In Haathon Se Yun Bewa(G)jah...(F)

Jo Bheji (Am)Thi Duaa
Woh Jaake (G)Aasmaan...(F)
Se Yun Tak(G)ra Gayi
Ki Aa Gayi Hai (Am)Laut Ke Sadaa
===============================================
(Am) Tu Hi Ye Mujhko Ba(G)ta De
(F)Chahun Main Ya Naa...(G)
(Am) Apne Tu Dil Ka Pa(G)ta De
(F)Chahun Main Ya Naa...(G)..

(Am) Itna Bata Doon Tujhko
(G) Chaahat Pe Apni Mujhko
(F) Yun Ton Nahi Ikhti(G)yaar
(Am)Phir Bhi Yeh Socha Dil Ne
(G) Ab Jo Laga Hoon Milne
(F) Poochhu Tujhe Ek (G)Baar...

(Am) Uljhan meri sul(G)jha de
(F)Chahun Main Ya Naa...(G)..
(Am) Aankhon aankhon mein ja(G)taa de
(F)Chahun Main Ya Naa...(G)..
==========D D D D=====================================
De(Am)kha Hai Tujh Ko (G)Jabse
Haaye Main Toh Hil Gaya
Lag(Am)ta Hai Mere Seene Se
(F)Dil Nikal Gaya
Mum(Am)my Se Kya Daddy Se Bhi
Mi(G)launga Tujhe

Arey (F)Jo Bhi Main Ka(Am)hun
Tujhe Lag(G)ta Hai Kyun Ga(F)lat

Palat!

===========D DUDU=======

Tera Dh(Am)yaan Kidhar Hai
Yeh Tera (G)Hero Idhar Hai
Tera Dh(Am)yaan Kidhar Hai
Yeh Tera (F)Hero Idhar Hai
Tera Dh(G)yaan Kidhar (Am)Hai
Yeh Tera Hero Idhar (G)Hai

Tujhe it(Am)ni bhi khabar (G)hai
ki tera (F)hero idhar hai
Tera Dh(Am)yaan Kidhar Hai
Yeh Tera (G)Hero Idhar Hai
===============================================
Mohabbat (Am)barsa dena tu, sawan (G)aaya hai
Tere aur (Am)mere milne ka mausam (G)aaya hai

(Am)Sab se chhupa ke tujhe seene se lagaana hai
(F)Pyar mein tere had se guzar jaana hai
(G)Itna pyar kisi pe pehli (Am)baar aaya hai
===============================================
Tere (Am)Liye Hi Toh Signal (G)Tod Taad Ke
Aaya (F)Dilliwali (G)Girlfriend (F)Chhod Chhad Ke

Ghar (Am)Waalon Ko Bhi Bye-Shye (G)Bol Baal Ke
Aaya (F)Dilliwali (G)Girlfriend (F)Chhod Chhad Ke

=============D DUDU=======================

Ja(Am)nam janam janam saath (F)chalna yunhi
Kasam tumhe kasam aake (G)milna yahin
Ek (Am)jaan hai bhale do ba(G)dan ho judaa
Meri (F)hoke humesha hi (G)rehna
Kabhi na (Am)kehna alvi(G)da

aah(Am)aaa.. rarara(G)ra.....(F)

Meri su(Am)bah ho tumhi aur tum(F)hi shaam ho
Tum dard ho tum hi (G)aaraam ho
Meri (Am)duaaon se aati hai (G)bas ye sadaa
Meri (F)hoke humesha hi (G)rehna
Kabhi na (Am)kehna alvi(G)da
===============================================
(Am) Suno Na Sangemarmar (G) Ki Yeh Minaarein..(F)
Kuchh Bhi Na(Am)hi Hai (G) Aage Tum(F)haare...(G)
Aaj Se (Am)Dil Pe Mere...(G)
Raaj Tum(F)hara...(G) Taj Tum(Am)hara...(F)
(Am) Suno Na Sangemarmar (G) Ki Yeh Minaarein..(F)
===============================================
Tu Hi Me(Am)ri Awaara(G)gi
Tu Hi Du(Am)aa Har Shaam (G)Ki
Tu Khama(Am)kha, Tu Laaz(G)mi
Tu Hi Ra(Am)zaa, Tu Hi Ka(G)mi
Aur (Am)Tu Hi Wo, Fi(G)raaq Hai Jisko
(F) Hai Silsilon Ne Mere (G)Paas Laaya

(Am) Hothon Pe Tere Iz(G) haar Aaya Hai
(Am) Hothon Pe Tere Iz(G) haar Aaya Hai
(F) Behad Aur Beshu(G)mar Aaya Hai

(Am)Aaj Phir Tumpe(G) Pyar Aaya Hai
(Am)Aaj Phir Tumpe(G) Pyar Aaya Hai
(F) Behad Aur Beshu(G)maar Aaya Hai
===============================================
Main Dhoond(Am)ne Ko
Zamaane Mein Jab Wa(G)fa Nikla..(F)..
Main Dhoond(Am)ne Ko
Zamaane Mein Jab Wa(F)fa Nikla..(G)..
Pata Cha(Am)la Ke Galat Leke
Main Pa(F)ta Nikla..(G)..
Pata Cha(Am)la Ke Galat Leke
Main Pa(F)ta Nikla..(G)..

Main Dhoond(Am)ne Ko
Zamaane Mein Jab Wa(F)fa Nikla..(G)..
===============================================
(Am)Nashe si chadh gayi oye
Kudi (G)nashe si chadh gayi
(F)Patang si lad gayi oye
Kudi (Am)patang si lad gayi (x2)

======Ddd Ddd=========================================

Meri (Am)Kismat Ke
Har Ek Panne Pe
Mere Jeete Ji(G)
Baad Marne Ke
Mere (F)Har Ek Kal
Har Ek (Am)Lamhein Mein
Tu (G)Likh De Mera U(E)se

Har Ka(Am)hani Mein
Saare Kisson Mein
Dil Ki Duniya Ke(G)
Sacche Rishton Mein
Zinda(F)gaani Ke
Saare (Am)Hisson Mein
Tu (G)Likh De Mera U(E)se
========D D UUD DUDU=========
Aye Khu(Am)da Aye Khu(G)da
Jab Ba(F)na Uska Hi Ba(Am)na.....x2

===============================================
(Am)Dil, Sambhal Ja Za(G)ra
Phir Mo(F)habbat Karne Cha(G)la Hai Tu
(Am)Dil, Yenhi Ruk Ja Za(G)ra
Phir Mo(F)habbat Karne Cha(G)la Hai Tu

Aisa (Am)Kyun Kar Hu(F)a, Jaanu (Am)Na Main Jaanu (G)Na
(Am)Dil, Sambhal Ja Za(G)ra
Phir Mo(F)habbat Karne Cha(G)la Hai Tu', 'Arijit Singh', 'Mashup/Compilation', 2016, 'D D UUD DUDU
Chords used : Am, F, G', 'https://www.youtube.com/watch?v=oZR-fmTPUsg', FALSE, '2018-11-19T14:33:11.042000+00:00', '2019-01-05T09:05:33.990000+00:00');
INSERT INTO public.note_tags (id, user_id, note_id, tag_id) VALUES ('e97973d6-c7ef-4dc0-8cf5-4e0b0f4c79f9', '3917b9a9-a856-4f33-a910-6ad73f9fa25b', '09ecd1a6-374a-4242-9213-e7f3b391c33c', '07483aae-aaf2-498a-ad00-7abd0a0d46c3');
INSERT INTO public.note_tags (id, user_id, note_id, tag_id) VALUES ('50c264bf-d1e6-4962-a5fa-55e699730bac', '3917b9a9-a856-4f33-a910-6ad73f9fa25b', '09ecd1a6-374a-4242-9213-e7f3b391c33c', '94f83bf8-1cd6-44f7-9e77-dc2d9928b555');
INSERT INTO public.note_tags (id, user_id, note_id, tag_id) VALUES ('4cdb4d98-1aaf-4b4c-8682-39eead922967', '3917b9a9-a856-4f33-a910-6ad73f9fa25b', '09ecd1a6-374a-4242-9213-e7f3b391c33c', '26bec2c9-84b7-4e97-8246-28dd469f49cd');
INSERT INTO public.notes (id, user_id, title, content, artist, album, release_year, metadata, "references", isPinned, created_at, updated_at) VALUES ('0ac6dd8c-8a49-4cbe-8717-1f0862c0e4fc', '3917b9a9-a856-4f33-a910-6ad73f9fa25b', 'Hum Mar Jayenge - Aashiqui 2', '(G)Apni aankhen (Em)khaali karde
(Am)Kash tu meri (G)aankhen bhar de
(C)Kash tu meri (G)aankhen bhar de.....

(G)Mere yara tere gam (C)agar payenge
(G)Hame teri hai qasam hum (C)sanvar (G)jayenge
Ho... (G)mere yara tere gam (C)agar payenge
(G)Hame teri hai qasam hum (C)sanvar (G)jayenge

(G)Do ye saugaat tum to za(Em)mane ki hum
(G)Do ye saugaat tum to za(Em)mane ki hum
(C)Har khushi se (G)muqar (D)jayenge

Hum (C)mar (G)jayenge..(D)Ho..
Hum (C)mar (G)jayenge
(G)Mere yara tere gam (C)agar payenge
(G)Hame teri hai qasam hum (C)sanvar (G)jayenge

Tere (G)kandhe se hi lag ke
(Em)Yara beete umar saari
(G)Socho kaisi hogi qismat
(C)Hua yoon to phir hamaari
(Am)Saare aansu to ho tere, Aur (C)aankhen ho (G)hamari
(G)Tere dard hame(Em).... jo (G)mile pyar mein(C)....
(G)Tere dard hame, jo (Em)mile pyar mein
Hum (C)khushi se yoon (G)bhar (D)jayenge

Hum (C)mar (G)jayenge..(D)Ho..
Hum (C)mar (G)jayenge
(G)Mere yara tere gam (C)agar payenge
(G)Hame teri hai qasam hum (C)sanvar (G)jayenge

Chahe (G)dukh ho, chahe sukh ho
(Em)Dil ne tujhko hi pukara
(G)Toone hamko hai banaya
(C)Toone hamko hai sanvara
(Am)Jahan ko Rab ka hai, Hamein (C)tera hai (G)sahara
(G)Bas tera sath ho(Em).....(G)chahe jo baat ho(C)....
(G)Bas tera sath ho,  (Em)chahe jo baat ho
(C)Tere kehne se (G)kar (D)jayenge

Hum (C)mar (G)jayenge..(D)Ho..
Hum (C)mar (G)jayenge
Haan (G)Mere yara tere gam (C)agar payenge
(G)Hame teri hai qasam hum (C)sanvar (G)jayenge
(G)Mere yara tere gam (C)agar payenge
(G)Hame teri hai qasam hum (C)sanvar (G)jayenge

Strumming inspiration : https://www.youtube.com/watch?v=HZPaJ8kguoY', 'Arijit Singh, Tulsi Kumar', 'Aashiqui 2', 2013, 'Capo at 2
D Dd U Chuck
Chords used : G, Em, Am, C, D', 'https://tabs.ultimate-guitar.com/tab/arijit-singh/hum-mar-jayenge-chords-3111587', FALSE, '2020-09-20T05:43:52.855000+00:00', '2020-09-22T08:15:33.294000+00:00');
INSERT INTO public.note_tags (id, user_id, note_id, tag_id) VALUES ('dbd91c15-e6c9-4077-b15e-8128d0649c3d', '3917b9a9-a856-4f33-a910-6ad73f9fa25b', '0ac6dd8c-8a49-4cbe-8717-1f0862c0e4fc', '94f83bf8-1cd6-44f7-9e77-dc2d9928b555');
INSERT INTO public.note_tags (id, user_id, note_id, tag_id) VALUES ('f1d79fcf-43e0-4c2e-8818-de35b7960c8e', '3917b9a9-a856-4f33-a910-6ad73f9fa25b', '0ac6dd8c-8a49-4cbe-8717-1f0862c0e4fc', '26bec2c9-84b7-4e97-8246-28dd469f49cd');
INSERT INTO public.notes (id, user_id, title, content, artist, album, release_year, metadata, "references", isPinned, created_at, updated_at) VALUES ('60d31418-da60-4691-b433-268357070b22', '3917b9a9-a856-4f33-a910-6ad73f9fa25b', 'Mumma - Dasvidaniya', '(D)Maa, (G)meri (D)maa, (G)pyari (D)maa,  (G)mam(D)maa
Ho o (D)Maa, (G)meri (D)maa, (G)pyari (D)maa,  (G)mam(D)maa

(D)Haatho ki lakirein badal (G)jayengi
(D)Ghum ki yeh janjirein pighal (G)jayengi
(D)Ho (G)khuda pe (A)bhi asar, (D)tu (G)duwao (A)ka hai ghar

(D)Maa, (G)meri (D)maa, (G)pyari (D)maa,  (G)mam(D)maa
Ho o (D)Maa, (G)meri (D)maa, (G)pyari (D)maa,  (G)mam(D)maa

(D)Bigadi kismat bhi sanwar (G)jaayegi
(D)Jindagi taraane khushi (G)ke gaayegi
(D)Tere (G)hote (A)kiska dar, (D)tu (G)duwao (A)ka hai ghar

(G)Meri (D)maa, (G)meri (D)maa, (G)pyari (D)maa,  (G)mam(D)maa
Ho o (D)Maa, (G)meri (D)maa, (G)pyari (D)maa,  (G)mam(D)maa

(D)Yu toh (G)main sabse (D)nyara hoon, 
(D)tera maa (G)main dul(D)aara hoon
(D)Yu toh (G)main sabse (D)nyara hoon, 
(D)par tera maa (G)main dul(D)aara hoon

(D)Duniya mein (G)jine se jyada (D)uljhanein hai maa, 
(D)tu hai (G)amar ka (A)jahan aaaaa(D)aaaaa
(D)Tu gussa karti hai, bada (G)achha lagata hai
(D)Tu kaan pakadati hai badi (G)zor se lagta hai, meri (A)maa

(G)Meri (D)maa, (G)meri (D)maa, (G)pyari (D)maa,  (G)mam(D)maa
Ho o (D)Maa, (G)meri (D)maa, (G)pyari (D)maa,  (G)mam(D)maa

(D)Haatho ki lakirein badal (G)jayengi
(D)Ghum ki yeh janjirein pighal (G)jayengi
(D)Ho (G)khuda pe (A)bhi asar, (D)tu (G)duwao (A)ka hai ghar

(D)Maa, (G)meri (D)maa, (G)pyari (D)maa,  (G)mam(D)maa
Ho o (D)Maa, (G)meri (D)maa, (G)pyari (D)maa,  (G)mam(D)maa', 'Kailash Kher', 'Dasvidaniya', 2008, 'Capo at 3
D U Chuck  D U Chuck  D DU
Chords used : D, G, A', 'https://tabs.ultimate-guitar.com/tab/kailash-kher/mumma-chords-1142403', FALSE, '2020-09-20T08:21:40.852000+00:00', '2020-09-21T13:13:05.781000+00:00');
INSERT INTO public.note_tags (id, user_id, note_id, tag_id) VALUES ('aaa9bfe8-2074-4f41-90a3-b88009df5864', '3917b9a9-a856-4f33-a910-6ad73f9fa25b', '60d31418-da60-4691-b433-268357070b22', '94f83bf8-1cd6-44f7-9e77-dc2d9928b555');
INSERT INTO public.note_tags (id, user_id, note_id, tag_id) VALUES ('de5182cf-db9f-4833-8568-ef60d600e747', '3917b9a9-a856-4f33-a910-6ad73f9fa25b', '60d31418-da60-4691-b433-268357070b22', '26bec2c9-84b7-4e97-8246-28dd469f49cd');
INSERT INTO public.notes (id, user_id, title, content, artist, album, release_year, metadata, "references", isPinned, created_at, updated_at) VALUES ('ea0e1922-605a-41ec-ae2c-5890f008006b', '3917b9a9-a856-4f33-a910-6ad73f9fa25b', 'Mera Jeevan Kora Kaagaz', '', 'Kishore Kumar', 'Kora Kagaz', 1974, 'Ddd DUDU
Capo at 1', 'https://tabs.ultimate-guitar.com/tab/kishore_kumar/mera_jeevan_kora_kagaz_chords_1829055', FALSE, '2019-04-23T04:25:13.452000+00:00', '2019-04-23T04:26:33.998000+00:00');
INSERT INTO public.note_tags (id, user_id, note_id, tag_id) VALUES ('4f8eceff-8f43-4a57-b26c-5aab664731ba', '3917b9a9-a856-4f33-a910-6ad73f9fa25b', 'ea0e1922-605a-41ec-ae2c-5890f008006b', 'ca29fa62-24fc-4ecb-808c-f795c7122529');
INSERT INTO public.note_tags (id, user_id, note_id, tag_id) VALUES ('eb8762c2-c9c8-42ad-84ba-c72797228e3b', '3917b9a9-a856-4f33-a910-6ad73f9fa25b', 'ea0e1922-605a-41ec-ae2c-5890f008006b', '26bec2c9-84b7-4e97-8246-28dd469f49cd');
INSERT INTO public.note_tags (id, user_id, note_id, tag_id) VALUES ('1ddcc3a7-166d-4cb3-9711-cc7a799f389a', '3917b9a9-a856-4f33-a910-6ad73f9fa25b', 'ea0e1922-605a-41ec-ae2c-5890f008006b', 'f22d1b82-b224-4a44-a581-b5c25015af54');
INSERT INTO public.notes (id, user_id, title, content, artist, album, release_year, metadata, "references", isPinned, created_at, updated_at) VALUES ('1283d48e-380c-4381-96e1-d4081a65ff70', '3917b9a9-a856-4f33-a910-6ad73f9fa25b', 'My Heart Will Go On (Titanic)', '```e | -0-2-4 - 2-0-2- 2/7- - 5-4-0- - - - 
B | - - - - - - - - - - - - - - - - - - - - - 2-0- 
```

```e | -0-2-4 - 2-0-2- 2/7- - 4-7- 7/9 - -7-2 - 
```

Every night in my dreams, I see you, I feel you
```e | - 0-0-0-0- - 0- - 0- - 0- -2-4-2 - - 
B | - - - - - - - 4- - - - - 4- - - - - - - - - -
```

That is how I know you, go on
```e | - 0-0-0-0- - 0- - 2 - - -
B | - - - - - - - 4- - - - - 0- -
```

Far across the distance,  And spaces between us
You have come to show you go on

Near, far, wherever you are, I believe that the heart does go on
```e | -0- -2 - - -7-5-4-2 - -4-5-4-2-0 - - 0- - - - - - -
B | - - - - - 0- - - - - - - - - - - - - - - - - 4- - - 4-2- -0-
```

Once more you open the door, And you''re here in my heart and
```e | -0-2 - - -7-5-4-2 - -4- 4/5 -4- - 2-0- - -0 -
B | - - - - 0- - - - - - - - - - - - - - - - - - - - - 4- - -
```

My heart will go on and on
```e | -0 - - 0- - -2-4- -2- -0-
B | - - 4- - - - - - - - - - - - -
```


================Version 2=============

Every night in my dreams,
```B |-5-5-5-5-4-5-
```

I see you, I feel you
```B |-5-4-5-7-9-7-
```

That is how I know you, go on.
```B |-5-5-5-5-4-5-5-0-
```

Far across the distance
```B |-5-5-5-5-4-5-
```

And spaces between us,
```B |-5-4-5-7-9-7-
```

You have come to show you, Go on...
```B |-5-5-5-5-4-5-5-0-
```

Near, Far, Wherever you are, 
```e |---------7-5-4--
B |-5-7-----------7-
G |------4-------
```

I believe that the heart does, Go on.
```e |-4-5-4--------------
B |-----7-5-4-5---5-2-
```

Once more, you opened the door.
```e |------7-5-4--
B |-5-7-------7-
G |----4-------
```

And you''re here in my heart.
```e |-4-5-4-------
B |-----7-5-4-5-
```

And my heart will go on and on.
```e |-------------4------
B| -5-4-5-7---7-9-7-5
```


======version 3==========', 'Celine Dion', 'Let''s Talk About Love / Titanic: Music from the Motion Picture', 1997, 'TBD :  v3', 'https://www.youtube.com/watch?v=ggwDHh7yNiU&feature=youtu.be
https://www.youtube.com/watch?v=OejitKy2X2I', FALSE, '2017-10-07T06:47:27.162000+00:00', '2021-04-17T14:04:52.093000+00:00');
INSERT INTO public.note_tags (id, user_id, note_id, tag_id) VALUES ('93ce7371-30a9-4621-b718-aece6bee10c6', '3917b9a9-a856-4f33-a910-6ad73f9fa25b', '1283d48e-380c-4381-96e1-d4081a65ff70', 'ca29fa62-24fc-4ecb-808c-f795c7122529');
INSERT INTO public.note_tags (id, user_id, note_id, tag_id) VALUES ('7d2147d2-95a6-4001-b474-44fbf412a457', '3917b9a9-a856-4f33-a910-6ad73f9fa25b', '1283d48e-380c-4381-96e1-d4081a65ff70', '39d6ed04-fc5c-427e-9060-9041887f4d0e');
INSERT INTO public.note_tags (id, user_id, note_id, tag_id) VALUES ('9f213c2b-0022-4e14-9f87-22a503a72585', '3917b9a9-a856-4f33-a910-6ad73f9fa25b', '1283d48e-380c-4381-96e1-d4081a65ff70', '484fde0b-53ea-4d62-82d9-dff38182c04c');
INSERT INTO public.note_tags (id, user_id, note_id, tag_id) VALUES ('e8da4b66-9cb7-4d39-8c5d-baba6a4a9fac', '3917b9a9-a856-4f33-a910-6ad73f9fa25b', '1283d48e-380c-4381-96e1-d4081a65ff70', '22c9085c-724b-4679-aa10-b79b72f9b0be');
INSERT INTO public.note_tags (id, user_id, note_id, tag_id) VALUES ('011fe9af-04f9-45f4-a5dc-00fe1be96fa6', '3917b9a9-a856-4f33-a910-6ad73f9fa25b', '1283d48e-380c-4381-96e1-d4081a65ff70', 'eebbc269-be1f-43e9-a641-4b2e91a39ff4');
INSERT INTO public.notes (id, user_id, title, content, artist, album, release_year, metadata, "references", isPinned, created_at, updated_at) VALUES ('1ac99352-69d7-42c9-b757-30d1997e432d', '3917b9a9-a856-4f33-a910-6ad73f9fa25b', 'Jee Le Zara - Talaash', '```B|-1-1--0-0------
G|-2-2-1-1---2-2-2-2-
```
STARTING MELODY 

```E|-0-0-------
B|-3--1-0---1-0-
G|-----2-0-2---
```
Main hoon gum sum, tu bhi khaamosh hai

```E|-0-0-------
B|-3--1-0---1-0-
G|-----2-0-2---
```
Sach hai samay ka hi sab dosh hai

```E|------0-------
B|-0-1--0-1--3-0--1-0--
G|-2--2----------2-
```
Dhadhkan dhadhkan ik gum rehta hai Wo.ho.

```E|-------0-0--
B|-0-1--0-1----3-
G|-2--2-----
```
Jaane tu phir bhi dil kehta hai

```E|--1-0---0--0---
B|-1-3-----1--3--
```
Jee le zara.. jee le zara

```E|--1-0---0--0---
B|-1-3-----1--3--
```
Kehta hai dil.. jee le zara

```E|-0-------
B|--3-3--0-1-0--
G|-2-------2-
```
Aye humsafar aye humnawaab

```B|-1-1---0-0------
G|-2-2---1-1---2-2-2-2-
```
IN BETWEEN MELODY

```E|-0-0-0--0-1-------0-----1-1-0--
B|---3----3-3-1-3--3-1-0-1-3----
```
Hai zindagi, Mana dard bhari, Phir bhi isme yeh rahat bhi hai

```E|-0-0-0--0-1-------0-----1-1-0--
B|---3----3-3-1-3--3-1-0-1-3----
```
Main hoon tera, Wo tu hai meri, Yoon hi rahein hum yeh chahat bhi hai

```E|--------1-0---
B|-0-1-3--0-3--1--0--
G|-2--2----------2-
```
Phir dil ke dil se, Pull kyun tootey hai

```E|--------1-0---
B|-0-1-3--0-3--1--0--
G|-2--2----------2-
```
Kyun hum jeeney se, Itne roothe hai

```E|------0-------
B|-0-1--0-1--3-0--1-0--
G|-2--2----------2-
```
Aa dil ke darwaaze hum kholein . Wo.ho.

```E|-------0-0--
B|-0-1--0-1---3-
G|-2--2-----
```
Aaa hum dono jee bhar ke rolein

```E|--1-0---0--0---
B|-1-3-----1--3--
```
Jee le zara.. jee le zara

```E|--1-0---0--0---
B|-1-3-----1--3--
```
Kehta hai dil.. jee le zara

```E|-0-------
B|--3-3--0-1-0--
G|-2---------2-
```
Aye humsafar aye humnawaab

```B|-1-1---0-0------
G|-2-2---1-1---2-2-2-2-
```
IN BETWEEN MELODY', 'Vishal Dadlani', 'Talaash', 2012, NULL, 'http://tabnchord.blogspot.com/2013/04/jee-le-zara-guitar-tab-talaash.html', FALSE, '2019-09-20T02:25:46.555000+00:00', '2019-11-02T08:13:31.007000+00:00');
INSERT INTO public.note_tags (id, user_id, note_id, tag_id) VALUES ('80f9f46c-91da-4385-9a0a-1c3ea6db1146', '3917b9a9-a856-4f33-a910-6ad73f9fa25b', '1ac99352-69d7-42c9-b757-30d1997e432d', '39d6ed04-fc5c-427e-9060-9041887f4d0e');
INSERT INTO public.note_tags (id, user_id, note_id, tag_id) VALUES ('86e484db-e89f-45e2-8ec5-f2f1803d56d6', '3917b9a9-a856-4f33-a910-6ad73f9fa25b', '1ac99352-69d7-42c9-b757-30d1997e432d', '22c9085c-724b-4679-aa10-b79b72f9b0be');
INSERT INTO public.notes (id, user_id, title, content, artist, album, release_year, metadata, "references", isPinned, created_at, updated_at) VALUES ('9b9751ec-cc6e-4ec2-83e3-7ae5a98308fa', '3917b9a9-a856-4f33-a910-6ad73f9fa25b', 'Tu Kuja Mann Kuja', '[Intro]
(Em)Ya Nabi. (C)Ya Nabi
(B7)Salu Alaihi (Cm)Wa Aalihi

```e | - - - - - - - - - - - - - - - - - - - - - - - - - - - - - - - - - - - - - - - - - - - - - - - - - -
B | - - - - - - - - - - - - - - - - - - - - - - - - - - - - - - - - - - - - - - - - - - - - - - - - - -
G | -4/7 - 6 - 4 - 6 - 4 - 4/6- - - -- - -4/7 - 6 - 4 - 6 - 4 - 4/7 - 6- - - - - -
```

(Bm)....(Em).....(Bm).....(Em)

[Chorus]
(Em)tu kuja mann (C)kuja
(Am)tu  kuja(Bm) mann (Em)kuja (C)aaa (D)aaa (Em)aaa,
(Em)tu kuja mann (C)kuja
(Am)tu  kuja(Bm) mann (Em)kuja

[Verse 1]
tu (D)ameer-e haram main (Bm)faqeer-e (Em)‘ajam ....x2
tere gun(D) aur yih lab main talab(Bm) hi (Em)talab ....x2
tu ata hi (Em)‘ata

[Chorus]
(Em)tu kuja mann (C)kuja
(Am)tu  kuja(Bm) mann (Em)kuja (C)aaa (D)aaa (Em)aaa,
(Em)tu kuja mann (C)kuja
(Am)tu  kuja(Bm) mann (Em)kuja

[Verse 2]
(Em)ilhaam hai (C)jaamah (D)tera
(Em)qur’aan imaama (C)hai (D)tera
(Em)mimbar (Am)tera (Bm)arsh-e (Em)bareen
(C#)ya rahmat-(D)ul-lil (G)aalameen,
 
[Chorus]
(Em)tu kuja mann (C)kuja
(Am)tu  kuja(Bm) mann (Em)kuja (C)aaa (D)aaa (Em)aaa,
(Em)tu kuja mann (C)kuja
(Am)tu  kuja(Bm) mann (Em)kuja

[Verse 3]
(Em)tu haqeeqat hai (D#)main sirf (G)ehsaas (C)hoon (Am)ooo (D)ooon ..x2
tu (C)samandar main (Am7)bhatki (D)hui pyaas (Em)hoon ....x2
mera (D)ghar khaak par aur teri (Em)rahguzar....x2
(Em)sidrat ul-muntaha

[Chorus]
(Em)tu kuja mann (C)kuja
(Am)tu  kuja(Bm) mann (Em)kuja (C)aaa (D)aaa (Em)aaa,
(Em)tu kuja mann (C)kuja
(Am)tu  kuja(Bm) mann (Em)kuja

(C)Sa Sa Re Sa Ni Pa Ni Sa (Am)Ga
Ma Ga Ma (Bm)Re Sa Re Ni Sa

(C)Sa Sa Re Sa Ni Pa Ni Sa (Am)Ga
Ma Ga Ma (Bm)Re Sa Re Ni Sa

(C)Sa Sa Re Sa Ni Pa Ni Sa (Am)Ga
Ma Ga Ma (Bm)Re Sa Re Ni (E)Sa

[Verse 4]
aye (E)farishto woh sultaan-e mairaaj hain ....x2
tum jo (E)dekho ge hairaan ho jaaoge ....x2

zulf (Am)tafseer-e wallail (Em)ban jaaye(Am)gi ....x2

(Am)chehra quraan sara (Dm)nazar aayega(E)
(E)chehra nazar ayega, chehra nazar ayega ....x2

mere (Am)aaqa imaam-i (E)saff-e ambiya(Am) ....x2

naam pe unke laazim hai (Dm)salle (E)ala
(E)laazim hai salle ala, laazim hai salle ala ....x2

(G)tu kuja man kuja
(Bm)mustafa mujtaba
(Am)khaatim ul-mursaleen
(D)ya rahmat ul-lil- (Bm)aalameen.

[Chorus]
(Em)tu kuja mann (C)kuja
(Am)tu  kuja(Bm) mann (Em)kuja (C)aaa (D)aaa (Em)aaa,
(Em)tu kuja mann (C)kuja
(Am)tu  kuja(Bm) mann (Em)kuja

[Verse 5]
(Em)khair ul-bashar (C)rutbah (D)tera ....x2
(Em)aawaaz-e haq (C)khutbah (D)tera ....x2

(Em)aafaaq (Am)tere (Bm)saama(Em)een ....x2
(Em)saais (Am)jibreel-e (Em)ameen ....x2
(F#m)ya rahmat ul-lil-(Bm)‘aalameen,

[Chorus]
(Em)tu kuja mann (C)kuja
(Am)tu  kuja(Bm) mann (Em)kuja (C)aaa (D)aaa (Em)aaa,
(Em)tu kuja mann (C)kuja
(Am)tu  kuja(Bm) mann (Em)kuja
 
[Verse 6]
(Em)tu hai ahraam-e anwaar (C)baandhe hue ayy ayy (D)aye ....x2
main (C)duroodon ki (Am7)dastaar (D)baandhe hue(Em) ....x2
kaaba-e(D) ishq tu main tere(Am) chaar (Em)su ....x2
(Em)tu asar main dua

[Chorus]
(Em)tu kuja mann (C)kuja
(Am)tu  kuja(Bm) mann (Em)kuja (C)aaa (D)aaa (Em)aaa,
(Em)tu kuja mann (C)kuja
(Am)tu  kuja(Bm) mann (Em)kuja

(Em)tu kuja mann (C)kuja
(Am)tu  kuja(Bm) mann (Em)kuja (C)aaa (D)aaa (Em)aaa,
(Em)tu kuja mann (C)kuja
(Am)tu  kuja(Bm) mann (Em)kuja

(Em)tu kuja mann (C)kuja
(Am)tu  kuja(Bm) mann (Em)kuja (C)aaa (D)aaa (Em)aaa,
(Em)tu kuja mann (C)kuja
(Am)tu  kuja(Bm) mann (Em)kuja', 'Rafaqat Ali Khan, Shiraz Uppal', 'Coke Studio Season 9', 2016, 'Strumming : D Chuck U  DUDU Chuck U  DUDU
Alt Strumming : D Chuck D U Chuck-Chuck', 'https://tabs.ultimate-guitar.com/tab/shiraz-uppal/tu-kuja-mann-kuja-chords-2564475', FALSE, '2022-02-22T15:40:04.321000+00:00', '2022-02-27T10:53:23.993000+00:00');
INSERT INTO public.note_tags (id, user_id, note_id, tag_id) VALUES ('c7893d39-5278-4592-b310-2e7575f3d327', '3917b9a9-a856-4f33-a910-6ad73f9fa25b', '9b9751ec-cc6e-4ec2-83e3-7ae5a98308fa', '39d6ed04-fc5c-427e-9060-9041887f4d0e');
INSERT INTO public.note_tags (id, user_id, note_id, tag_id) VALUES ('d849c3e4-bc0f-4ddf-a52b-4163badb664d', '3917b9a9-a856-4f33-a910-6ad73f9fa25b', '9b9751ec-cc6e-4ec2-83e3-7ae5a98308fa', '94f83bf8-1cd6-44f7-9e77-dc2d9928b555');
INSERT INTO public.note_tags (id, user_id, note_id, tag_id) VALUES ('77e82aec-ab2c-456d-8948-680476f9da8f', '3917b9a9-a856-4f33-a910-6ad73f9fa25b', '9b9751ec-cc6e-4ec2-83e3-7ae5a98308fa', '1b68ed29-a956-4b7e-a109-7c9980c75b64');
INSERT INTO public.note_tags (id, user_id, note_id, tag_id) VALUES ('a878e638-fe50-4157-98dd-5f918d3ea2bc', '3917b9a9-a856-4f33-a910-6ad73f9fa25b', '9b9751ec-cc6e-4ec2-83e3-7ae5a98308fa', '26bec2c9-84b7-4e97-8246-28dd469f49cd');
INSERT INTO public.note_tags (id, user_id, note_id, tag_id) VALUES ('a289a572-76aa-4912-b98c-280d7f89a121', '3917b9a9-a856-4f33-a910-6ad73f9fa25b', '9b9751ec-cc6e-4ec2-83e3-7ae5a98308fa', '6a3e1159-3e7b-4145-b202-58429f143d25');
INSERT INTO public.notes (id, user_id, title, content, artist, album, release_year, metadata, "references", isPinned, created_at, updated_at) VALUES ('cbeaead4-1912-4270-8ccf-a97bea352fab', '3917b9a9-a856-4f33-a910-6ad73f9fa25b', 'Pehli Nazar Mein', 'Intro (https://youtu.be/0U8jmjSQHSo?t=204)
```E|--9-----12--------------------------------
B|--------------12----9---9h10---10----
```

```E|---------------9-----------------------------------------------------------------
B|-----10-12-------10----12----9--------------------10-12-12/14----
G|------------------------------------------9\7--7-------------------------------
```

(G) Pehli Na(D)zar Mein Kaisa (Em) Jaadu Kar Di(D)ya
(G) Tera Ban (D) Baitha Hai Me(Em)ra Jiya (C) (D)
(G) Jaane Kya (D) Hoga Kya (Em) Hoga Kya Pa(D)ta
(G) Is Pal Ko (D) Milke Aa Jee(Em)le Zara (C) (D)

(G) Main Hu Ya(D)han, (G) Tu Hai Ya(D)han
Meri (Em) Bahon Mein (C) Aa, Aa Bhi (D) Jaa
(G) O Jaane (D) Jaa (C) Dono Ja(G)han
Meri (Em) Bahon Mein (D) Aa, Aa Bhi (C) Jaa (D)
(G) O Jaane (D) Jaa (C) Dono Ja(G)han
Meri (Em) Bahon Mein (D) Aa, Aa Bhi (Em) Jaa (D)

Baby I (G) Love U, Baby I (D) Love You, Baby I
(Em) Love You, Baby I (D) Love You So
Baby I (G) Love U, Baby I (D) Love You,
Baby I (Em) Love You, Baby I (D) Love You So
Baby I Love You
============================================

(G) Har Dua Mein (D) Shamil Tera (Em) Pyaar Hai (D)
(G) Bin Tere (D) Lamha Bhi Dush(Em)war Hai (D)
(G) Dhadhkon Ko (D) Tujhe Se Hi Dar(Em)kar Hai (D)
(G) Tujhse Hai (D) Rahtein, (G) Tujhse Hai (D) Chahtein  }........x2

(G) Tu Jo Mi(D)li (G) Ek Din Mu(D)jhe
Mein Ka(Em)hin Ho Ga(C)ya Laapa(D)ta
(G) O Jaane (D) Jaa (C) Dono Ja(G)han
Meri (Em) Bahon Mein (D) Aa, Aa Bhi (C) Jaa (D)
(G) O Jaane (D) Jaa (C) Dono Ja(G)han
Meri (Em) Bahon Mein (D) Aa, Aa Bhi (Em) Jaa (D)

Baby I (G) Love U, Baby I (D) Love You, 
Baby I(Em) Love You, Baby I (D) Love You So
Baby I (G) Love U, Baby I (D) Love You,
Baby I (Em) Love You, Baby I (D) Love You So
Baby I Love You
============================================

(G) Kar Diya Dee(D)wana Dard-e-(Em)kash Ne (D)
(G) Chain Cheena (D) Isqh Ke Eh(Em)saas Ne (D)
(G) Bekhayali (D) Di Hai Tere (Em) Pyaas Ne (D)
(G) Chaya Su(D)roor Hai, (G) Kuch To Za(D)roor Hai

(G) Yeh Doori(D)yan, (G) Jeene Na (D) De
Hal (Em) Mera Tu(C)Jhe Na Pa(D)ta
(G) O Jaane (D) Jaa (C) Dono Ja(G)han
Meri (Em) Bahon Mein (D) Aa, Aa Bhi (C) Jaa (D)
(G) O Jaane (D) Jaa (C) Dono Ja(G)han
Meri (Em) Bahon Mein (D) Aa, Aa Bhi (Em) Jaa (D)

Baby I (G) Love U, Baby I (D) Love You, Baby I
(Em) Love You, Baby I (D) Love You So
Baby I (G) Love U, Baby I (D) Love You,
Baby I (Em) Love You, Baby I (D) Love You So
Baby I Love You', 'Atif Aslam', 'Race', 2008, 'Capo at 2
D DU UDU', 'https://wrytin.com/priyankayadav/pehli-nazar-mein-chords-atif-aslam-jf46adlq', FALSE, '2020-04-19T07:06:37.464000+00:00', '2020-05-03T02:37:51.349000+00:00');
INSERT INTO public.note_tags (id, user_id, note_id, tag_id) VALUES ('bab29b3d-6b9a-47b2-afe4-589edbf1ca4a', '3917b9a9-a856-4f33-a910-6ad73f9fa25b', 'cbeaead4-1912-4270-8ccf-a97bea352fab', '39d6ed04-fc5c-427e-9060-9041887f4d0e');
INSERT INTO public.note_tags (id, user_id, note_id, tag_id) VALUES ('197c9992-c5b3-45ed-882b-b6afd77a9e5f', '3917b9a9-a856-4f33-a910-6ad73f9fa25b', 'cbeaead4-1912-4270-8ccf-a97bea352fab', '94f83bf8-1cd6-44f7-9e77-dc2d9928b555');
INSERT INTO public.note_tags (id, user_id, note_id, tag_id) VALUES ('b8f4bf13-6e08-4d62-8411-8e17bd3c715a', '3917b9a9-a856-4f33-a910-6ad73f9fa25b', 'cbeaead4-1912-4270-8ccf-a97bea352fab', '26bec2c9-84b7-4e97-8246-28dd469f49cd');
INSERT INTO public.notes (id, user_id, title, content, artist, album, release_year, metadata, "references", isPinned, created_at, updated_at) VALUES ('de10e1b1-2225-42e0-a06a-aa4b3c4cbb77', '3917b9a9-a856-4f33-a910-6ad73f9fa25b', 'Neele Neele Ambar Pe', 'Am, G, F, Dm, E

[Am]Neele neele [G]ambar par, [Am]chaand jab aaye
[Am]pyaar barsaaye, [G]humko [Am]tarsaaye

[Am]Aisa koi saathi ho
[G]Aisa koi premi ho
[F]pyaas dil ki boojha [E]jaaye
[Am]Neele neele [G]ambar par, [Am]chaand jb aye
[Am]pyaar barsaaye, [G]humko [Am]tarsaaye

[Am]Hoo, unchey unchey parvatt, [G]jab chumtey hai ambar ko
[F]pyaasa pyaasa [Dm]ambar, [E]jb chumata hai [Am]sagar ko
[Am]pyaar sey kas[G]ane ko, [Am]baanho me basaane ko
[Am]dil mera lala[G]chaae, [Am]koi to aa jaye

[Am]aisa koi saathi ho
[G]aisa koi premi ho
[F]pyaas dil ki bujha [E]jaaye
[Am]Neele neele [G]ambar par, [Am]chaand jb aye
[Am]pyaar barsaaye, [G]humko [Am]tarsaaye

[Am]Hoo, Thandey Thandey jhonkey, [G]jab baalo ko sehlaein
[F]tapti tapti kira[Dm]nein, [E]jab gaalo ko chu [Am]jaen
[Am]saanson ki [G]garami ko, [Am]haato ki narmi ko
[Am]dil mera tars[G]saein, koi [Am]to chhu jaaye

[Am]aisa koi saathi ho
[G]aisa koi premi ho
[F]pyaas dil ki bujha [E]jaaye
[Am]Neele neele [G]ambar par, [Am]chaand jab aaye
[Am]pyaar barsaaye, [G]humko [Am]tarsaaye

[Am]Chamm chamm karta saavan, [G]boondo ke baand chaalaye
[F]satrangi barsaa[Dm]to mein[E] jb, tan mann bhee[Am]gaa jaaye
[Am]pyaar me naha[G]ane ko, Doob[Am] he jaane ko
[Am]Koi to aajaye[G], khwaab ja[Am]ga jaaye

[Am]aisa koi saathi ho
[G]aisa koi premi ho
[F]pyaas dil ki bujha [E]jaaye
[Am]Neele neele [G]ambar par, [Am]chaand jb aaye
[Am]pyaar barsaayein, [G]humko [Am]tarsaaye

Laa laa laa Laa…', 'Kishore Kumar', 'Kalaakaar', 1983, 'Scale of Song : Dm
Capo at  : 5
Strum : D DU UDU   https://youtu.be/UjchT8-Frcw?t=47
Chords used : Am, G, F, Dm, E', 'https://rewindcaps.com/neele-neele-ambar-par-chords/', FALSE, '2018-11-16T15:54:57.367000+00:00', '2018-11-17T11:09:09.051000+00:00');
INSERT INTO public.note_tags (id, user_id, note_id, tag_id) VALUES ('4590d724-f4da-4bfb-b49f-b6470f7b89ef', '3917b9a9-a856-4f33-a910-6ad73f9fa25b', 'de10e1b1-2225-42e0-a06a-aa4b3c4cbb77', '26bec2c9-84b7-4e97-8246-28dd469f49cd');
INSERT INTO public.note_tags (id, user_id, note_id, tag_id) VALUES ('1d9d2715-4d16-4756-9e77-9b441b50fe1f', '3917b9a9-a856-4f33-a910-6ad73f9fa25b', 'de10e1b1-2225-42e0-a06a-aa4b3c4cbb77', 'f22d1b82-b224-4a44-a581-b5c25015af54');
INSERT INTO public.notes (id, user_id, title, content, artist, album, release_year, metadata, "references", isPinned, created_at, updated_at) VALUES ('d112ab71-331b-4be1-b807-0f35cfd152ce', '3917b9a9-a856-4f33-a910-6ad73f9fa25b', 'Ye shaam mastaanee', '(G)Ye shaam mastaanee, mada(Em)hosh kiye(G) jaaye
mujhe dor koee khi(C)nche, teree (D)orr liye jaa(G)ye
(G)Ye shaam mastaanee, mada(Em)hosh kiye(G) jaaye
mujhe dor koee khi(C)nche, teree (D)orr liye jaa(G)ye

Do(C)or rahatee hain (G)tu, mere (C)paas aatee na(G)hee
hot(C)hhon pe ye t(G)ere, kabhee p(C)yaas aatee na(G)Ghee
ay(Am)esaa lage jaisai ke t(D)um, has ke ja(A)har ko(G)ee pi(C)ye ja(G)aye
(G)Ye shaam mastaanee, mada(Em)hosh kiye(G) jaaye
mujhe dor koee khi(C)nche, teree (D)orr liye jaa(G)ye

(C)Baat jab main k(G)aru, mujhe r(C)ok letee hain k(G)yon
(C)teree mithhee na(G)jar, mujhe (C)tok detee hain k(G)yo
(Am)teree hayaa, teree sha(D)ram teree kas(A)am mere hot(G)hh si(C)ye j(G)aaye
(G)Ye shaam mastaanee, mada(Em)hosh kiye(G) jaaye
mujhe dor koee khi(C)nche, teree (D)orr liye jaa(G)ye

(C)Ek ruthhee hu(G)yee, takad(C)eer jaise k(G)oee
(C)khaamosh ayese hain(G) too, tas(C)aweer jaise ko(G)ee
(Am)teree najar, ban ke ju(D)baan lekin te(A)re paigaa(G)m di(C)ye j(G)aaye
(G)Ye shaam mastaanee, mada(Em)hosh kiye(G) jaaye
mujhe dor koee khi(C)nche, teree (D)orr liye jaa(G)ye', 'Kishore Kumar', 'Kati Patang', 1971, 'D DU UDU', 'http://tabandchord.com/2013/08/yeh-shaam-mastani-guitar-chords-kishore-kumar/', FALSE, '2018-11-16T18:43:54.070000+00:00', '2018-11-16T18:47:38.705000+00:00');
INSERT INTO public.note_tags (id, user_id, note_id, tag_id) VALUES ('b71cf6a8-4fcc-44f9-bcc1-fc61000bda02', '3917b9a9-a856-4f33-a910-6ad73f9fa25b', 'd112ab71-331b-4be1-b807-0f35cfd152ce', '26bec2c9-84b7-4e97-8246-28dd469f49cd');
INSERT INTO public.note_tags (id, user_id, note_id, tag_id) VALUES ('59077617-51ed-439c-98fa-a2969aaf36db', '3917b9a9-a856-4f33-a910-6ad73f9fa25b', 'd112ab71-331b-4be1-b807-0f35cfd152ce', 'f22d1b82-b224-4a44-a581-b5c25015af54');
INSERT INTO public.notes (id, user_id, title, content, artist, album, release_year, metadata, "references", isPinned, created_at, updated_at) VALUES ('a5e44b04-6fd0-417f-9b49-4160ba03c42f', '3917b9a9-a856-4f33-a910-6ad73f9fa25b', 'Pyar Hua Iqraar Hua Hai', 'Pyar Hua Iqraar Hua Hai
e ----------------------------------
B----------------------------------
G----------------------------------
D--5--7-8-7-8-7--5--7-8-7-8-7-
Pyan se phir kyun darta hai dil
e --------------------------------
B--------------------------------
G--------------------------------
D--5--7-8-7-5------------------
A--------------8--6-6--8-6-5--

Kahta hai dil, rasta muskil
e---------------------------
B---------------------------
G--7-8-5-7--7-7-7-8-5-7--

Malum nahi hai kahan manzil
e------------------------------
B------------------------------
G--7p5----------5-------5-7--
D------8-7-7---7--8---8------', 'Lata Mangeshkar, Manna Dey', 'Shree 420', 1955, NULL, NULL, FALSE, '2018-01-14T07:26:26.103000+00:00', '2018-01-14T08:22:01.247000+00:00');
INSERT INTO public.note_tags (id, user_id, note_id, tag_id) VALUES ('b0e0dce6-045e-413d-a354-d120d03c32ca', '3917b9a9-a856-4f33-a910-6ad73f9fa25b', 'a5e44b04-6fd0-417f-9b49-4160ba03c42f', '22c9085c-724b-4679-aa10-b79b72f9b0be');
INSERT INTO public.note_tags (id, user_id, note_id, tag_id) VALUES ('d4e60c6c-c5b4-4b9c-bb75-aaa348c6e2a6', '3917b9a9-a856-4f33-a910-6ad73f9fa25b', 'a5e44b04-6fd0-417f-9b49-4160ba03c42f', 'f22d1b82-b224-4a44-a581-b5c25015af54');
INSERT INTO public.notes (id, user_id, title, content, artist, album, release_year, metadata, "references", isPinned, created_at, updated_at) VALUES ('01ff82e5-a726-4362-a039-40fad96c7192', '3917b9a9-a856-4f33-a910-6ad73f9fa25b', 'Pehla Nasha (Intro)', 'E---5--5--8--8--------8--5--3--3--8--8--------1--1--3--5----------------
B---------------------------------------------------------------1--3----
                                                                     
E------------1--------------------------1-------------------------------
B---------3-----------3--1--------3--3-----3--------1--1--1-------------
G------------------------------------------------------------0--2--0----

E-----------------------------------------------------------------------
B------------------------------1-----------------------------------1----
G---------0--0--0--2--3--2--0-----0--2--0--0--------2--0----------------
D---------------------------------------------------------3-------------

E---5--3--1-----6--5--3--1--3--5--3--1----------------------------------
B------------1----------------------------------------------------------

e-------------------8---------------------------8----------------------------5---------------
B-6--6-6---5-6---6-5----6--6-6---5-6---6-5-----------------5-6---6----8--8-8-
G---------------------------------------------------------7--7-7---5----------------------', 'Udit Narayan, Sadhana Sargam', 'Jo Jeeta Wohi Sikandar', 1992, 'Another version : https://www.youtube.com/watch?v=R4LnLJMRh5s', NULL, FALSE, '2017-10-24T14:41:16.381000+00:00', '2022-01-11T03:27:44.324000+00:00');
INSERT INTO public.note_tags (id, user_id, note_id, tag_id) VALUES ('71e06457-b10c-4b71-8caa-7bb1efdce497', '3917b9a9-a856-4f33-a910-6ad73f9fa25b', '01ff82e5-a726-4362-a039-40fad96c7192', 'ca29fa62-24fc-4ecb-808c-f795c7122529');
INSERT INTO public.note_tags (id, user_id, note_id, tag_id) VALUES ('cd5d33f0-db04-434d-a14b-d911dfbc8d19', '3917b9a9-a856-4f33-a910-6ad73f9fa25b', '01ff82e5-a726-4362-a039-40fad96c7192', '39d6ed04-fc5c-427e-9060-9041887f4d0e');
INSERT INTO public.note_tags (id, user_id, note_id, tag_id) VALUES ('9702b0e9-1cd9-4a2c-bd57-97dd70557d38', '3917b9a9-a856-4f33-a910-6ad73f9fa25b', '01ff82e5-a726-4362-a039-40fad96c7192', '22c9085c-724b-4679-aa10-b79b72f9b0be');
INSERT INTO public.note_tags (id, user_id, note_id, tag_id) VALUES ('bdf170a5-df45-4c1f-9d37-a40dd4c9c632', '3917b9a9-a856-4f33-a910-6ad73f9fa25b', '01ff82e5-a726-4362-a039-40fad96c7192', 'f22d1b82-b224-4a44-a581-b5c25015af54');
INSERT INTO public.notes (id, user_id, title, content, artist, album, release_year, metadata, "references", isPinned, created_at, updated_at) VALUES ('768224e5-e4e3-452d-95d0-ab8c4587c9b3', '3917b9a9-a856-4f33-a910-6ad73f9fa25b', 'Lakshya - Victory Theme', 'E-7--8-7-5----5--7---8-7-5--10----
B-----------8--------------------
E--10-12-13--12-10-8---10-12-10-', 'Shankar-Ehsaan-Loy', 'Lakshya', 2004, NULL, NULL, FALSE, '2018-02-04T00:30:23.073000+00:00', '2018-02-04T00:30:59.351000+00:00');
INSERT INTO public.note_tags (id, user_id, note_id, tag_id) VALUES ('b3d06843-9470-45e8-8eea-161a90a984ed', '3917b9a9-a856-4f33-a910-6ad73f9fa25b', '768224e5-e4e3-452d-95d0-ab8c4587c9b3', '94f83bf8-1cd6-44f7-9e77-dc2d9928b555');
INSERT INTO public.note_tags (id, user_id, note_id, tag_id) VALUES ('6e484f4e-2166-41bd-a583-8d65bd8929a8', '3917b9a9-a856-4f33-a910-6ad73f9fa25b', '768224e5-e4e3-452d-95d0-ab8c4587c9b3', '22c9085c-724b-4679-aa10-b79b72f9b0be');
INSERT INTO public.notes (id, user_id, title, content, artist, album, release_year, metadata, "references", isPinned, created_at, updated_at) VALUES ('652219ad-cb9c-4120-99d5-74b6e0882f9c', '3917b9a9-a856-4f33-a910-6ad73f9fa25b', 'Main Duniya Bhula Dunga', 'Main (Am)Duniya Bhula Dunga(G) Teri (Am)Chahat Mein  ............x2
(C)O Dushman Zamaana Mujhe Na Bhulaana
Main Khud Ko Mi(Am)taa Dun(E)ga Teri (Am)Chahat Mein

Main (Am)Duniya Bhula Dungi(G) Teri (Am)Chahat Mein ............x2
(C)Tera Sath Chhoota Ye Vaada Jo Toota
Main Khud Ko Mi(Am)taa Dun(E)gi Teri (Am)Chahat Mein
Main (Am)Duniya Bhula Dunga(G) Teri (Am)Chahat Mein

Meri (E)Saan(Am)sein Teri (E)Khush(Am)boo
Mere (E)Dil (Am)Mein Teri (E)Dhada(Am)kan
Meri (Dm)Mehfil Teri (E)Baa(Dm)tein
Meri (E)Aan(Am)khein Tere (E)Dar(Am)pan

(F)Bin Tere (G)Kuch Bhi Na(E)hin Main
(Am)Bin Tere (F)Kuch Bhi Na(E)hin Main
Main (Am)Har Gum Utha Lungi(G) Teri (Am)Chahat Mein...
(C)Tera Sath Chhoota Ye Vaada Jo Toota
Main Khud Ko Mi(Am)taa Dun(E)gi Teri (Am)Chahat Mein
Main (Am)Duniya Bhula Dunga(G) Teri (Am)Chahat Mein

See(E)ne (Am)Se Lag (E)Jaa (Am)Tu 
Main Hoon (E)Te(Am)ra De(E)waa(Am)na
Mujhe (Dm)Tujhse Mil(E)ne (Dm)Se
Ro(E)ke(Am)ga Kya Za(E)maa(Am)na

(F)Chhorrungaa (G)Na Saath (E)Tera
(Am)Chhorrungaa (F)Na Saath (E)Teraa...
Main (Am)Sab Kuch Loota Dunga(G) Teri (Am)Chahat Mein...
(C)O Dushman Zamaana Mujhe Na Bhulaana
Main Khud Ko Mi(Am)taa Dun(E)ga Teri (Am)Chahat Mein

Main (Am)Duniya Bhula Dungi(G) Teri (Am)Chahat Mein
(C)Tera Sath Chhoota Ye Vaada Jo Toota
Main Khud Ko Mi(Am)taa Dun(E)gi Teri (Am)Chahat Mein
Main (Am)Duniya Bhula Dunga(G) Teri (Am)Chahat Mein
(G)Teri (Am)Chahat Mein Haan (G)Teri (Am)Chahat Mein...', 'Kumar Sanu, Anuradha Paudwal', 'Aashiqui', 1990, 'Strum - D DUDU (https://www.youtube.com/watch?v=eWAeJSHdHzQ)', 'https://freegchords.blogspot.com/2015/08/main-duniya-bhula-dunga-guitar-chords.html', FALSE, '2019-04-11T04:58:05.649000+00:00', '2019-04-17T06:34:22.743000+00:00');
INSERT INTO public.note_tags (id, user_id, note_id, tag_id) VALUES ('f98e7aa4-e952-41ad-9ce4-8c18f7e59416', '3917b9a9-a856-4f33-a910-6ad73f9fa25b', '652219ad-cb9c-4120-99d5-74b6e0882f9c', '94f83bf8-1cd6-44f7-9e77-dc2d9928b555');
INSERT INTO public.note_tags (id, user_id, note_id, tag_id) VALUES ('3dec7708-26ea-4e58-85a4-5c94ebb13a25', '3917b9a9-a856-4f33-a910-6ad73f9fa25b', '652219ad-cb9c-4120-99d5-74b6e0882f9c', '26bec2c9-84b7-4e97-8246-28dd469f49cd');
INSERT INTO public.notes (id, user_id, title, content, artist, album, release_year, metadata, "references", isPinned, created_at, updated_at) VALUES ('434ae477-d5d1-47f4-ad73-593af8221838', '3917b9a9-a856-4f33-a910-6ad73f9fa25b', 'Mann Mera', 'Saari (Am)Raat Aahein Bharta...
(G) Pal Pal Yaadon Me Marta
(F) Maane Na Meri Mann Me(G)ra...

Suni Suni (Am)Shaam Sune Savere...
(G) Behte Hai Aansoo Mere
(F) Jaane Kuch Bhi Na Mann Me(G)ra...

Kabhi Te(F)ra Tha Jo Ab Be(Am)gana Hai Vo
Dee(F)wana Deewana Samjhe (G)Na... Hoooo

Ka(Am)bhi Kyoa Rahe...
Kabhi (G)Roya Phir Kare
Kabhi (F)Toote Huae Sapne San(G)joya Phir Kare
Koi (Am)Mann Se Uljhe Naa...
Koi (G)Mann Se Jeete Naa...
Bin (F)Rehna Aise Kardiye...Bi(G)taye Beete Naa... 
Re Man (Am)Mera...
(G) Maane Na Mann (Am)Mera...

Rag Rag (Am)Vo Samaya Mere...
(G) Mujko Khudaya Mere
(F) Usse Milaya Thae Mi(G)ta...

Karoon Fari(Am)yaad... Pukaroo Tujhko...
(G) Ya To De Dilbar Mujhko...
(F) Dil Ya Sine Se De Ha(G)ta

Mujhe Sa(F)ri Umar Ab Sa(Am)tana Hai Vo
Dee(F)wana Deewana Samjhe (G)Na... Hoooo

Ka(Am)bhi Kyoa Rahe...
Kabhi (G)Roya Phir Kare
Kabhi (F)Toote Huae Sapne San(G)joya Phir Kare
Koi (Am)Mann Se Uljhe Naa...
Koi (G)Mann Se Jeete Naa...
Bin (F)Rehna Aise Kardiye...Bi(G)taye Beete Naa... 
Re Man (Am)Mera...
(G) Maane Na Mann (Am)Mera...

(Am) Aisa Bhi Kya Re...(G) Dila Ka Lagaana...
(F) Aise Bhi Kya Re Mo(G)habaat
(Am) Aankhein Mila Ke... (G) Ye Maine Jana... 
(F) Rone Se Milti Nahi (G)Fursat...

Ka(Am)bhi Kyoa Rahe...
Kabhi (G)Roya Phir Kare
Kabhi (F)Toote Huae Sapne San(G)joya Phir Kare
Koi (Am)Mann Se Uljhe Naa...
Koi (G)Mann Se Jeete Naa...
Bin (F)Rehna Aise Kardiye...Bi(G)taye Beete Naa...
Re Man (Am)Mera...
(G) Maane Na Mann (Am)Mera...', 'Gajendra Verma', 'Table No. 21', 2013, 'Capo at 4
D UUD UUD (DU)
Chords used : Am, G, F', 'https://www.youtube.com/watch?v=Uo0sBQS1to8', FALSE, '2018-12-19T16:06:34.188000+00:00', '2019-01-12T02:41:24.920000+00:00');
INSERT INTO public.note_tags (id, user_id, note_id, tag_id) VALUES ('16343953-0ef2-44fd-b7bd-956c41dd3d43', '3917b9a9-a856-4f33-a910-6ad73f9fa25b', '434ae477-d5d1-47f4-ad73-593af8221838', '94f83bf8-1cd6-44f7-9e77-dc2d9928b555');
INSERT INTO public.note_tags (id, user_id, note_id, tag_id) VALUES ('76f27303-4bc9-47b3-87e5-25ab85bf85b8', '3917b9a9-a856-4f33-a910-6ad73f9fa25b', '434ae477-d5d1-47f4-ad73-593af8221838', '26bec2c9-84b7-4e97-8246-28dd469f49cd');
INSERT INTO public.notes (id, user_id, title, content, artist, album, release_year, metadata, "references", isPinned, created_at, updated_at) VALUES ('c1583fcb-c583-4fc5-85fc-c8cfe696f61c', '3917b9a9-a856-4f33-a910-6ad73f9fa25b', 'Ajeeb Daastan Hai Yeh', 'E----9-7---9---7----------------------9--7----9---7-------------------------
B------------------9--7--------9---------------------9---7---------7--------
G--------------------------9-----------------------------------9------------
A jee b daa s tan hai yeh ka haan shu ru ka haan kha tam
E------------------------------------------9---7--9----7--------------------
B----9---7---9---7----------------------------------------9--7--------------
G--------------------9----8---6--8-------------------------------6---9------
yeh man zi len hain ka un si na woh sama jh sa ke na hum

E------------------------------------------9---7--9--7---5---5--9---7-------
B-------7--9--10--9--10--7---10---------------------------------------------
G---8-----------------------------------------------------------------------
Yeh ro sh ni ke saa th kyon dhu an u tha chi ra g se

E---11--11---9--11--9--7--5----7-----------7--7---9--7----------------------
B-------------------------------------------------------9----7-------5----
G------------------------------------------------------------------6--------
Yeh Khwa b de kh ti hoon main ki jug pa ri hoon kh wa b se


E----4------4----4---4------4----4------------------------------------------
B----5------5----5---5------5----5------------------------------------------
G----4------4----4---4------4----4------------------------------------------
D---------------------------------------------------------------------------', 'Lata Mangeshkar', 'Dil Apna Aur Preet Parai', 1960, NULL, NULL, FALSE, '2018-01-14T11:02:43.316000+00:00', '2018-01-15T09:06:14.099000+00:00');
INSERT INTO public.note_tags (id, user_id, note_id, tag_id) VALUES ('d2d0e2db-65e2-493c-a381-e145c95e2bff', '3917b9a9-a856-4f33-a910-6ad73f9fa25b', 'c1583fcb-c583-4fc5-85fc-c8cfe696f61c', '22c9085c-724b-4679-aa10-b79b72f9b0be');
INSERT INTO public.note_tags (id, user_id, note_id, tag_id) VALUES ('21774d4c-7425-4e3c-8d46-b1d704ca4142', '3917b9a9-a856-4f33-a910-6ad73f9fa25b', 'c1583fcb-c583-4fc5-85fc-c8cfe696f61c', 'f22d1b82-b224-4a44-a581-b5c25015af54');
INSERT INTO public.notes (id, user_id, title, content, artist, album, release_year, metadata, "references", isPinned, created_at, updated_at) VALUES ('453ffa02-e4f3-470c-a56e-bdafad2034ea', '3917b9a9-a856-4f33-a910-6ad73f9fa25b', 'Bholenath 2 (The Destroyer)', 'Main Bhola Tandav Karya Karu
Jad Chho Aajawe Se
Main Raakh Ghol Ke Piya Karu
Jad Chho Aajawe Se

Main Bhola Tandav Karya Karu
Jad Chho Aajawe Se
Main Raakh Ghol Ke Piya Karu
Jad Chho Aajawe Se

Koi Peed Sahi Na Jaati Re
Kiye Saadhe Bhole Ki
Ya Bheed Sahi Na Jaati Re
Khamekha Role Ki

Insaan Bana Ke Bhejya Tha
Haiwaan Ho Liya Tu
Bhagwan Te Badke Bhi Laage
Balwaan Ho Liya Tu

Dekh Dukhi Dharti Ne
Kaalja Paat Ke Aawe Se

Main Bhola Tandav Karya Karu
Jad Chho Aajawe Se
Main Raakh Ghol Ke Piya Karu
Jad Chho Aajawe Se

Main Bhola Tandav Karya Karu
Jad Chho Aajawe Se
Main Raakh Ghol Ke Piya Karu
Jad Chho Aajawe Se

Tu Ke Karan Laagya
Bhole Ne Thagan Laagya
Insaan Te Badke Jaat Nahi
Jaat''an Mein Batan Laagya

Na Pyar Rhya Na Sharam Rahi
Na Sachi Re Koe Kalam Rahi
Na Saadh Rahe Na Sant Koi
Tere Paapan Ka Koe Antt Nahi

Mere Bheetar Agni Alkhe
Teeji Aankh Kulave Se

Main Bhola Tandav Karya Karu
Jad Chho Aajawe Se
Main Raakh Ghol Ke Piya Karu
Jad Chho Aajawe Se

Main Bhola Tandav Karya Karu
Jad Chho Aajawe Se
Main Raakh Ghol Ke Piya Karu
Jad Chho Aajawe Se

Aarambh Hoon Main, Parchand Hoon Main
Dukh Harta Hoon, Dukh Dand Hoon Main
Jeevan Kaatya Manne Parbat Pe
Aadi Yogi Anand Hoon Main

Main Rudra Roop Main Kailashi
Sansar Bana Bethya Haasi
Na Nashe Te Jodo Naam Mera
Iss Duniya Ka Na Main Vaasi

Khule Aankh Teesri Ho Vinaash
Mera Jee Ghabrawe Se

Main Bhola Tandav Karya Karu
Jad Chho Aajawe Se
Main Raakh Ghol Ke Piya Karu
Jad Chho Aajawe Se

Meri Jata Mein Behti Ganga Re
Karu Tandav Main Adhnanga Re
Sansar Mera Tu Cheez Hai Ke
Raawan Ki Foonk Di Lanka Re

Kailash Karu Main Waas Main Ae
Dharti Ka Gyata Su
Nirdharak Main Nirnayak Main
Main Ae Nirmata Su

Fer Nyu Na Kahiye Bhole Re
Manne Kyun Tadpaave Se

Main Bhola Tandav Karya Karu
Jad Chho Aajawe Se
Main Raakh Ghol Ke Piya Karu
Jad Chho Aajawe Se

Main Bhola Tandav Karya Karu
Jad Chho Aajawe Se
Main Raakh Ghol Ke Piya Karu
Jad Chho Aajawe Se', 'Kaka WRLD', 'Bholenath 2 (The Destroyer)', 2020, 'Capo at 1
Strumming : D D UUD D DU
Chords : Em D C D  -> keep repeating this', NULL, FALSE, '2025-09-12T14:23:44.666000+00:00', '2025-09-19T02:42:24.905000+00:00');
INSERT INTO public.note_tags (id, user_id, note_id, tag_id) VALUES ('a8f08aff-87b6-4e1b-9169-150970722b35', '3917b9a9-a856-4f33-a910-6ad73f9fa25b', '453ffa02-e4f3-470c-a56e-bdafad2034ea', '94f83bf8-1cd6-44f7-9e77-dc2d9928b555');
INSERT INTO public.note_tags (id, user_id, note_id, tag_id) VALUES ('fb6b93c3-d941-4f9c-85da-f2b1daa2c2fd', '3917b9a9-a856-4f33-a910-6ad73f9fa25b', '453ffa02-e4f3-470c-a56e-bdafad2034ea', '26bec2c9-84b7-4e97-8246-28dd469f49cd');
INSERT INTO public.note_tags (id, user_id, note_id, tag_id) VALUES ('5aef33bb-daf2-4f7b-ac53-378e9c034547', '3917b9a9-a856-4f33-a910-6ad73f9fa25b', '453ffa02-e4f3-470c-a56e-bdafad2034ea', '6a3e1159-3e7b-4145-b202-58429f143d25');
INSERT INTO public.notes (id, user_id, title, content, artist, album, release_year, metadata, "references", isPinned, created_at, updated_at) VALUES ('846a7898-dbe8-4ca3-aade-be47c6026a8d', '3917b9a9-a856-4f33-a910-6ad73f9fa25b', 'Ishq - Lost Found', 'Intro - Em, D, C, D

Main (Em)aa likkhoon tu (D)aa jaaye
Main (C)baith likkhoon tu (D)aa baithe
Mere (Em)shaane par sar (D)rakhe tu
Main (C)neend kahoon tu (D)so jaaye

Main (Em)aa likkhoon tu (D)aa jaaye
Main (C)baith likkhoon tu (D)aa baithe
Mere (Em)shaane par sar (D)rakhe tu
Main (C)neend kahoon tu (D)so jaaye

Chal (Em)aa ek aesi (D)nazm kahoon
Jo (C)lafz kahoon vo (D)ho jaaye
Main (Em)dil likhoon tu (D)dil thaame
Main (C)gum likhoon vo (D)kho jaaye
(Em D C D)

Main (Em)aa bharun tu (D)haaye kare
Be(C)chain likhoon be(D)chain ho tu
Phir (Em)bechaini ka (D)be kaatoon
Tujhe (C)chain zara sa (D)ho jaaye

Abhi (Em)ain likhoon tu (D)soche mujhe
Phir (C)sheen likhoon teri (D)neend ude
Jab (Em)qaaf” likhoon tujhe (D)kuch kuch ho
Main (C)ishq likhoon tujhe (D)ho jaaye
(Em D C D)', 'Unavailable', 'Unavailable', 2024, 'Rhythm - D UDUD UDUD DU', NULL, FALSE, '2025-07-14T03:51:57.905000+00:00', '2025-07-14T03:52:26.530000+00:00');
INSERT INTO public.note_tags (id, user_id, note_id, tag_id) VALUES ('a5d86b0d-a9f3-46a5-bd0d-14b329a64c29', '3917b9a9-a856-4f33-a910-6ad73f9fa25b', '846a7898-dbe8-4ca3-aade-be47c6026a8d', '94f83bf8-1cd6-44f7-9e77-dc2d9928b555');
INSERT INTO public.note_tags (id, user_id, note_id, tag_id) VALUES ('ccf422eb-449c-4e1d-8f47-2b95eb6f386b', '3917b9a9-a856-4f33-a910-6ad73f9fa25b', '846a7898-dbe8-4ca3-aade-be47c6026a8d', '1b68ed29-a956-4b7e-a109-7c9980c75b64');
INSERT INTO public.note_tags (id, user_id, note_id, tag_id) VALUES ('89f17678-8b10-4100-ab63-2d46f16a4be8', '3917b9a9-a856-4f33-a910-6ad73f9fa25b', '846a7898-dbe8-4ca3-aade-be47c6026a8d', '26bec2c9-84b7-4e97-8246-28dd469f49cd');
INSERT INTO public.notes (id, user_id, title, content, artist, album, release_year, metadata, "references", isPinned, created_at, updated_at) VALUES ('755cb6ce-ba65-4913-aa0a-0265594f6d57', '3917b9a9-a856-4f33-a910-6ad73f9fa25b', 'Bol Do Na Zara', '(Am) Itni mohabbat (F) karo na
Main (Dm) doob na jaaun (G) kahin
(Am) Waapas kinaare pe (F) aana
Main (Dm) bhool na jaaun (G) kahin

Dekha (Em) jabse hai chehra (F) tera
Main to (Dm) hafton se soya (G) nahin

Bol (Am) do na zara
Dil mein (F) jo hai chupa
Main (Em) kisi se kahoonga (F) nahi

Bol (Am) do na zara
Dil mein (F) jo hai chupa
Main (Em) kisi se kahoonga (F) nahi
Main (Em) kisi se kahoonga (F) nahi

(Am) (F) (Dm) (G)
(Am) (F) (Dm) (G)

(Am) Mujhe neend aati (F) nahi hai akele
(Dm) Khawaabon mein (C) aaya (Am) karo
(Am) Nahi chal (G) sakoonga
(F) Tumhare (Am) bina main
(Dm) Mera tum (C) sahara (Am) bano

Ik (F) tumhe chahne ke alawa
Aur (Dm) kuch humse hoga (G) nahi

Bol (Am) do na zara
Dil mein (F) jo hai chupa
Main (Em) kisi se kahoonga (F) nahi

Bol (Am) do na zara
Dil mein (F) jo hai chupa
Main (Em) kisi se kahoonga (F) nahi
Main (Em) kisi se kahoonga (F) nahi

(Am) (G) (F) (Em) (Dm) (Em) (Am)
(Am) (G) (F) (Em) (Dm) (Em) (Am)

(Am) Hamari kami tumko (F) mehsoos hogi
(Dm) Bhiga dengi (C) jab (Am) baarishein
(Am) Main bhar kar ke (G) laaya hoon
(F) Aankhon mein (Am) apni
(Dm) Adhoori si (C) kuch (Am) khwahishein

Rooh (F) se chahne wale aashiq
Baatein (Dm) jismon ki karte (Em) nahi

Bol (Am) do na zara
Dil mein (F) jo hai chupa
Main (Em) kisi se kahoonga (F) nahi

Bol (Am) do na zara
Dil mein (F) jo hai chupa
Main (Em) kisi se kahoonga (F) nahi
Main (Em) kisi se kahoonga (F) nahi', 'Armaan Malik', 'Azhar', 2016, 'Capo - 2nd Fret
Strumming : D DUDU', 'https://www.youtube.com/watch?v=zK8YsTuROaI
https://wrytin.com/sarveshdutta/bol-do-na-zara-chords-azhar-armaan-malik-jexr6qvb', FALSE, '2023-07-30T01:49:12.914000+00:00', '2023-07-30T01:51:06.965000+00:00');
INSERT INTO public.note_tags (id, user_id, note_id, tag_id) VALUES ('9b189275-a2a8-45bf-a9b3-34210f27d774', '3917b9a9-a856-4f33-a910-6ad73f9fa25b', '755cb6ce-ba65-4913-aa0a-0265594f6d57', '94f83bf8-1cd6-44f7-9e77-dc2d9928b555');
INSERT INTO public.note_tags (id, user_id, note_id, tag_id) VALUES ('9efe2d77-b982-4d3f-b37f-6735188a27ae', '3917b9a9-a856-4f33-a910-6ad73f9fa25b', '755cb6ce-ba65-4913-aa0a-0265594f6d57', '26bec2c9-84b7-4e97-8246-28dd469f49cd');
INSERT INTO public.notes (id, user_id, title, content, artist, album, release_year, metadata, "references", isPinned, created_at, updated_at) VALUES ('eade6619-e484-4a9f-a08f-26804a35af0f', '3917b9a9-a856-4f33-a910-6ad73f9fa25b', 'Dil Hai Ke Maanta Nahi', '```e | -  - - - - - - - - - - - - - - - - - - - - - - - - - - - 
B | - 7 s10s7 - 7s3-  - 3 - 3s5-5- - - - - - 3 - - 
G | - - - - - - - - - - - - - - - - - - - -5s2 - 2 - - - 
```

```e | - - - - - - - - - - - - 5 --  5 - 7 - 5 - - - - - - - - - - 
B | - 7 - - 10-8 - - -7- - - - - - - - - - - - - - - - - - - - 
G | - - - - - - - - - - - - - - - - - - - - - - - - - - - - - 
```

```e | - - - 5 - - 10 - 8 - - 7 - 7&5- - - - - - - - - - - - 
B | - 7 - - - - - - - - - - - - - - - - - - - - - - - - - - - 
G | - - - - - - - - - - - - - - - - - - - - - - - - - - - - - 
```

```e | - - - - - - - - - - - - - - - - - - - - - - - - - - - - - 
B | - 3-3 - - 7 - 3 - - 3s8 - - 5 - 3 - - - - - - - - - 
G | - - - - - - - - - - - - - - - - - - - - - 5 - - - - - 
```', 'Kumar Sanu, Anuradha Paudwal', 'Dil Hai Ke Manta Nahin', 1991, NULL, NULL, FALSE, '2017-10-27T06:26:38.581000+00:00', '2018-01-17T15:15:43.948000+00:00');
INSERT INTO public.note_tags (id, user_id, note_id, tag_id) VALUES ('947d559a-6100-43e9-a54c-c7490446e636', '3917b9a9-a856-4f33-a910-6ad73f9fa25b', 'eade6619-e484-4a9f-a08f-26804a35af0f', '22c9085c-724b-4679-aa10-b79b72f9b0be');
INSERT INTO public.note_tags (id, user_id, note_id, tag_id) VALUES ('3e1d2fb5-d77c-4a60-b83e-5e70c0779728', '3917b9a9-a856-4f33-a910-6ad73f9fa25b', 'eade6619-e484-4a9f-a08f-26804a35af0f', 'f22d1b82-b224-4a44-a581-b5c25015af54');
INSERT INTO public.notes (id, user_id, title, content, artist, album, release_year, metadata, "references", isPinned, created_at, updated_at) VALUES ('5aeaeac2-cab3-4c4f-83c2-2ef7c5299f77', '3917b9a9-a856-4f33-a910-6ad73f9fa25b', 'Dekhte Dekhte (Sochta Hoon)', 'Rajj ke rulaaya, Rajj ke hansaya
```e | - - - - - - - - - - - - - - - - - - - - - - - - -
B | - - - - - - - - - - - - - - - - - - - - - - - - -
G | -4-7-6-4 - -4 - - -4-7-6-4 - -4  - - - 
D | - - - - - - -7 - - - - - - - - - - 7 - - 7-4- 
```

Maine dil kho ke ishq kamaya
```e | - - - - - - - - - - - - - - - - - - - - - - - - - - - 
B | - - - - - - - - - - - - - - - - - - - - - - - - - - -
G | - - - - - 6-6-4-4- - - - - - - - - 6-6-4-4- -
D | -4-5-7 - - - - - - - - - - 4-5-7 - - - - - - - - 
```

Maanga jo usne ek sitara
Humne zameen pe chaand bulaya

Jo aankhon se.. haaye
```e | - - - - - - - - - - - - 
B | - 5-7-7-7- - - 5/3- -
```

Wo jo aankhon se ik pal na ojhal huve
```e | - - - - - - - - - - - - - - - - - - - - - - - - - - - 
B | -5-5- -7-7-7- -7-7-7- -7- 5/3- 5/9-9-9 -
```

Wo jo aankhon se ik pal na ojhal huve
```e | - - - - - - - - - - - - - - - - - - - - - - - - - - - - -
B | -5-5- -7- 7/10 -9 - 7-7-7- -7- 5/3- 5/9-9-9 -
```

Laapata ho gaye dekhte dekhte
```e | - - - - - - - - - - - - - - - - - - - - - - - - - - - - -
B | -7-9- 9/10 - -10-9- 7/5 - - 5/10 -7- 5/3 - - -2 - - - -
G | - - - - - - - - - - - - - - - - - - - - - - - - - - - - - - - - - - - -2-4 -
```

Sochta hoon…
```e | - - - - - - - 
B | - - - - - - - 
G | - - - -4-4 -
D | -4-4 - - - -
```

Sochta hoon ke woh kitne masoom thay
```e | - - - - - - - - - - - - - - - - - - - - - - - - - - - - 
B | - - - - - - - - - - - - - - - - - - - - - - - - - - - - 
G | - - - -4-4- - 4-4-4-4-6- -  4/2 - 4/6 -4-6 -
D | -4-4 - - - - - - - - - - - - - - - - - - - - - - - - - 
```

Sochta hoon ke woh kitne masoom thay
```e | - - - - - - - - - - - - - - - - - - - - - - - - - - - -
B | - - - - - - - - - - - - - - - - - - - - - - - - - - - -
G | - - - -4-4- - 4-4-4-4-6- - 4/2 - 4/6 -4-6 -
D | -4-4 - - - - - - - - - - - - - - - - - - - - - - - - - 
```

Kya se kya ho gaye dekhte dekhte
```e | - - - - - - - - - - - - - - - - - - - - - - - - - - - - -
B | - - - - - - - - - - - - - - - - - - - - - - - - - - - - -
G | -4-6-7-7-7-7- 7/9 - - -9/11 -11- 9/7 -6-2-4
```

Sochta hoon ke woh kitne masoom the
```e | - - - - - - - - - - - - - - - - - - - - - - - - -
B | -5-5-7-7-7- -7-7-7 - -5/3 - 5/9 -9-9- 
```

Sochta hoon ke wo kitne masoom thay
```e | - - - - - - - - - - - - - - - - - - - - - - - - - -
B | -5-5-7-10-9- -7-7-7 - -5/3 - 5/9 -9-9- 
```

Kya se kya ho gaye dekhte dekhte
```e | - - - - - - - - - - - - - - - - - - - - - - - - - - - - -
B | -7-9-10-10-10-12- - -12/13 -13-9-10-9-7-7-
```

Woh jo kahte the bichdenge na hum kabhi
```e | - - - - - - - - - - - - - - - - - - - - - - - - - -
B | -5-5-7-7-7- -7-7-9- 7/5 - - 7/9 -7-9- 
```

Woh jo kahte the bichdenge na hum kabhi
```e | - - - - - - - - - - - - - - - - - - - - - - - - - -
B | -5-5-7-7-7- -7-7-9- 7/5 - - 7/9 -7-9-  
```

Alvida ho gaye dekhte dekhte
```e | - - - - - - - - - - - - - - - - - - - - - - - - - - - - -
B | -7-7-9-10-10-10- 10/12 - - 14-14-9-10- - 10-9-7 - 
```', 'Atif Aslam', 'Batti Gul Meter Chalu', 2018, NULL, 'https://www.youtube.com/watch?v=AMbqqHgfplc', FALSE, '2018-09-23T13:05:53.335000+00:00', '2019-04-30T07:19:26.219000+00:00');
INSERT INTO public.note_tags (id, user_id, note_id, tag_id) VALUES ('d5168cd9-a1b4-419a-893e-96269b86d49d', '3917b9a9-a856-4f33-a910-6ad73f9fa25b', '5aeaeac2-cab3-4c4f-83c2-2ef7c5299f77', '94f83bf8-1cd6-44f7-9e77-dc2d9928b555');
INSERT INTO public.note_tags (id, user_id, note_id, tag_id) VALUES ('97c5fdee-face-462a-b338-9665c44129c0', '3917b9a9-a856-4f33-a910-6ad73f9fa25b', '5aeaeac2-cab3-4c4f-83c2-2ef7c5299f77', '22c9085c-724b-4679-aa10-b79b72f9b0be');
INSERT INTO public.notes (id, user_id, title, content, artist, album, release_year, metadata, "references", isPinned, created_at, updated_at) VALUES ('73b6ddf0-ba58-47ec-a6dc-030855a7818e', '3917b9a9-a856-4f33-a910-6ad73f9fa25b', 'Nee Partha Vizhigal', '[[Music]]
e---5-8-5-8-7--------5-8-10--8--7---
B---------------------8----------------------
e---5-8-5-8-7--------5-------5--------
B---------------------8---------5-5-----------

e-----------------------------------------------------------------
B-----8--6--5--------5--------------8--6--5-----5----------------
G--7--------------7-----7--5----7------------7-------------------

e-----------------------------------------------------------------
B-----8--6--5--------5--------------8--6--5-----5----------------
G--7--------------7-----7--5----7------------7-------------------

e--------5--10--8-7-----5-7--5------5--10--8-7-----5--7----------
B-----------------------------------------8----------------------------------

e--------5--10--8-7-----5-7--5------5----------------------------
B------------------------------------------8------8---8-6---6-5----5---------
G---------------------------------------------------------------------------7------


 Nee     Partha      Vizhigal
e-5----5--5----8--7------------------------
B----------------------8---------------------

Nee    Partha       Nodigal
e---------------5--------------------------
B-6----6--6-------8--5--------------------

 Hmm     Kettalum     Varumma
e-------5--5--5---8--7--------------------
B-568-------------------8-----------------

 Ketkatha              Varama
e---------------5-------------------------
B-6--6--6-------8--5---------------------

   Ithu       Pothuma    Ithil      Avasarama
e------------------------------------------
B-5------5--6-5---5-7---5-----------5--------
G----7---------------------------7-5-7-----------

   Innum   Vendumaa   Athil     Nirainthiduma
e------------------------------------------
B-5------5--6-5----5-7---5----------------
G----7----------------------------7-5-------------
D----------------------------------------7-5--------

   Naan      Partha   Naal   Nam     Vasam     Varuma
e-------------------------------------------------
B-5------5--6----5----5-7---5-------------5---
G-----7-----------------------------7----5-7-----

   Uyir       Thanguma    En      Vizhigalil     Muthal     Vali
e---------------------------------------------------
B-5------5-6-5-------5----------5---6----6--8---
G----7--------------------7-5-7--------------------

     Nijamadi     Penne       Tholaivinil          Unnai
e-5-8-5-8---7--------5-8-10----8--7------------
B------------------8-----------------------------------

    Nizhavinil     Kandaen       Nadamada
e-5-8-5-8---7---------5------5-------------------
B---------------------8--------5--5---------------------

    Valiyadi      Penne        Varai     Murai          Illai
e-5-8-5-8---7--------5-8-10----8--7---------
B------------------8-----------------------------------

   Vathaikirai        Ennai          Methuvaga (slowly)
e-5-8-5-8----7---------5-------5------------------
B----------------------8---------5--5---------------------

Nee Partha Vizhigal (Same Like Previous Lines )
Nee Partha Nodigal
Hmm Kettalum Varumma
Kekatha Varama

    Nizhal Tharum   Ival     Paaravai
e-8-7---8-5---5-8---7-----------------------------
B--------------------------8---------------------------

   Vazhi     Engum         Ini       Thevai
e-8-7---8s-10-5---5-8----7-------------------------
B------------------------------8----------------------

    Uyireeee     Uyireeee   Uyir  Nee    Than        Endral
e-6-8-10----6-8-10--6-8-10---11------10--8--------
B---------------------------------------------------

   Udane          Varuvai      Udal     Sagum           Munnal
e-6-8-10----6-10-8---6-8---10--11------10--8------
B---------------------------------------------------

    Analinnri    Kulir    Veesum      Ithu     Enthan    Sirai    Vasam
e-----------5-----------------------------5--------------
B---5-8-5-----8---6-8v-5-----5---8--5------8---6--5----- (v - Vibrato)
G-7------------------------7-----------------------------

   Ithil     Nee    Matum      Vendum     Penne
e---------------------8---5-----------------
B---5---6---8--6---------------6--8---------
G-7-----------------------------------------

   Ooh oh oh       hmmm hmm hmmm (FILLERS)
e-------------5----------5--------------------
B-----568--------8--6-------------------------
G-7-------------------------------------------

     Nijamadi     Penne       Tholaivinil          Unnai
e-5-8-5-8---7--------5-8-8--10----8--7---
B--------------8--------------------------

    Nizhavinil     Kandaen       Nadamada
e-5-8-5-8---7---------5------5-----------
B-----------------8--------5--5-------------

    Valiyadi      Penne        Varai     Murai          Illai
e-5-8-5-8---7--------5-8----8--10----8--7---
B--------------8-----------------------------

   Vathaikirai        Ennai          Methuvaga (slowly)
e-5-8-5-8----7---------5------5----------
B-----------------8---------5--5-------------', 'Vijay Yesudas, Shweta Mohan', '3', 2012, NULL, NULL, FALSE, '2017-11-08T17:23:28.997000+00:00', '2019-03-06T02:56:36.605000+00:00');
INSERT INTO public.note_tags (id, user_id, note_id, tag_id) VALUES ('679595a6-b3ef-41f6-a3fa-829c318d6b78', '3917b9a9-a856-4f33-a910-6ad73f9fa25b', '73b6ddf0-ba58-47ec-a6dc-030855a7818e', '74d4c762-17cd-4377-b23a-52bf90f64c92');
INSERT INTO public.note_tags (id, user_id, note_id, tag_id) VALUES ('0d1f12e6-c883-4525-9d2e-7889acb2557b', '3917b9a9-a856-4f33-a910-6ad73f9fa25b', '73b6ddf0-ba58-47ec-a6dc-030855a7818e', '22c9085c-724b-4679-aa10-b79b72f9b0be');
INSERT INTO public.notes (id, user_id, title, content, artist, album, release_year, metadata, "references", isPinned, created_at, updated_at) VALUES ('dc402117-5085-4898-8a7c-2491af3a2af5', '3917b9a9-a856-4f33-a910-6ad73f9fa25b', 'Lut Gaye - Aankh Uthi', 'Intro
```E|-----------------------------------------------------------------------------
B|----------------------------------5--6--5-----------------------------------5--6--5--------
G|--5--7--7--7--5--7--7--7------------7--5--7--7--7--5--7--7--7------------7-----
```

```E|--------------------------------------------------------------------
B|-------------------------------------3--------------------------------------
G|--2--3--3--3--2--3--3--3--5-----5--3--5--5--5--3--5--5--5--3--2-----
```

```E|-----------------------------------------12-13-12-------
B|--13-15-15-15-13-15-15-15-------------15----
```

```E|-----------------------------------------12-13-12-------
B|--13-15-15-15-13-15-15-15--------------15----
```

```E|----------------------------------------------10-------------------------------------------------
B|--10-11-11-11-10-11-11-11-13----13-11----13-13-13----11----13-13-13----11-10----
```

Maine jab dekha tha tumko
```E|--12/10-10-10----10-10-10-10-10-10h12p10-10\8-----
```

Raat bhi woh yaad hai mujhko
```E|--8-----10-12p10-10----10-10-10-10h12p10-10\8-----
```

Taare ginte ginte so gaya
```E|--6--6--6--6---8/13-13\10\6---6/8--6--5-----
```

Dil mera dhadka tha kass ke
```E|--12/10-10-10----10-10-10-10-10-10h12p10-10\8-----
```

Kuchh kaha tha toone hans ke
```E|--8-----10-12p10-10----10-10-10-10h12p10-10\8-----
```

Main ussi pal tera ho gaya
```E|--6--6--6--6---8/13-10\-8\6---6/8--6--5-----
```

Aasmanon pe jo khuda hai
```E|--12/13-13-13----13----12----12-13-12\10-10----
```

Uss se meri yahi dua hai
```E|--12/13-13-13-13----12-12----13-12\10-10----
```

Chand yeh har roz main dekhoon, Tere sath mein
```E|--13/15-15-15----15\13-13/15-15-15-15----15\13----13----13----12----12----10h12p10----
```

Ankh uthi mohabbat ne angdai li
```E|---8\5---8/10-10----10-10-12-13-12-10\8---8/10-10-12/13\12-12p10----
```

Dil ka sauda hua chandni raat mein
```E|--10----10h12p10-10\8--8---8h10p8---8\6--6--6---8/10-8---6/8--6--5-----
```

Ho teri nazron ne kuchh aisa jadoo kiya
```E|---8/13-12h13p12-10\8---8/10-10-10-10-12/13\12-12p10-8---8/10-10-12/13\12-12p10----
```

Lut gaye hum to pehli mulakaat mein
```E|--10----10h12p10-10\8--8---8h10p
```
8---8\6--6--6---8/10-8---6/8--6--5-----

Ho ankh uthi
```E|---8/13-12h13p12----------------------------12-13-12-------------------------12-13-12-------
B|-----------------13-13-15-15-15-13-15-15-15----------15-13-15-15-15-13-15-15----------15----
```

```E|-----------------------------10-------------------------------------------------
B|--10-11-11-11-10-11-11-11-13----13-11----13-13-13----11----13-13-13----11-10--
```', 'Jubin Nautiyal', 'Lut Gaye', 2021, 'TBD : Alignment', 'https://www.youtube.com/watch?v=ZSMNm62N6Cw', FALSE, '2021-03-14T11:52:33.795000+00:00', '2022-01-14T14:29:54.079000+00:00');
INSERT INTO public.note_tags (id, user_id, note_id, tag_id) VALUES ('381822a0-8410-44ce-b761-cc1b959bfe5a', '3917b9a9-a856-4f33-a910-6ad73f9fa25b', 'dc402117-5085-4898-8a7c-2491af3a2af5', 'ca29fa62-24fc-4ecb-808c-f795c7122529');
INSERT INTO public.note_tags (id, user_id, note_id, tag_id) VALUES ('76f8bf85-2c4a-496a-b804-704c76e2aa01', '3917b9a9-a856-4f33-a910-6ad73f9fa25b', 'dc402117-5085-4898-8a7c-2491af3a2af5', '39d6ed04-fc5c-427e-9060-9041887f4d0e');
INSERT INTO public.note_tags (id, user_id, note_id, tag_id) VALUES ('c8520c75-f36f-42ee-8c10-f12cc95bb053', '3917b9a9-a856-4f33-a910-6ad73f9fa25b', 'dc402117-5085-4898-8a7c-2491af3a2af5', '94f83bf8-1cd6-44f7-9e77-dc2d9928b555');
INSERT INTO public.note_tags (id, user_id, note_id, tag_id) VALUES ('df1a2c0b-0103-4a77-a154-55c89d379e1b', '3917b9a9-a856-4f33-a910-6ad73f9fa25b', 'dc402117-5085-4898-8a7c-2491af3a2af5', '22c9085c-724b-4679-aa10-b79b72f9b0be');
INSERT INTO public.notes (id, user_id, title, content, artist, album, release_year, metadata, "references", isPinned, created_at, updated_at) VALUES ('4d1f049b-6060-424c-bc62-bdc385816bde', '3917b9a9-a856-4f33-a910-6ad73f9fa25b', 'Bin Tere (Reprise) - I Hate Luv Storys', '```E |--------------
B |---3-5-6-5-3-------
G |-4-5-------5------
D |---------------
```
Teri nigaahon ke

```E |-------3----------
B |---3-5----5-3-------
G |-4-5------------5---
E |-----------------
```
Teri hi raahon ke

```E |-------------
B |---6-5-3---------
G |-------5-4------
D |-5---------5-3-2--
A |--------------
```
Kareeb se gayi jindagi

```E |--------------
B |---3-5-6-5-3-------
G |-4-5-------5------
D |---------------
```
Tujhe kyun dekha na

```E |-------3----------
B |---3-5----5-3-------
G |-4-5------------5---
E |-----------------
```
Tujhe kyun jaana na

```E |---------------
B |---6-5-3-----------
G |-------5-4--4-5-4-5----
D |-5---------------
A |----------------
```
Shikaayatein karu ya nahi

```E |------------
B |------------
G |-2-2-4-5-4-5-------
D |------------
```
Thami hai yeh saansein,

```E |------------
B |------------
G |-4---2-4-2-4-----
D |--5----------
A |------------
E |------------
```
Bari hai yeh aankhein

```E |-----------------
B |--------5-3-----3---
G |-2-2-4-5-4-5------5------
D |-----------------
```
Sahu kaise abb yeh faasala

```E |---------------
B |---------------
G |-5-4---5-4----2-3-2---
D |---5-----5-------
A |---------------
```
Bin tere bin tere bin tere…

```E |---------------
B |---------------
G |-2-2-2-4-4-2------2-----
D |-------3-3-5----5-5-
A |---------------
```
Koyi khalish hai hawaao mein bin tere… (2)
.
.
.

Kuchh bacha hi nahi darmiyaan
Saans leti hai abb yeh duriyaan
Dil nahi jaanata raahon mein
Haath se haath chhute the kahaan
Kyun najar ke kinaare tute hai khaab saare tu bata
Suna suna sam hai khaali khaali jahaan hai abb mera
Bin tere bin tere bin tere…
Koyi khalish hai hawaao mein bin tere… (2)', 'Shekhar Ravjiani', 'I Hate Luv Storys', 2010, NULL, NULL, FALSE, '2018-08-24T01:52:46.138000+00:00', '2018-08-24T01:53:06.637000+00:00');
INSERT INTO public.note_tags (id, user_id, note_id, tag_id) VALUES ('007b3f64-4412-432f-97c7-0e0209e60ec6', '3917b9a9-a856-4f33-a910-6ad73f9fa25b', '4d1f049b-6060-424c-bc62-bdc385816bde', '94f83bf8-1cd6-44f7-9e77-dc2d9928b555');
INSERT INTO public.note_tags (id, user_id, note_id, tag_id) VALUES ('5d99b039-6ac4-421e-8c97-bdb919d2dfb6', '3917b9a9-a856-4f33-a910-6ad73f9fa25b', '4d1f049b-6060-424c-bc62-bdc385816bde', '22c9085c-724b-4679-aa10-b79b72f9b0be');
INSERT INTO public.notes (id, user_id, title, content, artist, album, release_year, metadata, "references", isPinned, created_at, updated_at) VALUES ('eba31660-7114-4059-b2cb-6e03590b9463', '3917b9a9-a856-4f33-a910-6ad73f9fa25b', 'Main Hoon Na', 'Whistle Music Line 1
```G|-7/9--7-5-4-----------------4-----------------------|
D|---------------7----7--5-7------7-------------------|
A|------------------7-----------------------------------|
```

Whistle Music Line 2
```G|-7/9--7-5-4-----------------4--7-------------------|
D|---------------7----7--5-7---------7----------------|
A|------------------7-----------------------------------|
```

Whistle Music Line 3
```G|--9-10-9-7--9-10-9-7-----------------------------|
D|-----------------------------------------------------|
```

Whistle Music Line 4
```G|----------------4-------------------------------------|
D|-------7-5--7-----------------------------------------|
A|-7-8---------------------------------------------------|
```

Whistle Music Line 5
```G|--12-10--9-10--9----------------------------------|
D|-----------------------------------------------------|
```

Wait for 2 seconds after playing whistle Music & 
then start playing the song as below:

Line 1
```G|-----------------------------------------------------|
D|--7-8-10-8--7-5-----------------------------------|
```

Line 2
```D|--5-5-3/5--5-5--------5-7---------------------------|
A|-------------------8-8---------------------------------|
```

Line 3
```G|-----------------------------------------------------|
D|--7-8-10-8--7-5-----------------------------------|
```

Line 4
```D|--5-5-3/5--5-5--------5-7---------------------------|
A|-------------------8-8---------------------------------|
```

Line 5 & 6
```G|--------7-7-6-7-7-7-6-7-7-9-9------------------------|
D|--7-8------------------------------7--------------------|
```

Line 7 & 8
```G|--------7-7-6-7-7-7-6-7-7-9-9------------------------|
D|--7-8------------------------------7--------------------|
```

Line 9
```G|-10-10-9-7-5-444-----------------------------------|
D|----------------------5/9-9-10-12-14----------------|
A|------------------------------------------12-----------|
```

Again from the starting

Line 10
```G|-----------------------------------------------------|
D|--7-8-10-8--7-5-----------------------------------|
```

Line 11
```D|--5-5-3/5--5-5--------5-7---------------------------|
A|-------------------8-8---------------------------------|
```

Line 12
```G|-----------------------------------------------------|
D|--7-8-10-8--7-5-----------------------------------|
```

Line 13 
```D|--5-5-3/5--5-5--------5-7---------------------------|
A|-------------------8-8---------------------------------|
```', 'Sonu Nigam, Shreya Ghoshal', 'Main Hoon Na', 2004, 'TBD: write blank lines', NULL, FALSE, '2017-11-12T04:39:27.347000+00:00', '2018-09-27T15:53:04.963000+00:00');
INSERT INTO public.note_tags (id, user_id, note_id, tag_id) VALUES ('87160140-01ab-483d-aebe-fc3949c5490b', '3917b9a9-a856-4f33-a910-6ad73f9fa25b', 'eba31660-7114-4059-b2cb-6e03590b9463', 'ca29fa62-24fc-4ecb-808c-f795c7122529');
INSERT INTO public.note_tags (id, user_id, note_id, tag_id) VALUES ('93f3084f-46e5-44da-bb1a-8239065da3c8', '3917b9a9-a856-4f33-a910-6ad73f9fa25b', 'eba31660-7114-4059-b2cb-6e03590b9463', '94f83bf8-1cd6-44f7-9e77-dc2d9928b555');
INSERT INTO public.note_tags (id, user_id, note_id, tag_id) VALUES ('b19e7b36-7f7a-4cfc-8c4b-b42c5f0b3e79', '3917b9a9-a856-4f33-a910-6ad73f9fa25b', 'eba31660-7114-4059-b2cb-6e03590b9463', '22c9085c-724b-4679-aa10-b79b72f9b0be');
INSERT INTO public.notes (id, user_id, title, content, artist, album, release_year, metadata, "references", isPinned, created_at, updated_at) VALUES ('67bc8ed4-afbd-4901-a142-3f73d2b8ae72', '3917b9a9-a856-4f33-a910-6ad73f9fa25b', 'Atif Aslam Gima Music Awards 2015', '(G)Shining in the sailing sun like a (Em)pearl upon the ocean
come (C)feel me  hoo (D)feel me   ..........x2    

(G)Waise to mann mera, (Em)pehli bhi raaton mein (C)
Aksar hi (D)chahat ke haan (A)
Sapne san(D)jonta tha
(G)Pehle bhi dhadkan ye, (Em)dhun koi gaati thi (C)
Par ab jo (D)hota hai woh, (A)
pehle na (D)hota tha

G Em D   (STOP)

(G)Tera  (Em)   hone la(G)ga hoon (Em)
khone la(G)ga hoon  (Em)     Jab se mi(G)la hoon ..........x2

(G) Nigahon mein dekho meri (C)jo hai bas gaya 
(G)Woh hai milta tumse huba(D)hu
(G) Jaane teri aankhein thi ya (C)baatein thi wajah
(G)Hue tum jo dil ki aar(D)zoo
Tum paas (C)ho ke bhi tum aas (G)ho ke bhi
Ehsaas (C)ho ke bhi apne na(D)hi aise hain
(G) Humko gi(Bm)le tum(Am)se na jaane (D)kyun
(G) Milo Ke Hai Faas(C)Lea  Tum (C)Se Na Jaane (D)Kyuuu

Tu Jaane (G)Naaaaa (D)
Tu Jaane (G)Na       ..........x2

Haan (Em)chhu toh liya hai ye jism tune
(Am) Rooh bhi choom (C)le
Al(C)faaz bhige (D) bhige kyun hai me(G)re
Haan (Em)yun choor ho ke majboor ho ke
(Am) Qatra qatra ka(C)he
Eh(C)saas bheege (D) bheege kyun hain me(G)re

Do bekha(C)bar bheege ba(D)dan
Ho besa(C)bar bheege ba(D)dan
Le ra(Am)he raat (D)bhar angdai(C)yaan

Be inte(G)haan be inte(Em)haan
Yun pyaar (C)kar be inte(D)haan
Dekha ka(G)run saari (Em)umar
Tere ni(C)shaan be inte(D)haan

(G)Kaise batayein
(Em)Kyun tujhko chahe
(Am)Yaara batha na (D)paayein
(G)Baatein dil o ki
(Em)Dekho jo baki
(Am)Aake tujhe sam(D)jhaein

Tu Jaane (G)Naaaaa (D)
Tu Jaane (G)Na      ..........x2

==========D UUD UUD DU==============

(G)Maine to dheere se (Em)Neendon ke dhaage se
(C)Baandha hai khwaab ko (G)tere
(G)Main na jahaan chahoon  (Em)Na aasmaan chaahoon
(C)Aaja hisse main tu (G)mere

Tu (G)dhang chahato (C)ka
Main (D)jaise koi na(G)dani
Tu (G)dhang chahato (C)ka
Main (D)jaise koi na(G)dani
Mujhe (G)khud mein ghol de (C)to
Mere (F)yaar baat ban (C)jaani
       
Main (G)rang sharbaton (C)ka
Tu (D)meethe ghaat ka (G)paani ..........x2

(Am)Sajra Savera Mere Tan Barse
(F)Kajra Andhera Teri (C)Jalti Lau

[Instrumental]
Am    F C 

(Am)Sajra Savera Mere Tan Barse
(F)Kajra Andhera Teri (C)Jalti Lau       
(Am)Katra Mila Jo Tere Dar Par Se
O (C)Maula
Mau(Am)la  (Dm)Aaa

(G)Kun Faya (F)Kun, (F)Kun Faya (C)Kun  ..........x2
 
Kun (C)Faya Kun Kun Faya
(Am)Kun Faya Kun     
Faya (Em)Kun Faya (G)Kun Faya (C)Kun   ..........x2

Jab (C)Kahin Pe Kuch Nahi
(Am)Bhi Nahi Tha
Wahi (C)Tha Wahi Tha
Wahi (Am)Tha Wahi (G)Tha     ..........x2

Woh Jo (C)Mujh Mein Samaya
Woh Jo (Am)Tujh Mein Samaya            
Maula (F)Wahi Wahi (G)Maaya (C)     ..........x2

(G)Kun Faya (F)Kun, (F)Kun Faya (C)Kun 
Faya (Em)Kun Faya (G)Kun Faya (C)Kun', 'Atif Aslam', 'Live Performance', 2015, 'D DU UDU
Chords used : G, Em, C, D', 'https://www.youtube.com/watch?v=XtQnRPFGKIE', FALSE, '2019-01-05T12:37:41.949000+00:00', '2019-01-13T10:53:47.762000+00:00');
INSERT INTO public.note_tags (id, user_id, note_id, tag_id) VALUES ('d3b00661-f732-4901-a9f1-bd963ebf6ea9', '3917b9a9-a856-4f33-a910-6ad73f9fa25b', '67bc8ed4-afbd-4901-a142-3f73d2b8ae72', '07483aae-aaf2-498a-ad00-7abd0a0d46c3');
INSERT INTO public.note_tags (id, user_id, note_id, tag_id) VALUES ('4b166c21-16ee-4318-9292-54eafa457b24', '3917b9a9-a856-4f33-a910-6ad73f9fa25b', '67bc8ed4-afbd-4901-a142-3f73d2b8ae72', '94f83bf8-1cd6-44f7-9e77-dc2d9928b555');
INSERT INTO public.note_tags (id, user_id, note_id, tag_id) VALUES ('536950d7-7017-423f-939b-0d5c54d2c7ab', '3917b9a9-a856-4f33-a910-6ad73f9fa25b', '67bc8ed4-afbd-4901-a142-3f73d2b8ae72', '26bec2c9-84b7-4e97-8246-28dd469f49cd');
INSERT INTO public.notes (id, user_id, title, content, artist, album, release_year, metadata, "references", isPinned, created_at, updated_at) VALUES ('0e91eb86-0130-40d6-a5de-c89433ed7931', '3917b9a9-a856-4f33-a910-6ad73f9fa25b', 'Ghunghroo - War', 'TBD : ADJUST BELOW NOTES FOR CAPO

(F#m)Kyun lamhe (C#m)kharab karein
(A)Aa ghalti (E)behisab karein
(F#m)Do pal ki jo (C#m)neend udi
(A)Aa poore saare (E)khaab karein​

(F#m)Kya karne hai umron ke (D)waade
Ye jo (F#m)rehte hain rehne de (E)aadhe
(F#m)Do baar nahi ik (C#m)baar sahi
Ik (A)raat ki kar le tu (E)yaari​

Subah tak (F#m)maan ke meri (D)baat
Tu aise (A)zor se naachi (E)aaj
Ki ghungroo (F#m)toot gaye(C#m)
Ki ghungroo (F#m)toot gaye(E)​

(same)
Chhod ke saare sharm aur laaj
Main aise zor se naachi aaj
Ki ghungroo toot gaye
Ki ghungroo toot gaye', 'Arijit Singh, Shilpa Rao', 'War', 2019, 'Capo at 2
Ddd Ddd Ddd
D UDUD UDUD DU    OR    D UUD UUD DU', 'https://tabs.ultimate-guitar.com/tab/arijit_singh/ghungroo_chords_2816249
https://www.youtube.com/watch?v=OqQNS_rqXs0', FALSE, '2019-10-16T02:54:30.371000+00:00', '2019-10-16T02:56:13.827000+00:00');
INSERT INTO public.note_tags (id, user_id, note_id, tag_id) VALUES ('8d3b8e24-c83f-438a-a889-d79d9245c534', '3917b9a9-a856-4f33-a910-6ad73f9fa25b', '0e91eb86-0130-40d6-a5de-c89433ed7931', 'ca29fa62-24fc-4ecb-808c-f795c7122529');
INSERT INTO public.note_tags (id, user_id, note_id, tag_id) VALUES ('ec9b179a-8ba2-4ff4-b232-055aec3002b8', '3917b9a9-a856-4f33-a910-6ad73f9fa25b', '0e91eb86-0130-40d6-a5de-c89433ed7931', '94f83bf8-1cd6-44f7-9e77-dc2d9928b555');
INSERT INTO public.note_tags (id, user_id, note_id, tag_id) VALUES ('ec45435d-b4a0-4d99-8506-72222474e64e', '3917b9a9-a856-4f33-a910-6ad73f9fa25b', '0e91eb86-0130-40d6-a5de-c89433ed7931', '26bec2c9-84b7-4e97-8246-28dd469f49cd');
INSERT INTO public.notes (id, user_id, title, content, artist, album, release_year, metadata, "references", isPinned, created_at, updated_at) VALUES ('393cd6c5-f10e-439b-acec-f3cf60b00f16', '3917b9a9-a856-4f33-a910-6ad73f9fa25b', 'Kesariya', '[Intro]
```e | -0- -0- -0- - - - - - - - - - - - - - -3- - -3- - - -  
B | - -1- -1 - -1- - - 1 - -3- - - 3 - - - 3 - - -3- - 
G | - - - - - - - - - -0 - -0- - -0- - - - - - - - - - - - -
```

Intro
Mujh(C)ko (Am)itna bataaye (F)koyi (G)
Kaise (C)tujh se (Am)dil na lagaaye (F)koyi (G)

Pre-Chorus
Rabba (C)ne tujh ko banaane (Am)Mein
kardi hai Husan (F)ki khali tizori(G)yaan
Kajal (C)ki shiyahi se li(Am)khi hai tune jaane
(F)Kitno ki love stori(G)yaan

Chorus
Kesariya tera (C)ishq hai piya (Am)
Rang jau jo main (F)haath (G)lagau
Din beete saara (C)teri fikr mein (Am)
Rein saari teri (F)khair (G)manau

Kesariya tera (C)ishq hai piya (Am)
Rang jau jo main (F)haath (G)lagau
Din beete saara (C)teri fikr mein (Am)
Rein saari teri (F)khair (G)manau

Verse
(C)Pat-jhad ke mausam me bhi
(Am)Rangi chanaaro jaisi
(F)Jhanke sannnato me tu
(G)Veena ke taaro jaisi

Hmm (C)sadiyon se bhi lambi ye
(Am)Mann ki amavasey hai
(F)Aur tu phuljhadiyo waale
(G)Tyoharo jaisi

Pre-Chorus
Chanda (C)bhi deewaana hai te(Am)ra 
Jalti hai tujh(F)se saari chhakori(G)yaan
Kajal (C)ki siyahi se li(Am)khi hai tune jaane
(F)Kitno ki love story(G)aan

Chorus
Kesariya tera (C)ishq hai piya (Am)
Rang jau jo main (F)haath (G)lagau
Din beete saara (C)teri fikr mein (Am)
Rein saari teri (F)khair (G)manau

Kesariya tera (C)ishq hai piya (Am)
Rang jau jo main (F)haath (G)lagau
Din beete saara (C)teri fikr mein (Am)
Rein saari teri (F)khair (G)manau

Music Composition: Pritam
Lyrics by Amitabh Bhattacharya
Singer/Artist: Arijit Singh
Additional Vocals: Nikhita Gandhi
Releasing Year: 2022
Music Label: Sony Music India
Language: Hindi
Movie: Brahmastra', 'Arijit Singh', 'Brahmāstra', 2022, 'Song Scale: C
Strumming : D D UDUD D DU
Chords used : C, Am, F, G', 'https://www.youtube.com/watch?v=E3XqfI_jmbM
https://rewindcaps.com/kesariya-guitar-chords/', FALSE, '2022-11-21T15:17:48.896000+00:00', '2022-11-21T15:22:50.124000+00:00');
INSERT INTO public.note_tags (id, user_id, note_id, tag_id) VALUES ('240c34ca-563d-45d9-b6f6-a7d57295e453', '3917b9a9-a856-4f33-a910-6ad73f9fa25b', '393cd6c5-f10e-439b-acec-f3cf60b00f16', '39d6ed04-fc5c-427e-9060-9041887f4d0e');
INSERT INTO public.note_tags (id, user_id, note_id, tag_id) VALUES ('9e3af65d-05e3-409f-be3c-670f44354e4b', '3917b9a9-a856-4f33-a910-6ad73f9fa25b', '393cd6c5-f10e-439b-acec-f3cf60b00f16', '94f83bf8-1cd6-44f7-9e77-dc2d9928b555');
INSERT INTO public.note_tags (id, user_id, note_id, tag_id) VALUES ('58814346-47b9-44d4-8914-eec9065b60d6', '3917b9a9-a856-4f33-a910-6ad73f9fa25b', '393cd6c5-f10e-439b-acec-f3cf60b00f16', '26bec2c9-84b7-4e97-8246-28dd469f49cd');
INSERT INTO public.notes (id, user_id, title, content, artist, album, release_year, metadata, "references", isPinned, created_at, updated_at) VALUES ('094acace-5b22-45e3-8874-0a5f0d84d12e', '3917b9a9-a856-4f33-a910-6ad73f9fa25b', 'Duniya - Luka Chuppi', '```e|--------1------1------1--------------------|
B|----------------------------------3--2--------|
G|------0------0------0-------5--------------|
D|----1--------------------------------------|
A|-----------------------------3-----------------|
E|-----------1------3------------------------|
```

```e|--------1------1------1---------5----------|
B|--------------------------------------6--------|
G|------0------0------0---------7-----7------|
D|----1-------------------------7--------------|
A|----------------------------5----------------|
E|-----------1------3------------------------|
```

===========FINGERSTYLE===============
Bulave tujhe (C)yaar ajj meri (D)galiyan
Basaun tere (Em)sang main alag (D)duniya...(C)...(D)...(Em)
Bulave tujhe (C)yaar ajj meri (D)galiyan
Basaun tere (C)sang main alag (D)duniyaa

Na aayein kabhi (C)dono mein zara bhi (D)faasle
Bas ek tu ho, (Em)ek main hoon aur koyi (Bm)na
Hai mera sab (C)kuchh tera tu samajh (D)le
Tu chaahe mere (Em)hakk ki zameen rakh (D)le
Tu saanson pe bhi (Am)naam tera likh(D) de
Main jiyun jab (Em)jab tera dil (Bm)dhadke

===========D D UUD DU===============
​C, D, Em, D,
C, D, Em, Bm

Jis’se (C)mera yeh jee nahi (Am)bharta
Kuchh bhi(C) nahi asar ab (Am)karta

===========SINGLE STRUM===============
Meri(Em) raah tujhse, meri chaah tujhse
Mujhe (Em)bas yahin reh jaana

===========FINGERSTYLE===============
Hai tu hi dil (C)jaan hai meri ab(D) se
Na zikra (Em)tera na jaaye mere lab(D) se
Bulave tujhe (C)yaar ajj meri (D)galiyan
Basaun tere (Em)sang main alag (Bm)duniya
Jo hove tu (C)udass mujhe dekhe hass(D) ke
Tu chaahe mere (Em)hakk ki zameen (D)rakh le

Tu saanson pe bhi (Am)naam tera likh (D)de
Main jiyun jab (Em)jab tera dil(Bm) dhadke

===========D D UUD DU===============
(C)Pyar di (D)raawan utte
(Em)Yaar tu le (D)aaya
(C)Mainu jeene(D) da matlab
(Em)Aaj samajh (Bm)aaya....(C)

(D)paraya mainu(Em) kar na (D)na tu(Am)....
soheneya(D) jaana(Em) main ta rul (C)janaa...(D)', 'Akhil, Dhvani Bhanushali', 'Luka Chuppi', 2019, 'Capo on 3
D D UUD DU
Chords used : Em, D, C, Am, Bm', 'https://www.youtube.com/watch?v=8TG713zjMyk', FALSE, '2020-02-08T14:01:33.869000+00:00', '2020-02-08T14:11:59.681000+00:00');
INSERT INTO public.note_tags (id, user_id, note_id, tag_id) VALUES ('b6f65c29-a55d-4338-b942-0d0642ea1036', '3917b9a9-a856-4f33-a910-6ad73f9fa25b', '094acace-5b22-45e3-8874-0a5f0d84d12e', '39d6ed04-fc5c-427e-9060-9041887f4d0e');
INSERT INTO public.note_tags (id, user_id, note_id, tag_id) VALUES ('18b34dd3-6c73-41cb-9175-1af7b3333517', '3917b9a9-a856-4f33-a910-6ad73f9fa25b', '094acace-5b22-45e3-8874-0a5f0d84d12e', '94f83bf8-1cd6-44f7-9e77-dc2d9928b555');
INSERT INTO public.note_tags (id, user_id, note_id, tag_id) VALUES ('97e8552b-56b9-44c9-b4ce-b4f233388d22', '3917b9a9-a856-4f33-a910-6ad73f9fa25b', '094acace-5b22-45e3-8874-0a5f0d84d12e', '26bec2c9-84b7-4e97-8246-28dd469f49cd');
INSERT INTO public.notes (id, user_id, title, content, artist, album, release_year, metadata, "references", isPinned, created_at, updated_at) VALUES ('17d58d1a-93a6-4cf8-91fc-41c8a83d2bd4', '3917b9a9-a856-4f33-a910-6ad73f9fa25b', 'Cheap Thrills', 'Come on, come on, turn the radio on
```e | - - - - - - - - - - - - - - - - - - - -
B | - - - - - - - - - - - - - - - - - - - -
G | - - - - - - - - - - - - - -11-11-11 -
D | -9-11-9-11-11-9-11 - - - - - - - 
```

It''s Friday night and I won''t be long
```e | - - - - - - - - - - - - - - - - - - - - - -
B | - - - - - - - - - - - - - - - - - - - - - 
G | -11-9-9-9-9-9-9-9-9/11h-9-9 - 
```

Gotta do my hair, I put my make up on
```e | - - - - - - - - - - - - - - - - - - - - 
B | - - - - - - - - - - - - - - - - - - - - 
G | - - - - - - - - - - - - - - - - 11-11-
D | -11-9-11-11-11-11-9-11 - - - - - 
```

It''s Friday night and I won''t be long
```e | - - - - - - - - - - - - - - - - - - - - - -
B | - - - - - - - - - - - - - - - - - - - - - 
G | -11-9-9-9-9-9-9-9-9/11h-9-9 - 
```

Til I hit the dance floor, Hit the dance floor
```e | - - - - - - - - - - - - - - - - - - - - - - - -
B | -9-10- - 10-12-9-10- - 10-12-9-10 -
```

I got all I need
```e | - - - - - - - - - - - - - - -
B | -9/10-10-10 - - - - - - 
G | - - - - - - - - - -7/9-9- 
```

No I ain''t got cash, I ain''t got cash
```e | - - - - - - - - - - - - - - - - - - - - -
B | - - -9-10-12-9- - -10-10-12-9 -
G | -11 - - - - - - - - - - - - - - - - - - 
```

But I got you baby
```e | - - - - - - - - - - - - - - - -
B | -9-9/10-10-10 - - - - - -
G | - - - - - - - - - - -7/9-9 -
```

Baby I don''t need dollar bills to have fun tonight
```e | - - - - - - - - - - - - - - - - - - - - - - - - - - - - - - - -
B | - - -9-9h10p9- - - - - - - - - - - - - - - 9 - - - - - - 
G | -11 - - - - - - - - 11-11-11-11-11-11- -11- - 11-9-9 -
```

Baby I don''t need dollar bills to have fun tonight
(I love cheap thrills)

But I don''t need no money
```e | - - - - - - - - - - - - - - - - - - - - - 
B | - - - - -9-10-9h10p9 - - - - - - -  
G | - - -11- - - - - - - - - - -11- - - - -
D | -11 - - - - - - - - - - - - - - -11-9-
```

As long as I can feel the beat
```e | - - - - - - - - - - - - - - - - - - - - - - - - -
B | - - - - - - - -9-10-9h10p9- - - - - - - -
G | - - - - - 11 - - - - - - - - - - - 11 - - - - -
D | -11-11 - - - - - - - - - - - - - - - - 11-9 - 
```

I don''t need no money
As long as I keep dancing

Come on, come on, turn the radio on
It''s Saturday and I won''t be long
Gotta paint my nails, put my high heels on
It''s Saturday and I won''t be long', 'Sia', 'This Is Acting', 2016, NULL, NULL, FALSE, '2018-02-04T14:44:48.477000+00:00', '2018-02-04T16:46:55.302000+00:00');
INSERT INTO public.note_tags (id, user_id, note_id, tag_id) VALUES ('70c08995-8309-40f1-a73e-e31ddc53e65f', '3917b9a9-a856-4f33-a910-6ad73f9fa25b', '17d58d1a-93a6-4cf8-91fc-41c8a83d2bd4', '22c9085c-724b-4679-aa10-b79b72f9b0be');
INSERT INTO public.note_tags (id, user_id, note_id, tag_id) VALUES ('1fa38861-f288-4282-bbb3-90ab87a05138', '3917b9a9-a856-4f33-a910-6ad73f9fa25b', '17d58d1a-93a6-4cf8-91fc-41c8a83d2bd4', 'eebbc269-be1f-43e9-a641-4b2e91a39ff4');
INSERT INTO public.notes (id, user_id, title, content, artist, album, release_year, metadata, "references", isPinned, created_at, updated_at) VALUES ('d72bb827-0849-4470-8734-254dcbdfef48', '3917b9a9-a856-4f33-a910-6ad73f9fa25b', 'Emptiness by Gajendra Verma - Easy', 'Hold like this (|| = Capo; I = Index; M = Middle; R = Ring; P = Pinky)
```e | - - - || - - I - - - - - -
B | - - - || - - - -      P - - - -
G | - - - || - - -  M  R - - - -
```

Play			3 2 1 2		3 2 1 2
Remove R finger	3 2 1 2		3 2 1 2

Hold like this (|| = Capo; I = Index; M = Middle; R = Ring; P = Pinky)
```e | - - - || I - - - - - 
B | - - - || I - - - - - 
G | - - - || -  M - - - - 
```

Play			3 2 1 2		3 2 1 2

Now play
```e | - - - - - - - - -0 - - -
B | - -  0 3 0 3 - 3 0 -
G | - 0 - - - - - - - -
```

Now same chord progression throughout song - C, Am, F, G

Oh, love of mine
With a song and a wine
You''re harsh and divine
Like truths and a lie
But the tale ends not here
I have nothing to fear
For my love is yell of giving and hold on

And the bright emptiness
In a room full of it
Is a cruel mistress
Whoa oh!
I feel this unrest
That nests all hollowness
For I have nowhere to go and I''m cold

And I feel so lonely yeah...
There''s a better place than this
Emptiness
And I''m so lonely yeah...
There''s a better place than this
Emptiness, yeah!

Tune mere jaana
Kabhi nahi jaana
Ishq mera, dard mera, haaye!
Tune mere jaana
Kabhi nahi jaana
Ishq mera, dard mera

Aashiq tera
Bhid me khoya rehta hai,
Jaane jahaan
Poocho to itna kehta hai

That I feel so lonely yeah...
There''s a better place than this
Emptiness
And I''m so lonely yeah
There''s a better place than this
Emptiness, yeah!', 'Gajendra Verma', 'Emptiness', 2014, 'Capo at 4
Dd Dd UUD DU
Chords used : C, Am, F, G', 'https://www.youtube.com/watch?v=TCLpP5kpUzI', FALSE, '2019-05-26T12:05:00.793000+00:00', '2019-10-19T12:28:57.389000+00:00');
INSERT INTO public.note_tags (id, user_id, note_id, tag_id) VALUES ('00b5eab2-dc41-4943-bcfe-42f47978eaf3', '3917b9a9-a856-4f33-a910-6ad73f9fa25b', 'd72bb827-0849-4470-8734-254dcbdfef48', '39d6ed04-fc5c-427e-9060-9041887f4d0e');
INSERT INTO public.note_tags (id, user_id, note_id, tag_id) VALUES ('cbed461d-0c24-4ee6-861c-b81a71cbd3b5', '3917b9a9-a856-4f33-a910-6ad73f9fa25b', 'd72bb827-0849-4470-8734-254dcbdfef48', '94f83bf8-1cd6-44f7-9e77-dc2d9928b555');
INSERT INTO public.note_tags (id, user_id, note_id, tag_id) VALUES ('ad26cd59-9254-4bc4-aa33-045b40aed30c', '3917b9a9-a856-4f33-a910-6ad73f9fa25b', 'd72bb827-0849-4470-8734-254dcbdfef48', '375ee2c2-3bd4-473f-afd0-87ef7a38f19a');
INSERT INTO public.note_tags (id, user_id, note_id, tag_id) VALUES ('9c1937c1-441f-42d7-8e16-e985b201363d', '3917b9a9-a856-4f33-a910-6ad73f9fa25b', 'd72bb827-0849-4470-8734-254dcbdfef48', '26bec2c9-84b7-4e97-8246-28dd469f49cd');
INSERT INTO public.notes (id, user_id, title, content, artist, album, release_year, metadata, "references", isPinned, created_at, updated_at) VALUES ('06f41450-7f14-4625-8b65-59f550346da9', '3917b9a9-a856-4f33-a910-6ad73f9fa25b', 'Main Tenu Samjhawan Ki', '(D)Nai jeena, tere baajo       |
(D)Nai jeena, nai jeena         |........x2

Mein tenu sam(A)jhawan ki(D)       |
Na tere baajo (A)lagda ji(D)             |..............x2
Tu ki jaane (Bm)pyar me(A)ra
Mein karaan inte(G)zaar te(A)ra
Tu dil tu yun (Bm)jaan me(A)ri

Mein tenu sam(A)jhawan ki(D)
Na tere baajo (A)lagda ji(D)
Haey tu ki jaane (Bm)pyar me(A)ra
Mein karaan inte(G)zaar te(A)ra
Tu dil tu yun (Bm)jaan me(A)ri

Mein tenu sam(A)jhawan ki(D)
Na tere baajo (A)lagda ji(D)

(D) Mere dil vich (Bm) re ke mere
(G) Dil da haal na (D)jaane
(D) Tere baajo (Bm) kaleyan be ke
(G) Ronde nain nu(D)mane
Jeena me(Bm)ra (A)Haaye
Marna me(G)ra naal te(A)re si
Kar aeti(Bm)bar me(A)ra
Mein karaan inte(G)zar te(A)ra
Tu dil tu yun (Bm)jaan me(D)ri

Mein tenu sam(A)jhawan ki(D)
Na tere baajo (A)lagda ji(D)

HOo, oo, o, o
(D)Ni (Bm)changa (D)nai O (A)kitaa
(D)Ve (Bm)changa (D)nai O (A)kitaa
Dil (G)mera torr (D)ke
(D)Ve (Bm)bara (A)pach(G)taya a(D)khaan
(D)Ve (Bm)bara (A)pach(G)taya a(D)khaan
Naal (G)tere jod (D)ke

(D) Sunjiyan sunjiyan (Bm) dil diya galiyan
(G) Sunjiyan meriyan (D)baawan
(D) Aaja teriyan (Bm) khushbuan noo
(G) Labdiyan meriyan (D)saanwa
Tere bi(Bm)naa..(A)hayaiiii...kivaay ka(G)raan door u(A)daasi
Dil beq(Bm)raar me(A)ra
Mein karaan inte(G)zar te(A)ra
Tu dil tu yun (Bm)jaan me(D)ri

Mein tenu sam(A)jhawan ki(D)
Na tere baajo (A)lagda ji(D)
Haey tu ki jaane (Bm)pyar me(A)ra
Mein karaan inte(G)zaar te(A)ra
Tu dil tu yun (Bm)jaan me(A)ri

Mein tenu sam(A)jhawan ki(D)
Na tere baajo (A)lagda ji(D)', 'Arijit Singh, Shreya Ghoshal', 'Humpty Sharma Ki Dulhania', 2014, 'Capo at 1
D Chuck U    U  Chuck U', 'https://tabs.ultimate-guitar.com/tab/rahat_fateh_ali_khan/main_tenu_samjhawan_ki_chords_1108324
https://www.youtube.com/watch?v=jzbZhpxxSvI', FALSE, '2019-03-14T03:24:14.903000+00:00', '2019-04-18T13:43:45.724000+00:00');
INSERT INTO public.note_tags (id, user_id, note_id, tag_id) VALUES ('ea5b4276-5870-4ce2-972c-35eb2c2abcc3', '3917b9a9-a856-4f33-a910-6ad73f9fa25b', '06f41450-7f14-4625-8b65-59f550346da9', '94f83bf8-1cd6-44f7-9e77-dc2d9928b555');
INSERT INTO public.note_tags (id, user_id, note_id, tag_id) VALUES ('6471b752-4f7f-4923-ae24-7ab64489ce2a', '3917b9a9-a856-4f33-a910-6ad73f9fa25b', '06f41450-7f14-4625-8b65-59f550346da9', '26bec2c9-84b7-4e97-8246-28dd469f49cd');
INSERT INTO public.notes (id, user_id, title, content, artist, album, release_year, metadata, "references", isPinned, created_at, updated_at) VALUES ('397a50df-34c7-4e3e-b0c5-af7959f90c89', '3917b9a9-a856-4f33-a910-6ad73f9fa25b', 'Dard-e-dil', '(G)Darde Dil Darde (D)Jigar 
Dil Me Jagaya Aap(G)ne        x2
(G)Pehle Toh (C)Mai (Am)Shayar Tha   x2
(D)Aasheek Banaya Aap(G)ne
Darde Dil..

(G)Aapki Mad(Em)hosh Naj(G)re (C)Kar Rahee Hain (D)Shaya(G)ree  x2
(C)Yeh Ghajal (D)Meree Nahee Yeh Ghajal Hai Aap(G)ki
(G)Maine Toh (C)Bas (Am)Woh Likha 
(D)Jo Kuchh Likhaya Aap(G)ne
Darde Dil..

(G)Kab Kaha Sab (Bm)Kho Gayee Jita(Em)nee Bhee Thee Par(G)chhaiya
(G)Uth Gayee Ya(C)ro Kee Mehfil (D)Ho Gayee Tan(G)haiya    x2
(G)Kya Kiyaa (C)Shayad Ko(Am)yee 
(D)Parda Giraya Aap(G)ne
Darde Dil..

(G)Aur Thodee Der Me (C)Bas (Am)Hum Juda Ho Jayen(G)ge    x2
(C)Aapko Dhundunga (D)Kaise Raste Kho Jayen(G)ge
(G)Nam (C)Tak (Am)Bhee Toh Nahee 
(D)Apna Bataya Aap(G)ne
Darde Dil..', 'Mohammed Rafi', 'Karz', 1980, 'D D UUDUD (DU)
Chords used : G, D, C, Em, Am, Bm', 'https://www.youtube.com/watch?v=BLSD2pW6eXU', FALSE, '2018-11-04T14:16:47.395000+00:00', '2018-11-09T02:06:15.892000+00:00');
INSERT INTO public.note_tags (id, user_id, note_id, tag_id) VALUES ('5d619c6a-eb70-480e-ad87-5318bb0b3197', '3917b9a9-a856-4f33-a910-6ad73f9fa25b', '397a50df-34c7-4e3e-b0c5-af7959f90c89', '26bec2c9-84b7-4e97-8246-28dd469f49cd');
INSERT INTO public.note_tags (id, user_id, note_id, tag_id) VALUES ('44eeaf9a-105a-4f85-b8cb-c4c9baf77131', '3917b9a9-a856-4f33-a910-6ad73f9fa25b', '397a50df-34c7-4e3e-b0c5-af7959f90c89', 'f22d1b82-b224-4a44-a581-b5c25015af54');
INSERT INTO public.notes (id, user_id, title, content, artist, album, release_year, metadata, "references", isPinned, created_at, updated_at) VALUES ('86b95058-6420-43dd-93eb-1f516c2a814e', '3917b9a9-a856-4f33-a910-6ad73f9fa25b', 'Rim Jhim Gire Sawan - Papon', '(Am)  (Dm)   (G)   (Am)

(Am)Rim jhim gire sawan
Sulag sulag(Dm) jaaye man
(G)Bheege aj is mausam me 
Lagi kaisi (Am)ye agan...................x2

Rim Jhim Gire (Am)Sawan

(Am) (Dm) (E) (E) (Dm) (Am)

Jab ghung(Am)roouon si
(Dm)Bajti hai (E)bundein
Armaan(Dm) humare
Palke na(Am) munde

Kaise dekhe (Am)Sapne nayan
Sulag sulag(Dm) jaaye man
(G)Bheege aj is Mausam Me
Lagi Kaisi(Am) ye agan 

Rim Jhim Gire (Am)Sawan

(Am) (Dm) (E) (E) (Dm) (Am)

Mehefil me (Am)kaise Keh (Dm)de kisi (E)se
Dil bandh (Dm)raha hai Ek aj(Am)nabee se

Haaye kare (Am)ab kya jatan
Sulag sulag(Dm) jaaye man
(G)Bheege aj is mausam me 
Lagi kaisi(Am) ye agan

Rim Jhim Gire (Am)Sawan', 'Papon', 'MTV Unplugged', 2011, 'Strumming : DU Chuck  D U-Chuck
Chords used : Am, Dm, G, E', 'https://handmadeguitarchord.blogspot.com/2020/06/rim-jhim-gire-sawan-guitar-chord-am-dm.html', FALSE, '2022-01-15T06:26:19.509000+00:00', '2022-01-15T12:36:23.645000+00:00');
INSERT INTO public.note_tags (id, user_id, note_id, tag_id) VALUES ('f5fd5ca4-5a85-477b-8d34-21340848433f', '3917b9a9-a856-4f33-a910-6ad73f9fa25b', '86b95058-6420-43dd-93eb-1f516c2a814e', '94f83bf8-1cd6-44f7-9e77-dc2d9928b555');
INSERT INTO public.note_tags (id, user_id, note_id, tag_id) VALUES ('fc2ea1bc-9606-4c18-aefb-0acc90bba273', '3917b9a9-a856-4f33-a910-6ad73f9fa25b', '86b95058-6420-43dd-93eb-1f516c2a814e', '26bec2c9-84b7-4e97-8246-28dd469f49cd');
INSERT INTO public.note_tags (id, user_id, note_id, tag_id) VALUES ('63e79525-c0ff-461a-ae08-96874688509e', '3917b9a9-a856-4f33-a910-6ad73f9fa25b', '86b95058-6420-43dd-93eb-1f516c2a814e', 'f22d1b82-b224-4a44-a581-b5c25015af54');
INSERT INTO public.note_tags (id, user_id, note_id, tag_id) VALUES ('86019c67-c2cd-425c-b010-21492edf0937', '3917b9a9-a856-4f33-a910-6ad73f9fa25b', '86b95058-6420-43dd-93eb-1f516c2a814e', '8d4fc519-7375-432c-8b6a-6cf000e9f287');
INSERT INTO public.notes (id, user_id, title, content, artist, album, release_year, metadata, "references", isPinned, created_at, updated_at) VALUES ('e7473a2b-7fff-46ab-8fc6-13ebf9607341', '3917b9a9-a856-4f33-a910-6ad73f9fa25b', 'Tum Se - Jalebi', 'Tere (F)naam se hi (G)roshan mera hai (Am)jahaan
Tere (F)sath se hi (G)raatein meri hain (Am)subah

E----------------5-----------------5-----3--
B------------1------1-----------------1-----
G-------2-------------------2---------------
D--------------------------------------------
A--0-------------------0--------------------
E--------------------------------------------

E------------------3-1-0-----------------0--1p0--
B--------------1----------------------1-------------
G----------0---------------------2-----------------
D---------------------------------------------------
A----------------------------------------------------
E--3------------------------1-----------------------

=========STRUMMING STARTS================
(Am)Honge juda na hum, (Em)tum se (F)tum se
(Am)Aur kahein kya hum, (Em)tum se (F)tum se

Tere (F)naam se hi (G)roshan mera hai (Am)jahaan
Tere (F)sath se hi (G)raatein meri hain (Am)subah
(Am)Honge juda na hum, (Em)tum se (F)tum se
(Am)Aur kahein kya hum, (Em)tum se (F)tum se

(Am)Tu dastaan koi, tu (G)hai koi ek nazm sa
(F)Sunta rahun tujhe main (G)ab sham-o-(Am)subah
(Am)Dil ka sukoon tu hi mar(G)ham har marz ka
(F)Tujh bin katey nahi ek (G)pal bhi ab (Am)mera

Tere naam se....

(Am)Mera safar hai tu, tu (G)mera karwaan
(F)Ab har manzil tu hi, tu (G)hi hai (Am)rasta
(Am)Aisa hua asar yeh (G)tere ishq ka
(F)Dastak teri suney toh (G)dhadke dil (Am)mera

Tere (F)naam se hi (G)roshan mera hai (Am)jahaan
Tere (F)sath se hi (G)raatein meri hain (Am)subah
(Am)Honge juda na hum, (Em)tum se (F)tum se
(Am)Aur kahein kya hum, (Em)tum se (F)tum se
(Am)Honge juda na hum, (Em)tum se (F)tum se
(Am)Aur kahein kya hum, (Em)tum se (F)tum se', 'Jubin Nautiyal', 'Jalebi', 2018, 'Capo on 4
Rhythm - D D UUDUD DU', 'https://www.youtube.com/watch?v=BwWttPo_gWQ', FALSE, '2019-04-05T01:31:56.186000+00:00', '2019-04-05T01:34:24.420000+00:00');
INSERT INTO public.note_tags (id, user_id, note_id, tag_id) VALUES ('8e3776d0-3d80-402e-b7c3-8e486807303e', '3917b9a9-a856-4f33-a910-6ad73f9fa25b', 'e7473a2b-7fff-46ab-8fc6-13ebf9607341', '39d6ed04-fc5c-427e-9060-9041887f4d0e');
INSERT INTO public.note_tags (id, user_id, note_id, tag_id) VALUES ('75c937f0-0b0f-4fe4-ac6e-fb2ac8b131c8', '3917b9a9-a856-4f33-a910-6ad73f9fa25b', 'e7473a2b-7fff-46ab-8fc6-13ebf9607341', '94f83bf8-1cd6-44f7-9e77-dc2d9928b555');
INSERT INTO public.note_tags (id, user_id, note_id, tag_id) VALUES ('eb1d7367-0854-426b-9733-3f78492a2a3f', '3917b9a9-a856-4f33-a910-6ad73f9fa25b', 'e7473a2b-7fff-46ab-8fc6-13ebf9607341', '26bec2c9-84b7-4e97-8246-28dd469f49cd');
INSERT INTO public.notes (id, user_id, title, content, artist, album, release_year, metadata, "references", isPinned, created_at, updated_at) VALUES ('68050caf-936e-488d-bd3c-3e8757224883', '3917b9a9-a856-4f33-a910-6ad73f9fa25b', 'O Mere DIl Ke Chain', 'O Me(Am)re Dil Ke (Am)Chain
O Mere Dil Ke Chain(G) [Stop Strumming]
Chain Aaye Mere (G)Dil Ko (G)Dua Kiji(Am)ye
O Me(Am)re Dil Ke (Am)Chain (G) [Stop strumming]
Chain Aaye Mere (G)Dil ko Du(G)a Kiji(Am)ye

(Am) / (G) / (F) /
(F) / (F) / (Am) [Stop Strumming]

Apna Hi Saaya (G)Dekh Ke Tum
(F)Jaane Ja(G)han Shar(Am)ma Gaye
(Am)Abhi To Yeh Pehli (G)Manzil Hai
(F)Tum To A(G)bhi Se Ghab(Am)ra Gaye
Mera (Am)Kya Ho(C)ga So(Dm)cho To Za(Am)ra .. (G) .. (Am) [Stop strumming]
Haay Aise Na (G)Aanhe Bha(G)ra Kiji(Am)ye

O Mere Dil Ke Chain.. (G) [Stop Strumming]
Chain Aaye Mere (G)Dil Ko (G)Dua Kiji(Am)ye
O Me(Am)re Dil Ke (Am)Chain

Aap Ka Armaan (G)Aap Ka Naam
(F)Mera Ta(G)raana (Am)Aur Nahin
(Am)Inn Jhukti Pal(G)kon Ke Siva
(F)Dil ka Thi(G)kana (Am)Aur Nahin
Jach(Am)ta Hi Na(C)hin an(Dm)khon Mein Ko(Am)i .. (G) .. (Am) {Stop strumming]
Dil Tumko Hi (G)Chahe To (G)Kya Kiji(Am)ye

O Mere Dil Ke Chain.. (G) [Stop Strumming]
Chain Aaye Mere (G)Dil Ko (G)Dua Kiji(Am)ye
O Me(Am)re Dil Ke (Am)Chain

(Am) / (G) / (F) /
(F) / (F) / (Am) [Stop Strumming]

Yun To Akela (G)bhi Aksar
(F)Gir Ke Sam(G)bhal Sak(Am)ta Hoon Main
(Am)Tum Jo Pakad Lo (G)Haath Mera
(F)Duniya Ba(G)dal Sak(Am)ta Hoon Main
Maan(Am)ga Hain Tum(C)he 
Duni(Dm)ya Ke Li(Am)ye .. (G) .. (Am) [Stop strumming]
Ab Khud Hi Sa(G)nam Fais(G)la Kiji(Am)ye

O Mere Dil Ke Chain.. (G) [Stop Strumming]
Chain Aaye Mere (G)Dil Ko (G)Dua Kiji(Am)ye
O Me(Am)re Dil Ke (Am)Chain
O Me(Am)re Dil Ke (Am)Chain
O Me(Am)re …', 'Kishore Kumar', 'Mere Jeevan Saathi', 1972, 'D D UUD DU
Chords used : Am, G, F, C', 'http://tabandchord.com/2013/01/o-mere-dil-ke-chain-guitar-chords-kishor-kumar/', FALSE, '2018-11-16T18:53:47.297000+00:00', '2019-01-05T03:47:42.049000+00:00');
INSERT INTO public.note_tags (id, user_id, note_id, tag_id) VALUES ('99c63652-3431-465e-94be-cb7a7a9d7f0a', '3917b9a9-a856-4f33-a910-6ad73f9fa25b', '68050caf-936e-488d-bd3c-3e8757224883', '26bec2c9-84b7-4e97-8246-28dd469f49cd');
INSERT INTO public.note_tags (id, user_id, note_id, tag_id) VALUES ('61096582-5bd6-4f91-bee4-73066d4623da', '3917b9a9-a856-4f33-a910-6ad73f9fa25b', '68050caf-936e-488d-bd3c-3e8757224883', 'f22d1b82-b224-4a44-a581-b5c25015af54');
INSERT INTO public.notes (id, user_id, title, content, artist, album, release_year, metadata, "references", isPinned, created_at, updated_at) VALUES ('a66cfe27-e298-4436-9df6-ce689ae33a01', '3917b9a9-a856-4f33-a910-6ad73f9fa25b', 'Hare Krishna Mantra', '```D|--8--10---11-11-----10--8---10-10-----8--6---8-8-----8--10---6-6-
D|--8--10---11-11-----10--8---10-10-----8--6---8-8-----8--10---6-6--
```', 'Traditional', 'Traditional', 2001, NULL, NULL, FALSE, '2017-10-09T12:43:23.249000+00:00', '2017-12-14T14:07:51.632000+00:00');
INSERT INTO public.note_tags (id, user_id, note_id, tag_id) VALUES ('ee036898-1dfb-4d5f-bb0f-7c37c8455513', '3917b9a9-a856-4f33-a910-6ad73f9fa25b', 'a66cfe27-e298-4436-9df6-ce689ae33a01', '484fde0b-53ea-4d62-82d9-dff38182c04c');
INSERT INTO public.note_tags (id, user_id, note_id, tag_id) VALUES ('b2403b5d-ac9d-4812-b053-ec4d1c537b37', '3917b9a9-a856-4f33-a910-6ad73f9fa25b', 'a66cfe27-e298-4436-9df6-ce689ae33a01', '6a3e1159-3e7b-4145-b202-58429f143d25');
INSERT INTO public.note_tags (id, user_id, note_id, tag_id) VALUES ('5a738827-7ea6-4efa-9a8c-1fd8ddabfc55', '3917b9a9-a856-4f33-a910-6ad73f9fa25b', 'a66cfe27-e298-4436-9df6-ce689ae33a01', 'f22d1b82-b224-4a44-a581-b5c25015af54');
INSERT INTO public.notes (id, user_id, title, content, artist, album, release_year, metadata, "references", isPinned, created_at, updated_at) VALUES ('a1d555c9-5dad-4faa-85ce-c3fb972b314d', '3917b9a9-a856-4f33-a910-6ad73f9fa25b', 'Bas Ek Dhadak', 'INTRO (Fingerstyle)
(Am)

VERSE (Fingerstyle)
Chaand ka(Am) gurur mit ga(F)ya
Tu mu(Am)jhe zameen pe dikh ga(F)ya
Shay(Am)aron ne haar maan (F)li
Tujhpe ma(Am)in wo nazm likh gay(F)a

Ek bh(G)atke hue k(F)aafiye ki tarah
Tere ch(G)ehre pe m(E)ain ruk gaya     ...STOP

CHORUS (Strum)
Moh(Am)abbat ka meri ye peh(G)la safar hai
Za(F)meen se falak ch(E)ahiye
Jo ne(Am)endein uda de, na so(G)ne de mujhko
Wo me(F)ethi tadap ch(E)ahiye

(C)Umar bhar nibhaayegi jo (G)saath mera
(F)Bas ek dhadak ch(E)ahiye     ...STOP

M(Am)ohabbat ka meri ye peh(G)la safar hai
Z(F)ameen se falak cha(E)hiye
(Am)Umar bhar nibhaayegi jo s(G)aath mera
Ba(F)s ek dhadak ch(E)ahiye
(F)Bas ek dh(G)adak cha(Am)hiye
(F)Bas ek dh(G)adak cha(Am)hiye

INSTRUMENTAL
(Am) (Em) (G) (F) (Am)

VERSE (Fingerstyle)
Main (Am)kuch bhi nahi thi, mi(F)li jab se tum se
M(G)ujhe zindagi mil g(Am)ayi
T(Am)еri roshni ki naz(F)ar jo padi toh
M(Em)eri har khushi khil gay(Am)i

T(C)u mer(F)a kya hai, ka(G)ise bataaun t(Am)ujhе?
M(C)ain bas t(F)eri hoon, i(G)tna pata hai m(Am)ujhe(E)
Jo ka(G)bhi udd raha tha (F)patang ki tarah
Teri b(G)aaton se main katt g(E)aya     ...STOP

CHORUS (Strum)
Mo(Am)habbat ka meri ye p(G)ehla safar hai
Za(F)meen se falak chahi(E)ye
Jo ne(Am)endein uda de, na son(G)e de mujhko
Wo (F)meethi tadap ch(E)ahiye

(C)Umar bhar nibhaayegi j(G)o saath mera
B(F)as ek dhadak ch(E)ahiye     ...STOP

OUTRO
(Am)Ho (G) (F) (E)
(F)Bas ek d(G)hadak cha(C)hi(E)ye
(F)Bas ek d(G)hadak cha(C)hiye', 'KK, Dominique Cerejo', 'Bas Ek Pal', 2006, 'Capo at 2
Strum : D DUDU
Fingerstyle : Base + 3-2-3-2', 'https://www.chordzone.org/2025/07/dhadak-2-bas-ek-dhadak-chords-for-piano-guitar.html', FALSE, '2025-08-15T07:32:29.186000+00:00', '2025-08-30T07:10:43.561000+00:00');
INSERT INTO public.note_tags (id, user_id, note_id, tag_id) VALUES ('e80a142c-975b-4f76-8467-f783a70851b9', '3917b9a9-a856-4f33-a910-6ad73f9fa25b', 'a1d555c9-5dad-4faa-85ce-c3fb972b314d', '39d6ed04-fc5c-427e-9060-9041887f4d0e');
INSERT INTO public.note_tags (id, user_id, note_id, tag_id) VALUES ('e3f84878-43dd-4870-ac32-28b8ba1f37d7', '3917b9a9-a856-4f33-a910-6ad73f9fa25b', 'a1d555c9-5dad-4faa-85ce-c3fb972b314d', '94f83bf8-1cd6-44f7-9e77-dc2d9928b555');
INSERT INTO public.note_tags (id, user_id, note_id, tag_id) VALUES ('e34dce40-3e82-4629-a94e-e931e4a407b8', '3917b9a9-a856-4f33-a910-6ad73f9fa25b', 'a1d555c9-5dad-4faa-85ce-c3fb972b314d', '26bec2c9-84b7-4e97-8246-28dd469f49cd');
INSERT INTO public.note_tags (id, user_id, note_id, tag_id) VALUES ('f77f5cb2-dca6-472e-86fa-eba2707aac49', '3917b9a9-a856-4f33-a910-6ad73f9fa25b', 'a1d555c9-5dad-4faa-85ce-c3fb972b314d', '8d4fc519-7375-432c-8b6a-6cf000e9f287');
INSERT INTO public.notes (id, user_id, title, content, artist, album, release_year, metadata, "references", isPinned, created_at, updated_at) VALUES ('66a4366a-bb02-4070-ba3b-b8207568dbb4', '3917b9a9-a856-4f33-a910-6ad73f9fa25b', 'Teri Deewani', '(Em) Preet ki lath mohe aaisi laagi
(C) ho gayi main (Em) matwaali
bal bal (D) jaaun apane piya (C) ko
he main (Em) jaaun vaari vaari

Mohe (D) sudh budh naa rahi tan mann ki
yeh toh (C) jaane duniya (Em) saari
be (C) bas aur laa (D) char phiru main
(D) haari main dil (Em) haari

(D) haari main dil (Em) haari

Tere (D) naam se jee loon
tere (C) naam se marr (Em) jaaun
Tere (D) naam se jee loon
tere (C) naam se marr (Em) jaaun
teri (D) jaan ke sadke mein kuchh (C) aaisa kar (Em) jaaun
(Em) tune kya kar (D) dala marr gayi (C) main mitt gayi (Em) main
(D) ho ri (C) ha ri  (D) ho gayi (C) main
teri (D) deewani (Em) deewani
teri (D)deewani (C) deewani (Em)
(Em) tune kya kar (D) dala marr gayi (C) main mitt gayi (Em) main
(D) ho ri (C) ha ri (D) ho gayi (C) main

teri (D) deewani (Em) deewani
teri (D)deewani (C) deewani (Em)

(Em) Ishq junoon jab hadh se badh (D) jaaye
(Em) Ishq junoon jab hadh se badh (D) jaaye
(C) haste (D) haste aashiq (C) suli chadh jaaye (Em)
(Em) ishq ka (D) jaadu sara chadha kara bole
(Em) ishq ka (D) jaadu sara chadha kara bole
(C) khoob la(D)ga lo pehre (C) raste rab (Em) khole
yahi (D) ishq di marzi hain
yahi (C) rab di marzi hain (Em)
yahi (D) ishq di marzi hain
yahi (C) rab di marzi hain (Em)
tere (D) bin jeena kaisa
(C) haan khudgarzi (Em) hai
(Em) tune kya kar (D) dala marr gayi (C) main mitt gayi (Em) main
(D) ho ri (C) ha ri (D) ho gayi (C) main

teri (D) deewani (Em) deewani
teri (D)deewani (C) deewani (Em)', 'Kailash Kher', 'Kailasa', 2006, 'Strumming : D DUDU
Chords used : Em, D, C', 'https://www.youtube.com/watch?v=J_rbhSGW7_w', FALSE, '2018-10-15T15:51:23.939000+00:00', '2018-10-16T02:03:39.312000+00:00');
INSERT INTO public.note_tags (id, user_id, note_id, tag_id) VALUES ('33160e13-577c-46e5-9f68-6f05ddc464cc', '3917b9a9-a856-4f33-a910-6ad73f9fa25b', '66a4366a-bb02-4070-ba3b-b8207568dbb4', '94f83bf8-1cd6-44f7-9e77-dc2d9928b555');
INSERT INTO public.note_tags (id, user_id, note_id, tag_id) VALUES ('225b5390-a43f-4473-bd2f-08f343876715', '3917b9a9-a856-4f33-a910-6ad73f9fa25b', '66a4366a-bb02-4070-ba3b-b8207568dbb4', '26bec2c9-84b7-4e97-8246-28dd469f49cd');
INSERT INTO public.notes (id, user_id, title, content, artist, album, release_year, metadata, "references", isPinned, created_at, updated_at) VALUES ('651f778c-2464-4139-9c4f-7d18cef58eb5', '3917b9a9-a856-4f33-a910-6ad73f9fa25b', 'Luka Chuppi', 'Luka Chuppi Bahut Huyi
```e|-------------------------------
B|--9-9-9-10-----9-9-9-10----
```

Saamne Aa Ja Naa
```e|-------------------------------
B|-9-10-9-7----7---------7-9--
G|----------------9-----9-------
```

Kahan Kahan Dhoondha Tujhe
```e|-------------------------------
B|--9-9-9-10-----9-9-9-10----
```

Thak Gayi Hai Ab Teri Maa
```e|-------------------------------
B|-9-10-9-7----7---------7-9--
G|----------------9-----9-------
```

Aaja Saanjh Hui Mujhe Teri Fikar
```e|----------------------------------------
B|------7--------------7-7-10-10-10-9--
G|--9------8-8-8-9----------------------
```

Dhundhla Gayi Dekh Meri Nazar 
```e|----------------------------------------
B|------7--------------7-7-10-10-10-9--
G|--9------8-8-8-9----------------------
```

Aa Ja Na
```e|-----------
B|-----------
G|--9-8-9---
```

BOY :

Kya Bataoon Maa Kahan Hoon Main
```e|----------------------------------
B|--------------7-------------------
G|--------8---9------9-9-9-9-9h--
D|--7-9----------------------------
```

Yahan Udney Ko Mere 
```e|-----------------------------------
B|-----------------7-----------------
G|--------8-8-9-------9-9----------
D|--7-9----------------------9-11---
```

Khula Aasmaan Hai
```e|-----------------------
B|-----------------------
G|-----------------------
D|--11-7-9/11--9-9-9--
```

Tere Kisson Jaisa Bhola
```e|-----------------------------------
B|-----------------7----------------
G|--------8-8-9-------9-9---------
D|--7-9----------------------9-11--
```

Salona Jahan Hain
```e|---------------------
B|---------------------
G|---------------------
D|-11-7-9/11-9-9-9--
```

Yahan Sapno Vala
```e|---------------------
B|---------------------
G|---------------------
D|-11-9-7-6--------4-
A|----------------7---
```

Meri Patang Ho Befikar 
```e|------------------------------
B|------------------------------
G|------------------------------
D|--6-6-6-7---------6-6-6-7--
```

Udd Rahi Hai Maa
```e|------------------------------
B|------------------------------
G|------------------------------
D|--6-7-6-4-4----------4-6---
A|----------------7---7--------
```

Dor Koi Loote Nahin 
```e|------------------------------
B|------------------------------
G|------------------------------
D|--6-6-6-7---------6-6-6-7-
```

Beech Se Kaate Na
```e|------------------------------
B|------------------------------
G|------------------------------
D|--6-7-6-4-4-----------4-6--
A|---------------7----7---------
```

MOTHER :

Aaja Saanjh Hui Mujhe Teri Fikar
```e|----------------------------------------
B|------7--------------7-7-10-10-10-9--
G|--9------8-8-8-9----------------------
```

Dhundhla Gayi Dekh Meri Nazar 
```e|----------------------------------------
B|------7--------------7-7-10-10-10-9--
G|--9------8-8-8-9----------------------
```

Aa Ja Na
```e|-----------
B|-----------
G|--9-8-9---
```', 'A. R. Rahman, Lata Mangeshkar', 'Rang De Basanti', 2006, NULL, NULL, FALSE, '2017-11-12T03:18:40.644000+00:00', '2018-09-23T14:52:46.508000+00:00');
INSERT INTO public.note_tags (id, user_id, note_id, tag_id) VALUES ('5acb68ba-20b8-46d9-8049-4fc3b21f7d49', '3917b9a9-a856-4f33-a910-6ad73f9fa25b', '651f778c-2464-4139-9c4f-7d18cef58eb5', '94f83bf8-1cd6-44f7-9e77-dc2d9928b555');
INSERT INTO public.note_tags (id, user_id, note_id, tag_id) VALUES ('5986edf3-39a9-45af-b362-f4f59a13724f', '3917b9a9-a856-4f33-a910-6ad73f9fa25b', '651f778c-2464-4139-9c4f-7d18cef58eb5', '22c9085c-724b-4679-aa10-b79b72f9b0be');
INSERT INTO public.notes (id, user_id, title, content, artist, album, release_year, metadata, "references", isPinned, created_at, updated_at) VALUES ('cbf6074e-1c62-4ebf-89d2-d234f43c4583', '3917b9a9-a856-4f33-a910-6ad73f9fa25b', 'Tu Bhi Sataya Jayega - Vishal Mishra', '=========PLUCKING (D D U   D D U   D U)========
(Em)....(Em)...
(Em) Toda jayega tu bhi toda jayega
(Em) Meri tarah tu bhi chhoda jayega
(Em) Toda jayega tu bhi toda jayega
(Em) Meri tarah tu bhi chhoda jayega

(Am) Kitnon ke dil (D) barbaad karega (G)
aag laga(Em)yega
Tu (Am) sach mein kitna (D) behaya hai
(Am) Sach yeh samne (Bm) aayega

=========STRUMMING (D UDD UDD  DU)========
Tune (Em) bada sataya (D) hai mujhe
Ja (Am) tu bhi sataya (D) ja..(Bm)ega
Haaye (C) bada rulaya (D) hai mujhe
Ja (Am) tu bhi rulaya (D) ja..(Bm)ega
Toone (Em) bada sataya (D) hai mujhe
Ja (Am) tu bhi sataya (D) ja..(Bm)ega

{Verse}
(Em) Kitnon ko (Bm) seene se lagaya
(Em) Meri tarah (Bm) sath sulaya
(Em) (D) (Am)

(Em) Kitnon ko (Bm) seene se lagaya
(Em) Meri tarah (Bm) sath sulaya
(Am) Aankhon mein teri (D) paani nahi hai
(G) Sabko toone (Bm) kitna rulaya

Ise (Am) sharm na (D) aayegi zara bhi
(G) Baaz na aa…(Em)ega..
Tu (Am) sach mein kitna (D) behaya hai
(Am) Sach yeh samne aa..(Bm)ega…

{Chorus}
Haaye (Em) bada sataya (D) hai mujhe
Ja (Am) tu bhi sataya (D) jae..(Bm)ga..
Jaana (C) bada rulaya (D) hai mujhe
Ja (Am) tu bhi rulaya (D) ja..(Bm)ega
Toone (Em) bada sataya (D) hai mujhe
Ja (Am) tu bhi sataya (D) ja..(Bm)ega

{Bridge}
(Em) Kitnon ko hai maara
(C) Jeete jee haan toone
(Em) Khwaab dikhaye pehle
Phir (C) khwaab unhi se chheene
(Am) Tujhko to pata hai
(Em) Hota haan (Bm) khuda hai
(D) Munh kaise (G) dikhla..(Em)ega…

Haaye bada

{Chorus}
Haaye (Em) bada sataya (D) hai mujhe
Ja (Am) tu bhi sataya (D) jae..(Bm)ga..
Jaana (C) bada rulaya (D) hai mujhe
Ja (Am) tu bhi rulaya (D) ja..(Bm)ega
Toone (Em) bada sataya (D) hai mujhe
Ja (Am) tu bhi sataya (D) ja..(Bm)ega

{Outro}
Jab Tak Jee Raha Hoon, Yeh Dua Karta Hoon
Jab Tak Jee Raha Hoon, Yeh Dua Karta Hoon
Tu Har Roz Mare, Main Jis Tarah Marta Hoon', 'Vishal Mishra', 'Tu Bhi Sataya Jayega', 2021, 'Strumming :  D UDD UDD (DU)
Plucking :  D D U   D D U   D U
Chords used : Em, C, D, Bm, Am, G', 'https://www.youtube.com/watch?v=rrMuokqxF5A
https://www.musicallytech.com/tu-bhi-sataya-jayega-chords-by-vishal-mishra/', FALSE, '2022-03-02T00:34:30.590000+00:00', '2022-03-02T00:44:06.925000+00:00');
INSERT INTO public.note_tags (id, user_id, note_id, tag_id) VALUES ('63e29a06-781a-4bb0-836d-b66a91c930ff', '3917b9a9-a856-4f33-a910-6ad73f9fa25b', 'cbf6074e-1c62-4ebf-89d2-d234f43c4583', '94f83bf8-1cd6-44f7-9e77-dc2d9928b555');
INSERT INTO public.note_tags (id, user_id, note_id, tag_id) VALUES ('d4a4c6ad-9a79-4f5d-95e5-4b34fb97fddc', '3917b9a9-a856-4f33-a910-6ad73f9fa25b', 'cbf6074e-1c62-4ebf-89d2-d234f43c4583', '26bec2c9-84b7-4e97-8246-28dd469f49cd');
INSERT INTO public.notes (id, user_id, title, content, artist, album, release_year, metadata, "references", isPinned, created_at, updated_at) VALUES ('0018bf1c-a58a-4d7c-af37-0cf969521a32', '3917b9a9-a856-4f33-a910-6ad73f9fa25b', 'Bhula Do', '(Am)Wo kaisy (G)subha thi
(F)Khushiyoun ka tha sa(E)far
(Am)Sab yaaar
(G)Sang thay (F)koi thi na (E)fiker
(Am)Dukh aya (G)sukh khoya
(F)Gham ban gaya humsa(E)far

ooooooooooo ooooooooooooooo
Am G F E 

Bhu(Am)la do bhula do
Wo (G)batein purani
Jo (F)dil ko jalaty ra(E)hi
Wo (Am)yaadein Wo (G)batein
Jo (F)humko sataty ra(E)hin

(Am)apne kya pa(G)raye kya (F)sab rang hai ek (E)se
(Am)kacche sab (G)dhage hai (F)yeh bane raeth (E)ke
(Am)manzil naa (G)sathi hai (F)chalta hoon mai bekha(E)bar

ooooooooooo ooooooooooooooo
Am G F E', 'Mustafa Zahid', 'Aashiqui 2', 2013, 'D UUD UUD (DU)
Chords used : Am, G, F, E', 'https://tabs.ultimate-guitar.com/tab/raeth/bhulado_chords_425362', FALSE, '2019-01-10T02:53:09.296000+00:00', '2019-01-13T10:53:11.835000+00:00');
INSERT INTO public.note_tags (id, user_id, note_id, tag_id) VALUES ('b24f503c-f638-42ec-8773-d2914ce476f8', '3917b9a9-a856-4f33-a910-6ad73f9fa25b', '0018bf1c-a58a-4d7c-af37-0cf969521a32', '94f83bf8-1cd6-44f7-9e77-dc2d9928b555');
INSERT INTO public.note_tags (id, user_id, note_id, tag_id) VALUES ('73895cd5-a38b-4f42-89bd-b02db17a3c03', '3917b9a9-a856-4f33-a910-6ad73f9fa25b', '0018bf1c-a58a-4d7c-af37-0cf969521a32', '26bec2c9-84b7-4e97-8246-28dd469f49cd');
INSERT INTO public.notes (id, user_id, title, content, artist, album, release_year, metadata, "references", isPinned, created_at, updated_at) VALUES ('b1640e6c-dab8-453d-8c0f-bb8b4a29a01b', '3917b9a9-a856-4f33-a910-6ad73f9fa25b', 'Ae Malik Tere Bande Hum', '```E|--5-5-5-4-1-2-4--
B|-2----------
```
Ae Maalik Tere Bande Hum

```E|-4-4-2-2-5-4-2-2-4-2-1-
```
Aaise Ho Hamaare Karam

```B|-2-0-2-2-5-3-2--2-0-2-2-5-3-2--
```
Naeki Par Chalein Aur Badii Se Talen

```E|----5-5-4-2-2-4-1-2---
B|-2-2----------
```
Taaki Hanste Hue Nikle Dum

Ye Andhera Ghana Chaa Raha
```E|------------2--
B|-------------
G|-6-6-4-6-4-2-4-2--
```

Tera Insaan Ghabra Raha
```E|-2-2--2-2--2-----
B|---5---5--5-2---
```

Ho Raha Bekhabar Kuch Na Aata Nazar
```E|--2-4---4--
B|-5--------
G|----6-4----
```

Sukh Ka Suraj Chuppa Jaa Raha
```E|--2-4-4-2--2------
B|-5-----5--5-2----
```', 'Lata Mangeshkar', 'Do Ankhen Barah Haath', 1957, 'TBD : https://www.youtube.com/watch?v=uANwKPCzX38', 'http://guitar-chord-tab.blogspot.com/2015/09/ae-malik-tere-bande-hum-guitar-tab.html', FALSE, '2018-08-16T02:44:28.650000+00:00', '2020-01-23T14:51:28.213000+00:00');
INSERT INTO public.note_tags (id, user_id, note_id, tag_id) VALUES ('6d6b26d6-73a9-4011-9331-753e41dfc4d6', '3917b9a9-a856-4f33-a910-6ad73f9fa25b', 'b1640e6c-dab8-453d-8c0f-bb8b4a29a01b', 'ca29fa62-24fc-4ecb-808c-f795c7122529');
INSERT INTO public.note_tags (id, user_id, note_id, tag_id) VALUES ('f0dade93-3d2e-472e-8a06-c330aa6c5ef6', '3917b9a9-a856-4f33-a910-6ad73f9fa25b', 'b1640e6c-dab8-453d-8c0f-bb8b4a29a01b', '22c9085c-724b-4679-aa10-b79b72f9b0be');
INSERT INTO public.note_tags (id, user_id, note_id, tag_id) VALUES ('d29e1e94-694e-4643-a156-3324d303fa7f', '3917b9a9-a856-4f33-a910-6ad73f9fa25b', 'b1640e6c-dab8-453d-8c0f-bb8b4a29a01b', '6a3e1159-3e7b-4145-b202-58429f143d25');
INSERT INTO public.note_tags (id, user_id, note_id, tag_id) VALUES ('79c00c96-2262-40e2-b650-d50ff992e036', '3917b9a9-a856-4f33-a910-6ad73f9fa25b', 'b1640e6c-dab8-453d-8c0f-bb8b4a29a01b', 'f22d1b82-b224-4a44-a581-b5c25015af54');
INSERT INTO public.notes (id, user_id, title, content, artist, album, release_year, metadata, "references", isPinned, created_at, updated_at) VALUES ('96701481-73c4-4f5b-9d43-6b2e8b13ba13', '3917b9a9-a856-4f33-a910-6ad73f9fa25b', 'Raabta - Agent Vinod', '[Intro] 
```e|---7-8-7-------7-8-7------7-8-7-----1212-1010-88-77-8-----|
B|-8-----------8-------------8-------------------------------------------------|
```

```e|------8-10-8------8-10-8---77-88-1010-1212-1313-15---------|
B|-10--------------8-----------------------------------------------------------------|
```

```e|----7-8-7-8-7-8-7-----7-8-7-8-7-8-7------------|
B|-8-----------------------8---------------------------------|
```

```e|------8-10-8-10-8-10-8------8-10-8-10-8--------|
B|-10----------------------------10---------------------------|
```

```e|-13-12-12--1010-88-77-55-77-88-1010-12---------|
```


C F Am G x2
Dm F G  
C Am C Am Dm F G G 

[Verse]
(C)Kehte hain khuda ne iss (Am)jahan mein sabhi ke liye
(C)Kisi na kisi ko hai (Am)banaya har kisi ke liye      
(F)Tera milna hai uss rab ka ishaara maanu
(G)Mujhko banaya tere jaise hi kisi ke liye           x2

[Chorus]
(C)Kuch toh hai tujhse raabta (Am)Kuch toh hai tujhse raabta 
(C)Kaise hum jaane hume kya pata (Am)Kuch toh hai tujhse raabta
(F)Tu humsafar hai, phir kya fikar hai
(G)Jeene ki wajah hi yahi marna issi ke liye 

(C)Kehte hain khuda ne iss jahan mein sabhi ke liye
(Am)Kisi na kisi ko hai banaya har kisi ke liye

[Vocal Lead] 
C F Am G x2
Dm Em F G
 
[Bridge]     
(Am)Meharbaani (Em)jaate jaate (F)mujh pe kar (C)gaya
(Am)Guzarta  sa (Em)lamha ek (F)daaman bhar (G)gaya
(F)Tere na(C)zara mila, (Dm)roshan sitaara  (G)mila
(F)Takdeer ki  (Em)kashtiyon ko,  (Dm)kinara (G)mila
 
[Verse] 
(C)Sadiyon se tarse hai (Am)jaisi zindagi ke liye
(C)Teri sauhbat mein (Am)duaayein hain ussi ke liye
(F)Tere milna hai uss rab ka ishaara
(G)Maanu mujhko banaya tere hi jaise kisi ke liye
 
[Chorus] 
(C)Kuch toh hai tujhse raabta (Am)Kuch toh hai tujhse raabta
(C)Kaise hum jaane hume kya pata (Am)Kuch toh hai tujhse raabta
(F)Tu humsafar hai, phir kya fikar hai
(G)Jeene ki wajah hi yahi marna issi ke liye

(C)Kehte hain khuda ne iss (C)jahan mein sabhi ke liye
(Am)Kisi na kisi ko hai (Am)banaya har kisi ke liye

[Outro]  
C Am C Am Dm F G              C', 'Arijit Singh, Hamsika Iyer, Joi Barua', 'Agent Vinod', 2012, 'Strum :  D DU UDU   OR
               D D UDUDD  (https://youtu.be/q_vrZLC3TBM?t=32)
Chords used : C, F, Am, G, Dm', 'https://tabs.ultimate-guitar.com/tab/arijit_singh/raabta_chords_1953521', FALSE, '2018-11-01T05:11:21.512000+00:00', '2019-04-05T03:44:56.126000+00:00');
INSERT INTO public.note_tags (id, user_id, note_id, tag_id) VALUES ('7b20b340-df24-49ea-9e50-2ccb5795f02d', '3917b9a9-a856-4f33-a910-6ad73f9fa25b', '96701481-73c4-4f5b-9d43-6b2e8b13ba13', '39d6ed04-fc5c-427e-9060-9041887f4d0e');
INSERT INTO public.note_tags (id, user_id, note_id, tag_id) VALUES ('71278f34-cfd9-4b44-8497-260a08d29a1c', '3917b9a9-a856-4f33-a910-6ad73f9fa25b', '96701481-73c4-4f5b-9d43-6b2e8b13ba13', '94f83bf8-1cd6-44f7-9e77-dc2d9928b555');
INSERT INTO public.note_tags (id, user_id, note_id, tag_id) VALUES ('9373ad90-9614-4d2c-915a-f88897e174fe', '3917b9a9-a856-4f33-a910-6ad73f9fa25b', '96701481-73c4-4f5b-9d43-6b2e8b13ba13', '26bec2c9-84b7-4e97-8246-28dd469f49cd');
INSERT INTO public.notes (id, user_id, title, content, artist, album, release_year, metadata, "references", isPinned, created_at, updated_at) VALUES ('7d4779ff-fcb0-4139-9758-18998f952705', '3917b9a9-a856-4f33-a910-6ad73f9fa25b', 'Duniya/Khaab - Akhil', '```E|-----------------------------------------------
B|--11-10-11-10-11---------------------10---------------10-
G|----------------------------10-10-10-12----12-12-10-----
```

```E|--------------------------------------------
B|--11-10-11-10-11----------------10-10h/p11-10-------
G|---------------------------10-10-10------------------------12-12-
```

```E|---------------------------------------------------------------------
B|--11-10-11-10-11----------------------------13-11-10-
G|----------------------------10-10-10-10-12-----------------
```

```E|--------------------------------------------
B|--11-10-11-10-11-----------------10-10h/p11-10-------
G|----------------------------10-10-10--------------------------12-12-
```

```E|--11-10-11-10-11-----------------10-10h/p11-10-------
B|----------------------------11-11-11--------------------------13-13-
```

```E|--10----10----10----------------------------
B|------13----13----10-10-10-13-13h/p15-13-11-11-
```

```E|--11-10-11-10-11----------------------10-13-11-10----
B|----------------------------11-11-11-11---------------------13-
```

```E|--------------------------------------------
B|--13-13-13-13-13-13-10-10-13-13-13-13-11-11-
```

LEAD
```E|---------------------------------------------------------------------------
B|--11-10-13-10-11-10-----10----------11-10-13-10-11-
G|--------------------------------12-----10-12-------------------------
```

```E|--------------------------------
B|--11-10-13-10-11-10-----10-------
G|--------------------------------12-----10-12-
```

```E|--10------10-11-10-------------
B|-------13----------------13-11-10-11-
```

TUJHSE MERA...

```E|------------13\15-13-13-11hp13-10-10------10-11-10-------------
B|--11-11---------------------------------------------13------------------13-13-11-
```

```E|------------13\15-13-13-11hp13-10-10------10-11-10-------------
B|--11-11---------------------------------------------13----------------13-13-11-
```

```E|--------------------------------------------------------------------
B|--13-11-11-13-13-11-13-13-11-13-13-13-13-13\15-15-13-11-10-10-11----
G|-----------------------------------------------------------------------------------------------------------12-
```

FEMALE PART

```E|-----------------------------------------------
B|--11-10-11-10-11---------------------10----------------10-
G|---------------------------10-10-10-12------12-12-10----
```

```E|--------------------------------------------
B|--11-10-11-10-11----------------10-10hp11-10-------
G|---------------------------10-10-10------------------------12-12-
```

```E|-----------------------------------------------
B|--11-10-11-10-11----------------------10---------------------10-
G|----------------------------10-10-10-12------12-12-10-12----
```

```E|--------------------------------------------
B|--11-10-11-10-11-----------------10-10hp11-10-------
G|----------------------------10-10-10-------------------------12-12-
```

HIGH PART

```E|--13\15-15-15-13-13hp15-11-10------10------------------
B|---------------------------------------------------13------13-11-13-13\15-
```

```E|--13\15-15-15-13-13hp15-11-10-----10-------------
B|---------------------------------------------------13----13-11-15-13-
```

```E|--------------
B|--11-10----
G|------------12-
```

LEAD
```E|-----------------------------------------------
B|--11-10-13-10-11-10-----10---------11-10-13-10-11-
G|--------------------------------12----10-12----------------
```

```E|--------------------------------
B|--11-10-13-10-11-10------10-------
G|---------------------------------12----10-12-
```

```E|--10-----10-11-10-------------
B|-------13---------------13-11-10-11-
```', 'Akhil, Dhvani Bhanushali', 'Mashup', 2019, NULL, 'https://www.youtube.com/watch?v=vgv_q_MFA5Y
http://www.fxmusic.in/2019/03/duniya-lukka-chuppi-guitar-tabs-by.html', FALSE, '2019-03-30T08:39:20.672000+00:00', '2019-09-20T01:44:06.489000+00:00');
INSERT INTO public.note_tags (id, user_id, note_id, tag_id) VALUES ('ae3aea5a-6d5c-4c3e-b0b5-6fe0d51f6b70', '3917b9a9-a856-4f33-a910-6ad73f9fa25b', '7d4779ff-fcb0-4139-9758-18998f952705', '94f83bf8-1cd6-44f7-9e77-dc2d9928b555');
INSERT INTO public.note_tags (id, user_id, note_id, tag_id) VALUES ('6b6aae34-6152-4f42-a396-a2fc6c550be7', '3917b9a9-a856-4f33-a910-6ad73f9fa25b', '7d4779ff-fcb0-4139-9758-18998f952705', '22c9085c-724b-4679-aa10-b79b72f9b0be');
INSERT INTO public.notes (id, user_id, title, content, artist, album, release_year, metadata, "references", isPinned, created_at, updated_at) VALUES ('656958e4-71ec-47c2-913f-60e0a8c919b8', '3917b9a9-a856-4f33-a910-6ad73f9fa25b', 'Dilbar mere', '===========
INTRO....
===========
hai......la la  la la la la    laaaaaaaaa
e--7s9~~------9--------------------------------------------
B-----------12------10-12-----9-10-------9------------------
G-------------------------------------------11-------9~~~~-----
e--------------------------------------------------------------
B-7s12--12----10-12-------9-10-------9------9-------------
G-------------------------------------------11------9-------11-11---

===========
  Mukhda
===========
Dilbar Mere  Kab Tak Mujhe 
e-------------9~~----10-9------9~~---
B----------10-----------------10---------
G-----11----------------------------------
D--11------------------------------------

Aise Hii Tadpaaoooogeeeee
e--10-9------10-9---------------------
B---------10----------10-10s12------

Main Aaag Dil Mein   Lagaa Duungaa Vo
e--10-10-9-9s7-7------7-7s9-9---------
B------------------------------------------10-----
G----------------------------------------------11--

Ke  Pal Mein Pighalll   Jaaoge
e------------------------------------
B---------------9-10s12--10-9-------
G--10----10-----------------------11----
D-----11-----------------------------

Ek Din   Aayegaa
e--------------------------9s11---
B--9s11-11--11-12-----------

Pyaar     Ho    Jaayegaaaa
e-----------------------------9-----9---------
B--9s11-11--11--12----------12------

ho ho  Main Aaag Dil Mein Lagaa Duungaa Vo 
e------9--10----10-9-9s7-7------7-7s9-9---------
B--12-----------------------------------------------10-----
G---------------------------------------------------------11--

Ke  Pal Mein Pighalll   Jaaoge
e------------------------------------
B----------------9-10s12--10-9-------
G--10----10------------------------11----
D------11-----------------------------

===========
  Stanza
===========
Sochogii Jab Mere   Baare Mein Tanahaaiiiiiyoon  Mein
e-----------------------------------------------------------------
B--------------------------------------------------------------------9s12-9-----------
G--9s11-11---11-11-11---11-9s11-11--11----11------------11-9~~~

Ghir Jaaogii  Aur Bhii Merii Parchhaaiyoon Mein
e----------------------------------------------------
B--7s9-9--9-9-9--9-7s9-9--9-9-12--10-10-10---                     x2

Hosh   Kho   Jaayegaa
e--9s12-12--12-10-9--9-10p9-7---

HoHoHo....Pyaar               Ho     Jaayegaa
e--7-9-10---9s10-10-10---9--7----7s9-9--

this part is very fast in above line  [[--7-9-9s10-10--]]  

Dilbar Mere  Kab Tak Mujhe ...', 'Kishore Kumar, Anette Pinto', 'Satte Pe Satta', 1982, NULL, 'https://www.youtube.com/watch?time_continue=20&v=MVlzx_ICu40', FALSE, '2017-11-08T14:23:05.824000+00:00', '2019-01-08T14:29:02.568000+00:00');
INSERT INTO public.note_tags (id, user_id, note_id, tag_id) VALUES ('87d453c1-5289-4cd5-9f9c-0df6d44bc786', '3917b9a9-a856-4f33-a910-6ad73f9fa25b', '656958e4-71ec-47c2-913f-60e0a8c919b8', '22c9085c-724b-4679-aa10-b79b72f9b0be');
INSERT INTO public.note_tags (id, user_id, note_id, tag_id) VALUES ('cc472cec-7755-455d-8bb5-157dbe3d56ab', '3917b9a9-a856-4f33-a910-6ad73f9fa25b', '656958e4-71ec-47c2-913f-60e0a8c919b8', 'f22d1b82-b224-4a44-a581-b5c25015af54');
INSERT INTO public.notes (id, user_id, title, content, artist, album, release_year, metadata, "references", isPinned, created_at, updated_at) VALUES ('9f8438c1-289f-4c2e-b96f-0a8b6ad36a09', '3917b9a9-a856-4f33-a910-6ad73f9fa25b', 'Bachana - Bilal Khan', 'Tanhai ke safar main
Chalna sabar se
Koi na nazar main han
Jab khwab humain chor jayen
Sochon ko nibha na payen
Din wo yaad ayen na

Khata hogai sazaa hogai
Puraane din yaad ayen na

Duniya ke is shor main
Sikha hai mar ke
Hoti zindagi kia

Main dooob raha doob raha
Bachana mujhe bachana
Main doob raha doob raha
Bachana mujhe bachana

Jagmagati hui raat ye
Lab pe hain shikayatein
Koi nahi mujhko sun raha
Wo dhalta din mujboor hai
Manzil zara door hai
Bujh raha umeedon ka chiragh

Khata hogai sazaa hogai
Puraane din yaad ayen na

Duniya ke is shor main
Sikha hai mar ke
Hoti zindagi kia

Main doob raha doob raha
Bachana mujhe bachana
Main doob raha doob raha
Bachana mujhe bachana

Main doob raha doob raha
Bachana mujhe bachana', 'Bilal Khan', 'Umeed', 2009, 'Tuning - Half Step Down
Strum - see video https://youtu.be/O-gI6gTiIno?t=346', 'https://www.youtube.com/watch?v=O-gI6gTiIno', FALSE, '2020-10-13T15:37:45.747000+00:00', '2020-10-13T15:40:01.877000+00:00');
INSERT INTO public.note_tags (id, user_id, note_id, tag_id) VALUES ('e14b1045-eb6f-4bc9-b0b9-966536dcafa1', '3917b9a9-a856-4f33-a910-6ad73f9fa25b', '9f8438c1-289f-4c2e-b96f-0a8b6ad36a09', '94f83bf8-1cd6-44f7-9e77-dc2d9928b555');
INSERT INTO public.note_tags (id, user_id, note_id, tag_id) VALUES ('e71ad643-09b5-4224-b710-281d555f9d76', '3917b9a9-a856-4f33-a910-6ad73f9fa25b', '9f8438c1-289f-4c2e-b96f-0a8b6ad36a09', '375ee2c2-3bd4-473f-afd0-87ef7a38f19a');
INSERT INTO public.notes (id, user_id, title, content, artist, album, release_year, metadata, "references", isPinned, created_at, updated_at) VALUES ('7cc3c845-cdac-4592-8a85-96b25429dd53', '3917b9a9-a856-4f33-a910-6ad73f9fa25b', 'Iktara', '```E |-2-2-2-3-2-3--0----0--
B |-------3----3-
```
O Re Manwa Tu To Bawra Hai

```E |-2-2-2-3-2-3---0----0--
B |-------3----3-
```
Tu Hi Jaane Tu Kya Sochta Hai

```E |-2-2-2-3-2-3--0-----0-
B |-------3----3----3-1-0-
G |------------------------2---
```
Tu Hi Jaane Tu Kya Sochta Hai, Baware..

```E |-------------------
B |--------3-1-0----1-0---
G |-2-0---2------2-----2-0-0-
D |---3---------
```
Kyun Dikhaye Sapne Tu Sote Jaagte

```E |----------0-0-
B |-----0-0-1-1------
G |-0-0-0-----------
```
Jo Barsein Sapne Boond Boond

```E |-2-3-0-----------
B |----3-1-1-3-3------
```
Nainon Ko Moond Moond

```G |-2-4-2-0-------0-0----
D |-----4-4------
```
Nainon Ko Moond Moond

```E |----------0-0-
B |-----0-0-1-1------
G |-0-0-0-----------
```
Jo Barsein Sapne Boond Boond

```E |-2-3-0-----------
B |----3-1-1-3-3------
```
Nainon Ko Moond Moond

```E |-2-3-0-----2-3-0-----
B |----3-1--------3-1-
```
Kaise Main Chaloon, Dekh Na Sakoon

```E |------------
B |-1-3-3-0----------
G |------2-0-0------
```
Anjaane Raaste

```B |------------
G |-----2-2-2-0-0-0-0-0-0-0-0----
D |-4-5-4--------------
```
Goonja Sa Hai Koi Ektara Iktara

```B |------------
G |-----2-2-2-0-0-0-0-0-0-0-0----
D |-4-5-4--------------
```
Goonja Sa Hai Koi Ektara Iktara

```B |------------
G |-----2-2-2-2-2-2-2-2-2-2----
D |-4-5-4--------------
```
Goonja Sa Hai Koi Ektara Iktara

```E |------------
B |--0-3-0----0------
G |-2-----2----2-0-0-0-0-
```
Goonja Sa Hai Koi Ektara Iktara

```B |------------
G |-----2-2-2-0-0-0-0-0-0-0-0----
D |-4-5-4--------------
```
Goonja Sa Hai Koi Ektara Iktara

```B |------------
G |-----2-2-2-0-0-0-0-0-0-0-0----
D |-4-5-4--------------
```
Goonja Sa Hai Koi Ektara Iktara

```B |------------
G |-----2-2-2-2-2-2-2-2-2-2----
D |-4-5-4--------------
```
Goonja Sa Hai Koi Ektara Iktara

```E |------------
B |--0-3-0----0------
G |-2-----2----2-0-0-0-0-
```
Goonja Sa Hai Koi Ektara Iktara
.
.
```E |-------------
B |-0------------
G |--2-2-0-----0-0-----
D |-------4-----0-2-0-
```
Sun Rahi Hoon Sudhbudh Kho Ke

```E |------------
B |-0-----------
G |--2-2-0----0-----
D |-------4-----
```
Koi Main Kahani

```G |--------------2-0-0-
D |-2-2-0----2-2-4-4-5-----
A |-----3-------
```
Puri Kahani Hai Kya Kise Hai Pata

```E |-------------
B |-0------------
G |--2-2-0-----0-0-----
D |-------4-----0-2-0-
```
Main To Kisiki Ho Ke

```E |------------
B |-0-----------
G |--2-2-0----0-----
D |-------4-----
```
Yeh Bhi Na Jaani

```G |--------------2-0-0-
D |-2-2-0----2-2-4-4-5-----
A |-----3-------
```
Ruth Hai Yeh Do Pal Ki Ya Rahegi Sada

```B |------------
G |---0-2-2--------
D |-0-0-----------
```
Kise Hai Pata

```B |------------
G |--0-2-0-0-------
D |-4-----------
```
Kise Hai Pata
.
.
.

Jo Barsein Sapne Boond Boond

Nainon Ko Moond Moond

Nainon Ko Moond Moond

Jo Barsein Sapne Boond Boond

Nainon Ko Moond Moond



Kaise Main Chaloon

Dekh Na Sakoon

Anjaane Raaste



Goonja Sa Hai Koi Ektara Iktara

Goonja Sa Hai Koi Ektara

Goonja Sa Hai Koi Ektara Iktara

Goonja Sa Hai Koi Ektara

Goonja Sa Hai Koi Ektara Iktara

Goonja Sa Hai Koi Ektara

Goonja Sa Hai Koi Ektara Iktara

Goonja Sa Hai Koi Ektara', 'Kavita Seth, Amitabh Bhattacharya', 'Wake Up Sid', 2009, NULL, NULL, FALSE, '2017-11-03T16:18:38.976000+00:00', '2017-11-04T07:06:05.989000+00:00');
INSERT INTO public.note_tags (id, user_id, note_id, tag_id) VALUES ('159f3fb3-a0d5-4d79-bac1-9ca25ac986b4', '3917b9a9-a856-4f33-a910-6ad73f9fa25b', '7cc3c845-cdac-4592-8a85-96b25429dd53', '94f83bf8-1cd6-44f7-9e77-dc2d9928b555');
INSERT INTO public.note_tags (id, user_id, note_id, tag_id) VALUES ('c8eb8c51-e904-48ad-a4ee-dfe2e6384b83', '3917b9a9-a856-4f33-a910-6ad73f9fa25b', '7cc3c845-cdac-4592-8a85-96b25429dd53', '22c9085c-724b-4679-aa10-b79b72f9b0be');
INSERT INTO public.notes (id, user_id, title, content, artist, album, release_year, metadata, "references", isPinned, created_at, updated_at) VALUES ('f7af4bd7-33fc-4575-94bd-cc1a61eb717b', '3917b9a9-a856-4f33-a910-6ad73f9fa25b', 'Enna sona', '```e|-----------1------
B|--3-1\3-3-3--1-3---4-3-1-3-
G|-0---------------
```
Enna sona kyun Rabb ne banaya

```e|------------------
B|--3-1\3-3-3--1-3-1------1-
G|-0------------3-2-0---
```
Enna sona kyun Rabb ne banaya

Enna sona kyun Rabb ne banaya
Enna sona kyun Rabb ne banaya

```e|------------------------
B|------------------------
G|-2---0-2h3-2-0--0-2------0--0-2-
D|--3------------3--3-3------
```
Aavan javan te main yaara nu manavan

```e|----------------------
B|--------------1-------
G|-2--0-2h3-2-0--0-2-3---2-3-0-2-2-
D|--3------------------
```
Aavan javan te main yaara nu manavan

```e|-------------
B|--3-1-3-3--1-----
G|-0--------3-2-0-
```
Enna sona

```e|-------------
B|----1------1-3-
G|-0-2-3------3----
```
Enna sona

```e|-------------
B|-------------
G|-2--0-0-2h3-2-
D|--3-------
```
Enna sona o… (X2)

```e|-------------
B|-------------
G|-2---0-0-2h3-2-
D|--3-3-------
```
Enna sona

```e|-------------
B|-------------
G|-2--0-0-2-0-
D|--3-----
```
Enna sona

=========Antra=========

```E|--1--1-1-1-1----1-3-1-3-3-
B|-3--------3-------
```
Kol hove te sekh lagda ae

```E|--1--1-1-1---1-------
B|-3------4---4-3-1--1-3-
```
Door jaave te dil jalda ae

```E|--1--1-1-1-1----1-3-3-3-3-
B|-3--------3-------
```
Kehdi agg naal Rabb ne banaya

```E|-1-3-1------------
B|----4-3-1--1-3-1-----
G|------------3-2-2-
```
Rabb ne banaya, Rabb ne banaya

========Melody=========

```B|------------3-3-
G|-1\3-5-3h5-2-3--2-3-5----
```

```B|--3-3\6-3---6-8-6-3---
G|-5-----3------5-
```

```B|-----------3-
G|-3-5-3-2---3-2-3-5---
D|-----5-------
```

```E|------3-5\6-5-----
B|--3-3\6-3------6---
G|-5------------6-
```

```B|-3--6-4-3-
G|--5----
```

======== Melody End =========

```E|----------1------
B|--3-1\3-3-3--1-3---4-3-1-3-
G|-0---------------
```
Enna sona kyun Rabb ne banaya

```B|--3-1\3-3-3--1-3-1-----1-
G|-0----------3-2-0---
```
Enna sona kyun Rabb ne banaya

```G|-2---0-2h3-2-0--0-2------0--0-2-
D|--3----------3--3-3------
```
Aavan javan te main yaara nu manavan

```B|-------------1-------
G|-2--0-2h3-2-0--0-2-3---2-3-0-2-2-
D|--3------------------
```
Aavan javan te main yaara nu manavan

```B|--3-1-3-3--1-----
G|-0-------3-2-0-
```
Enna sona

```B|----1----1--3-
G|-0-2-3---3-----
```
Enna sona

```E|----1------------
B|-3-1-3---4-3--3-1-3---1-3-
G|------------3----
```
Enna sona o…

Rest are same as above', 'Arijit Singh', 'OK Jaanu', 2017, NULL, 'https://www.youtube.com/watch?v=tCAuBmVyAEQ', FALSE, '2017-11-12T04:40:26.811000+00:00', '2018-10-14T10:44:15.094000+00:00');
INSERT INTO public.note_tags (id, user_id, note_id, tag_id) VALUES ('e3348766-1019-4908-be7b-4736cca8ccf1', '3917b9a9-a856-4f33-a910-6ad73f9fa25b', 'f7af4bd7-33fc-4575-94bd-cc1a61eb717b', '94f83bf8-1cd6-44f7-9e77-dc2d9928b555');
INSERT INTO public.note_tags (id, user_id, note_id, tag_id) VALUES ('e49990ee-accd-478e-a304-ed9705ccf349', '3917b9a9-a856-4f33-a910-6ad73f9fa25b', 'f7af4bd7-33fc-4575-94bd-cc1a61eb717b', '22c9085c-724b-4679-aa10-b79b72f9b0be');
INSERT INTO public.notes (id, user_id, title, content, artist, album, release_year, metadata, "references", isPinned, created_at, updated_at) VALUES ('ccc7f383-3731-4713-a2bc-feae9c3326f9', '3917b9a9-a856-4f33-a910-6ad73f9fa25b', 'Hero Theme', '```e|--5-7-5-7-5---------
B|------6---6--5---
G|-7-------7-----7-
```

```e|--5-7-5-7-5---------
B|------6---6--5---
G|-7-------7-----7-
```

```e|----4-5-7-
B|-6-6-5----
```

```e|-7h10-10-8--7-5-4---
B|----------6-
```', 'Laxmikant-Pyarelal', 'Hero', 1983, NULL, NULL, FALSE, '2017-10-24T14:44:04.341000+00:00', '2017-10-24T14:50:21.104000+00:00');
INSERT INTO public.note_tags (id, user_id, note_id, tag_id) VALUES ('b41613f4-7467-45a0-95ca-c06e414703e6', '3917b9a9-a856-4f33-a910-6ad73f9fa25b', 'ccc7f383-3731-4713-a2bc-feae9c3326f9', '22c9085c-724b-4679-aa10-b79b72f9b0be');
INSERT INTO public.note_tags (id, user_id, note_id, tag_id) VALUES ('6186ec38-60eb-4331-9423-0213814a9980', '3917b9a9-a856-4f33-a910-6ad73f9fa25b', 'ccc7f383-3731-4713-a2bc-feae9c3326f9', 'f22d1b82-b224-4a44-a581-b5c25015af54');
INSERT INTO public.notes (id, user_id, title, content, artist, album, release_year, metadata, "references", isPinned, created_at, updated_at) VALUES ('7c3dbac5-ac1d-4da6-9e1c-95b5d6737b46', '3917b9a9-a856-4f33-a910-6ad73f9fa25b', 'Bheegey Hont Tere', '9-9-7-7-5-5

9-7-7-5-5

9-9-5-9-7

10-10-9-9-7-5

7-7-9-10-14

7-7-9-10-12-10

7-7-9-10-14-12

10-9-7

10-9-7', 'Kunal Ganjawala', 'Murder', 2004, NULL, NULL, FALSE, '2017-10-06T03:09:51.303000+00:00', '2017-10-06T03:10:07.378000+00:00');
INSERT INTO public.note_tags (id, user_id, note_id, tag_id) VALUES ('78effcbf-2bdf-4fff-9441-510baa355242', '3917b9a9-a856-4f33-a910-6ad73f9fa25b', '7c3dbac5-ac1d-4da6-9e1c-95b5d6737b46', '94f83bf8-1cd6-44f7-9e77-dc2d9928b555');
INSERT INTO public.note_tags (id, user_id, note_id, tag_id) VALUES ('ea55947f-d931-4109-b9e1-1965d4c5083f', '3917b9a9-a856-4f33-a910-6ad73f9fa25b', '7c3dbac5-ac1d-4da6-9e1c-95b5d6737b46', '484fde0b-53ea-4d62-82d9-dff38182c04c');
INSERT INTO public.note_tags (id, user_id, note_id, tag_id) VALUES ('af7afdc4-a86a-4652-9708-dc02e94b3a77', '3917b9a9-a856-4f33-a910-6ad73f9fa25b', '7c3dbac5-ac1d-4da6-9e1c-95b5d6737b46', '22c9085c-724b-4679-aa10-b79b72f9b0be');
INSERT INTO public.notes (id, user_id, title, content, artist, album, release_year, metadata, "references", isPinned, created_at, updated_at) VALUES ('27db47ef-186d-4f3e-94b7-813421f14b76', '3917b9a9-a856-4f33-a910-6ad73f9fa25b', 'Old Songs Mashup', '1. Hothon se chulo tum
2. Kahin door jab din dhal jaye
3. Kya hua tera vaada
4. Pyar deewana hota hai
5. Pahela nasha', 'Various Artists', 'Unavailable', NULL, NULL, 'https://www.youtube.com/watch?v=RsZs0ZnEAHU', FALSE, '2020-05-30T04:50:23.559000+00:00', '2020-05-30T04:50:48.188000+00:00');
INSERT INTO public.note_tags (id, user_id, note_id, tag_id) VALUES ('903217c4-cfb8-4136-932e-dc7233f23282', '3917b9a9-a856-4f33-a910-6ad73f9fa25b', '27db47ef-186d-4f3e-94b7-813421f14b76', '07483aae-aaf2-498a-ad00-7abd0a0d46c3');
INSERT INTO public.note_tags (id, user_id, note_id, tag_id) VALUES ('b933c182-290b-45a1-bfb3-6d7c033ef51a', '3917b9a9-a856-4f33-a910-6ad73f9fa25b', '27db47ef-186d-4f3e-94b7-813421f14b76', 'ca29fa62-24fc-4ecb-808c-f795c7122529');
INSERT INTO public.note_tags (id, user_id, note_id, tag_id) VALUES ('3e521c4d-9ed1-4237-8ce9-bc557be95129', '3917b9a9-a856-4f33-a910-6ad73f9fa25b', '27db47ef-186d-4f3e-94b7-813421f14b76', '26bec2c9-84b7-4e97-8246-28dd469f49cd');
INSERT INTO public.note_tags (id, user_id, note_id, tag_id) VALUES ('75640e4b-4522-4bad-9961-0479698bfbac', '3917b9a9-a856-4f33-a910-6ad73f9fa25b', '27db47ef-186d-4f3e-94b7-813421f14b76', 'f22d1b82-b224-4a44-a581-b5c25015af54');
INSERT INTO public.notes (id, user_id, title, content, artist, album, release_year, metadata, "references", isPinned, created_at, updated_at) VALUES ('601c6063-abc1-4da0-9b99-f28cee6a698f', '3917b9a9-a856-4f33-a910-6ad73f9fa25b', 'Zara Tasveer Se Tu - Meri Mehbooba', 'Kisi Roz Tumse Mulaakat Hogi
```e | - - - - - - - - - - - - - - - - - - - - - - - - - - - 
B | - - -10-13-12-10-12- - - - 9-12-10-9-10 - 
G | -9- - - - - - - - - - - - - - 9 - - - - - - - - - - 
```

Kisi Roz Tumse Mulaakat Hogi
Meri Jaan Us Din Mere Saath Hogi

Magar Kab Na Jaane Ye Barsaat Hogi
```e | - - - - - -12-10-9-10- - - - - - 12-10-9-10 - 
B | -10-13- - - - - - - - - -10-13- - - - - - - - - -
```

Mera Dil Hai Pyaasa, Mera Dil Akela
```e | -12-10- - - - - - - - - - - 10 - - - - - - - - - - - - 
B | - - - - - -13-12-12-13- - - - -13-12-10-10-12- 
```

Zara Tasveer Se Tu, Nikalke Saamne Aa
```e | - - - - - - - - - - - - - - - - - - - - - - - - - - - - - 
B | - -10-12-13-12-10-12- - - -10-12-13-12-10-12 
G | -9- - - - - - - - - - - - - - - - 9- - - - - - - - - - - - 
```

Meri Mehbooba
```e | - - - - - - - - - - 
B | -9-9-9-12-10- 
```

Meri Taqdeer Hai Tu, Machalke Saamne Aa
```e | - - - - - - - - - - - - - - - - - - - - - - - - - - - - - 
B | - -10-12-13-12-10-12- - - -10-12-13-12-10-12 
G | -9- - - - - - - - - - - - - - - - 9- - - - - - - - - - - - 
```

Meri Mehbooba
```e | - - - - - - - - - - 
B | -9-9-9-12-10- 
```

Meri Mehbooba Meri Mehbooba
```e | -12-12-10 - - -12-10- - -10-10- - - - - 10 - - - 
B | - - - - - - - 13 - - - - - - - - - -  - - - -13-12 - - -13 -
```

Meri Mehbooba
```e | - - - - - - - - - - - - - - - - - - - - - - - - - - - - - 
B | -13-13-12-10-13-12 - - - - - - - - - - - - - - - - 
```

Meri Mehbooba
```e | - - - - - - - - - - - - - - - - - - - - - - - 
B | -9-9- -12-10- -12 - 10 - -10 -12 - - 
```

Meri Mehbooba
```e | - - - - - - - - - - 
B | -9-9-9-12-10 -
```', 'Kumar Sanu, Alka Yagnik', 'Pardes', 1997, NULL, 'https://www.youtube.com/watch?v=73JVGNOBj0s', FALSE, '2018-02-03T15:59:53.615000+00:00', '2019-01-20T10:32:09.187000+00:00');
INSERT INTO public.note_tags (id, user_id, note_id, tag_id) VALUES ('8787f9a4-3764-4c2f-affe-b7dcc849caee', '3917b9a9-a856-4f33-a910-6ad73f9fa25b', '601c6063-abc1-4da0-9b99-f28cee6a698f', '94f83bf8-1cd6-44f7-9e77-dc2d9928b555');
INSERT INTO public.note_tags (id, user_id, note_id, tag_id) VALUES ('0819360d-a7da-4a92-aa30-02a7c3d1d88e', '3917b9a9-a856-4f33-a910-6ad73f9fa25b', '601c6063-abc1-4da0-9b99-f28cee6a698f', '22c9085c-724b-4679-aa10-b79b72f9b0be');
INSERT INTO public.notes (id, user_id, title, content, artist, album, release_year, metadata, "references", isPinned, created_at, updated_at) VALUES ('167756ab-e2b4-4aa9-bbf5-281f20c895e7', '3917b9a9-a856-4f33-a910-6ad73f9fa25b', 'Permanent Roommates', '', 'Vaibhav Bundhoo', 'TVF''s Permanent Roommates', 2014, NULL, 'https://www.youtube.com/watch?v=WNBqa_tLQAI', FALSE, '2021-02-21T10:33:33.690000+00:00', '2021-02-21T10:33:40.909000+00:00');
INSERT INTO public.note_tags (id, user_id, note_id, tag_id) VALUES ('8b687d12-c75b-4bf7-9446-bf445d972e8c', '3917b9a9-a856-4f33-a910-6ad73f9fa25b', '167756ab-e2b4-4aa9-bbf5-281f20c895e7', 'ca29fa62-24fc-4ecb-808c-f795c7122529');
INSERT INTO public.note_tags (id, user_id, note_id, tag_id) VALUES ('c4afc1a9-8c75-4d5b-b7af-9945fde8f2c9', '3917b9a9-a856-4f33-a910-6ad73f9fa25b', '167756ab-e2b4-4aa9-bbf5-281f20c895e7', '94f83bf8-1cd6-44f7-9e77-dc2d9928b555');
INSERT INTO public.note_tags (id, user_id, note_id, tag_id) VALUES ('fe5bb7d2-9049-495b-90e0-19bfd4ce50a2', '3917b9a9-a856-4f33-a910-6ad73f9fa25b', '167756ab-e2b4-4aa9-bbf5-281f20c895e7', '375ee2c2-3bd4-473f-afd0-87ef7a38f19a');
INSERT INTO public.note_tags (id, user_id, note_id, tag_id) VALUES ('d1d6e67f-c19f-401b-b4b8-e285436df940', '3917b9a9-a856-4f33-a910-6ad73f9fa25b', '167756ab-e2b4-4aa9-bbf5-281f20c895e7', '26bec2c9-84b7-4e97-8246-28dd469f49cd');
INSERT INTO public.notes (id, user_id, title, content, artist, album, release_year, metadata, "references", isPinned, created_at, updated_at) VALUES ('3edb8972-c84f-4048-853f-4b042d3b0e80', '3917b9a9-a856-4f33-a910-6ad73f9fa25b', 'Whataya Want From Me Tab - Adam Lamber', 'e	 10 10 x x  9   14 14 14 14 7 7    14 14 14 14 7 7     
B	 12 12 x x  10  15 15 15 15 8 8    15 15 15 15 8 8', 'Adam Lambert', 'For Your Entertainment', 2009, NULL, NULL, FALSE, '2018-08-16T02:31:16.187000+00:00', '2018-08-16T02:31:50.530000+00:00');
INSERT INTO public.note_tags (id, user_id, note_id, tag_id) VALUES ('f9368c71-948d-4230-aef9-96527f16576b', '3917b9a9-a856-4f33-a910-6ad73f9fa25b', '3edb8972-c84f-4048-853f-4b042d3b0e80', '22c9085c-724b-4679-aa10-b79b72f9b0be');
INSERT INTO public.note_tags (id, user_id, note_id, tag_id) VALUES ('e0fee6ed-ec64-4b3f-bad0-bcc04cbef201', '3917b9a9-a856-4f33-a910-6ad73f9fa25b', '3edb8972-c84f-4048-853f-4b042d3b0e80', 'eebbc269-be1f-43e9-a641-4b2e91a39ff4');
INSERT INTO public.notes (id, user_id, title, content, artist, album, release_year, metadata, "references", isPinned, created_at, updated_at) VALUES ('78060c52-76fc-42b5-a886-675583c8d5a8', '3917b9a9-a856-4f33-a910-6ad73f9fa25b', 'Jo Bhi Main - Rockstar', 'e---------0-----------------------------------------|
B----------------3----------------------------------|
G------------0--------------------2----------------|
D-----2------------------4h5-------4p0-------|
A----------------------------------------------------|
E--0------------------------------------------------|


[Chorus]
(Em)Jo bhi main, kehna chahoon
(G)Barbaad karein, (Em)alfaz mere, (Em)alfaz mere
(Em)Oo yeah yeah oo ..

[Verse]
(G)Kabhi mujhe lagey ke jaise, (D)saara hi yeh jahaan hai jaage
(Am)Jo hai aur nahin bhi hai, (D)yeh fiza ghata hawa bahaarein

(G)Tujhe kare (D)ishaare ye
(Am)Kaise kahun, (D)kahani main inki

[Chorus]
(Em)Jo bhi main, kehna chahoon
(G)Barbaad karein, (Em)alfaz mere, (Em)alfaz mere
(Em)Oo yeah yeah oo ..', 'Mohit Chauhan', 'Rockstar', 2011, 'D D UUD DU', 'https://tabs.ultimate-guitar.com/tab/rockstar_2011/jo_bhi_main_chords_1095848
https://www.youtube.com/watch?v=YbFK3u89jJ4', FALSE, '2019-07-24T03:19:03.417000+00:00', '2019-07-24T03:24:50.482000+00:00');
INSERT INTO public.note_tags (id, user_id, note_id, tag_id) VALUES ('eef21d86-411f-4cc5-a423-58354c231b60', '3917b9a9-a856-4f33-a910-6ad73f9fa25b', '78060c52-76fc-42b5-a886-675583c8d5a8', '39d6ed04-fc5c-427e-9060-9041887f4d0e');
INSERT INTO public.note_tags (id, user_id, note_id, tag_id) VALUES ('d6138661-ec5f-46aa-bdea-cfc1301d44ce', '3917b9a9-a856-4f33-a910-6ad73f9fa25b', '78060c52-76fc-42b5-a886-675583c8d5a8', '94f83bf8-1cd6-44f7-9e77-dc2d9928b555');
INSERT INTO public.notes (id, user_id, title, content, artist, album, release_year, metadata, "references", isPinned, created_at, updated_at) VALUES ('4bca8f38-35c6-420a-b733-9005037bf04e', '3917b9a9-a856-4f33-a910-6ad73f9fa25b', 'Piya Ghar Aavenge', '(Em)Chok Puravo (Em)mati rangavo
(D)Aaj me(Am)re piya (Em)ghar aavenge

(Em)Khabar sunau jo (Em)khushire batau jo
(D)Aaj me(Am)re piya (Em)ghar aavenge
(D)Aaj me(Am)re piya (Em)ghar aavenge

(Em)Eri sakhi (D)mangal gaavo (Em)ri
(Em)Dharti am(D)bar sajavo (Em)ri
(D)Utaregi (A)aaj (D)mere (G)pee ki sa(Em)vari
(Em)Ari koi (D)kajad lavo (Em)ri
(Em)Mohe kara (D)teeka lagavo (Em)ri
(D)Unki (A)chhab (D)se di(G)khu main to (Em)pyari

(Em)Lachhmi ji vaavo (Em)Nazar utaaro
(D)Aaj me(Am)re piya (Em)ghar aavenge

(Em)Rango se (D)rang mi(Em)le
(Em)naye naye (D)dhang khi(Em)le
(D)Khushi aaj (A)dhwar (D)mere (G)daale hai (Em)dera
(Em)Pihu pihu (D)papeeha ja(Em)pe
(Em)Kuhu kuhu (D)koyal ja(Em)pe
(D)Aangan (A)aan(D)gan (G)pariyo ne (Em)gera

(Em)Anhad naad (Em)bajavo re sab mil
(D)Aaj me(Am)re piya (Em)ghar aavenge

Chorus:
(Em)Anhad (D)naad ba(C)javo re (D)sab mil
(Em)Anhad (D)naad ba(C)javo re (D)sab mil', 'Kailash Kher', 'Rangeele', 2012, 'Ddd DUDU
Chords used : Em, D, G, A, Am', NULL, FALSE, '2019-09-22T15:37:26.993000+00:00', '2020-08-15T10:57:19.393000+00:00');
INSERT INTO public.note_tags (id, user_id, note_id, tag_id) VALUES ('c8e73bec-5892-4605-bca4-33ff26a6fbb6', '3917b9a9-a856-4f33-a910-6ad73f9fa25b', '4bca8f38-35c6-420a-b733-9005037bf04e', '94f83bf8-1cd6-44f7-9e77-dc2d9928b555');
INSERT INTO public.note_tags (id, user_id, note_id, tag_id) VALUES ('6889c8e4-19cf-4b26-bb85-f14a4293188d', '3917b9a9-a856-4f33-a910-6ad73f9fa25b', '4bca8f38-35c6-420a-b733-9005037bf04e', '26bec2c9-84b7-4e97-8246-28dd469f49cd');
INSERT INTO public.notes (id, user_id, title, content, artist, album, release_year, metadata, "references", isPinned, created_at, updated_at) VALUES ('6104edb5-2acd-4286-acdc-aa22f545e0fe', '3917b9a9-a856-4f33-a910-6ad73f9fa25b', 'Na Jaane Mere Dil Ko Kya', 'E--3-5-3-3-6-5-3-3-5-6-8-5
B--3----------
E--2-5-3-2-5-3-2-5-6-6-3
B--3-----------

E--3-5-3-3-6-5-3-3-5-6-8-5
B--3----------

E--2-5-3-2-5-3-2-5-6-6-3
B--3-----------

E--3-10-8-10-6-8-6-6-8-5-5-5-6-8-5

E--1-8-6-8-5-5-6-5-6-3-3-3

E--6-5-6-3-3-3-6-5-6-3-3-3

E--3-10-8-10-6-8-6-6-8-5-5-5-6-8-5

E--1-8-6-8-5-5-6-5-6-3-3-3

E--6-5-6-3-3-3-6-5-6-3-3-3

E--6-5-3-6-6-5-6-8-8-5

E--5-5-3-5-8-6-5-3

E--6-5-3-6-6-5-6-8-8-5

E--5-3-5-10-8-10-10

E--1-3-5-3-0-1-3-1

E--1-3-5-5-3----0---
B------1-3----3



E--3-10-8-10-6-8-6-6-8-5-5-5-6-8-5



E--1-8-6-8-5-5-6-5-6-3-3-3



E--6-5-6-3-3-3-6-5-6-3-3-3



E--1-0----1-1-0-1-3-3-0
B---3---------



E--0-0----0-3-1-0--
B---3------3



E--3-2-0-3-3-2-2-3-5-5-2



E--2-2-0-2-7-5-7-7



E--3-5-7-5-



E--2-3-5-3-



E--3-5-7-7-5---0-2-0
B------3----



E--3-3-10-8-10-6-8-6-6-8-5-5-5-6-8-5



E--1-8-6-8-5-5-6-5-6-3-3-3



E---3-5-3-3-6-5-3-3-5-6-8-5
B--3



E----2-5-3-2-5-3-2-5-6-6-3
B--3', 'Lata Mangeshkar, Udit Narayan', 'Dilwale Dulhania Le Jayenge', 1995, NULL, NULL, FALSE, '2017-10-06T03:11:44.479000+00:00', '2018-09-27T17:21:46.765000+00:00');
INSERT INTO public.note_tags (id, user_id, note_id, tag_id) VALUES ('cc396212-629c-4d90-ab45-eefe112fb4fd', '3917b9a9-a856-4f33-a910-6ad73f9fa25b', '6104edb5-2acd-4286-acdc-aa22f545e0fe', '94f83bf8-1cd6-44f7-9e77-dc2d9928b555');
INSERT INTO public.note_tags (id, user_id, note_id, tag_id) VALUES ('726541e8-3d4f-4579-b3df-348851670cee', '3917b9a9-a856-4f33-a910-6ad73f9fa25b', '6104edb5-2acd-4286-acdc-aa22f545e0fe', '484fde0b-53ea-4d62-82d9-dff38182c04c');
INSERT INTO public.note_tags (id, user_id, note_id, tag_id) VALUES ('64ed5aeb-40ec-49d8-babb-f2c6e9b72d0e', '3917b9a9-a856-4f33-a910-6ad73f9fa25b', '6104edb5-2acd-4286-acdc-aa22f545e0fe', '22c9085c-724b-4679-aa10-b79b72f9b0be');
INSERT INTO public.notes (id, user_id, title, content, artist, album, release_year, metadata, "references", isPinned, created_at, updated_at) VALUES ('bc82f7bd-231f-4a1e-a442-795782333eff', '3917b9a9-a856-4f33-a910-6ad73f9fa25b', 'Happy birthday to you', '```B|-------1-0-
G|-0-0-2-0---
```

```B|-------3-1-
G|-0-0-2-0---
```

```e|----3-0----
B|-------1-0--
G|-0-0-------2-
```

```E|-1-1-0----
B|------1-3-1-
```

=========CHORDS  (D UU) =========== 
Happy (G)Birthday to (D)You
Happy (D)Birthday to (G)You
Happy (G)Birthday, dear (C)[Name]
Happy (G)Birthday (D)to (G)You


===========SINGLE STRING=======:
0 0 2 0 5 4 
0 0 2 0 7 5 
0 0 9 7 5 4 2 
10 10 9 5 7 5', 'Patty Hill, Mildred J. Hill', 'Traditional', 1893, NULL, 'https://www.youtube.com/watch?v=GyPuff0MTpo', FALSE, '2017-10-06T02:58:36.315000+00:00', '2020-12-19T14:56:44.392000+00:00');
INSERT INTO public.note_tags (id, user_id, note_id, tag_id) VALUES ('7adeb054-a9ee-49b9-b2c7-bc0527ae6f48', '3917b9a9-a856-4f33-a910-6ad73f9fa25b', 'bc82f7bd-231f-4a1e-a442-795782333eff', '484fde0b-53ea-4d62-82d9-dff38182c04c');
INSERT INTO public.note_tags (id, user_id, note_id, tag_id) VALUES ('c5ebd968-ffa6-4242-ba73-8854c69ec15b', '3917b9a9-a856-4f33-a910-6ad73f9fa25b', 'bc82f7bd-231f-4a1e-a442-795782333eff', '26bec2c9-84b7-4e97-8246-28dd469f49cd');
INSERT INTO public.note_tags (id, user_id, note_id, tag_id) VALUES ('64536d02-0737-4b68-8ec0-a7fecc40e3fc', '3917b9a9-a856-4f33-a910-6ad73f9fa25b', 'bc82f7bd-231f-4a1e-a442-795782333eff', 'f6f1fa22-4ebb-4dfc-8a00-65f2e520dc91');
INSERT INTO public.note_tags (id, user_id, note_id, tag_id) VALUES ('c4e448d9-853a-4fd6-ba54-be527e0bfc8c', '3917b9a9-a856-4f33-a910-6ad73f9fa25b', 'bc82f7bd-231f-4a1e-a442-795782333eff', '22c9085c-724b-4679-aa10-b79b72f9b0be');
INSERT INTO public.note_tags (id, user_id, note_id, tag_id) VALUES ('ac29c356-ca7d-4773-866a-2358f14f93b1', '3917b9a9-a856-4f33-a910-6ad73f9fa25b', 'bc82f7bd-231f-4a1e-a442-795782333eff', 'eebbc269-be1f-43e9-a641-4b2e91a39ff4');
INSERT INTO public.notes (id, user_id, title, content, artist, album, release_year, metadata, "references", isPinned, created_at, updated_at) VALUES ('79b25f2e-adae-4c98-98c3-ddb6b8ef4c94', '3917b9a9-a856-4f33-a910-6ad73f9fa25b', 'Siddharth Slathia - 20 Songs on One Chord', '*  means some line has to be repeated

*Bekarar karke hame yu naa jayiye...(2)
Ek ladki bheegi bhagi si....(5)
*Pyaar hua ikraar hua hai...(2)
*Suhana safar aur yeh mausam hasin...(2)
*Jeena Yahan Merna Yahan...(2)
*Mana Janab Ne Pukaara Nahin...(4)
Intaha ho gai intazaar ki...(2)
Yeh jo mohabbat hai...(4)
Dilbar mere kab tak mujhe...(4)
Main shaayar to nahin...(4)
*Dum maaro dum... (4)
Tu tu hai wahi dil ne jise apna kaha...(3)
*Badan pe sitare lapate huye...(3)
Jaane Jaan Dhoondta Phir Raha...(3)
Aao Huzoor Tumko...(4)
*Pyaar hamein kis mod pe le aaya...(2)
*O mere dil ke chain...(2)
*O hansini meri hansini...(5)
*Yeh sama... sama hai yeh pyaar Kaa...(4)
Chalte Chalte Mere Ye Geet Yaad Rakhna..(3)

==========FULL LYRICS==================
Bekarar karke hame yu naa jayiye...
Aapko hamari kasam laut aayiye...
Bekarar karke hame yu naa jayiye...
Aapko hamari kasam laut aayiye...

Ek ladki bheegi bhagi si...
Soti raaton mein jaagi si...
Ek ladki bheegi bhagi si...
Soti raaton mein jaagi si...
Mili ik ajnabi se...
Koyi aage na peechhe...
Tum hi kaho ye koyi baat hai... hmmm...

Pyaar hua ikraar hua hai...
Pyaar se phir kyon yeh darrta hai dil...
Pyaar hua ikraar hua hai...
Pyaar se phir kyon yeh darrta hai dil...

Suhana safar aur yeh mausam hasin...
Suhana safar aur yeh mausam hasin...
Humein darr hai hum kho na jaye kahin...
Suhana safar aur yeh mausam hasin...

Jeena Yahan Merna Yahan...
Iske Siva Jaana Kahan...
Jeena Yahan Merna Yahan...
Iske Siva Jaana Kahan...

Mana Janab Ne Pukaara Nahin...
Kya Mera Saath Bhi Gawara Nahi...
Muft Main Banke Chal Diye Tan Ke...
Wallah Jawab Tumhara Nahin...
Wallah Jawab Tumhara Nahin...

Intaha ho gai intazaar ki...
***Break***
Aai na kuchh khabar mere yaar ki...

Yeh jo mohabbat hai...
*yeh unka hai kaam...
*Are mehbub kaa jo...
*bus lete huye naam...

*Dilbar mere kab tak mujhe...
Aise hi tadpaaoge...
Main aag dil mein lagaa doongaa jo...
Ke pal mein pighal jaaoge...

Main shaayar to nahin...
Main shaayar to nahin...
magar aae hanseen...
Jab se dekha maine tujh ko mujh ko...
Shaayari aa gayee...

Dum maaro dum... mit jaae gum...
Bolo subah shaam...
*Hare krishna hare raam...
*Dum maaro dum... mit jaae gum...
Bolo subah shaam...
*Hare krishna hare raam...

*Tu tu hai wahi dil ne jise apna kaha...
Tu hai jahan main hoon vahan...
Ab to yeh jeena tere bin hai saza...

Badan pe sitare lapate huye...
O jaane tamanna kidhar ja rahi ho...
Zara paas aao to chain aa jaaye...
Zara paas aao to chain aa jaaye...

Jaane Jaan Dhoondta Phir Raha...
Hoon Tumhe Raat Din 
Main Yahan Se Vahan.

Aao Huzoor Tumko...
Sitaaron Mein Le Chaloon..
*Dil Jhoom Jaae Aise...
Bahaaron Mein Le Chaloon...

Pyaar hamein kis mod pe le aaya...
*Ke dil kare haye koi ye bataye kya hoga
***Break***
Pyaar hamein kis mod pe le aaya...
*Ke dil kare haye koi ye bataye kya hoga

*O mere dil ke chain...
Chain aaye mere dil ko dua kijiye...
*O mere dil ke chain...
Chain aaye mere dil ko dua kijiye...

*O hansini meri hansini...
kahan ud chali...
Mere armaanon ke pankh lagaake...
Kahan ud chali...
*O hansini meri hansini...

*Yeh sama... sama hai yeh pyaar Kaa...
Kisi ke intazaar kaa...
Dil na chura le kahin mera....
Mausam bahar kaa...
Yeh sama... sama hai yeh pyaar Kaa...
Kisi ke intazaar kaa...
Dil na chura le kahin mera...
Mausam bahar kaa...

Chalte Chalte Mere Ye Geet Yaad Rakhna..
Kabhi Alvida Na Kehna...
Kabhi Alvida Na Kehna...
Chalte Chalte Mere Ye Geet Yaad Rakhna..
Kabhi Alvida Na Kehna...
Kabhi Alvida Na Kehna...
Kabhi Alvida Na Kehna...
Kabhi Alvida Na Kehna..', 'Siddharth Slathia', 'YouTube Mashup', 2016, 'Capo at 3
D UU   OR   6 (123) 5 (123)
Chords used : Em', 'https://www.youtube.com/watch?v=CwwLim5sx0E', FALSE, '2019-10-02T03:31:05.012000+00:00', '2019-11-23T12:23:34.612000+00:00');
INSERT INTO public.note_tags (id, user_id, note_id, tag_id) VALUES ('d43e0d45-34ca-4929-a6a0-a1641fddc0b1', '3917b9a9-a856-4f33-a910-6ad73f9fa25b', '79b25f2e-adae-4c98-98c3-ddb6b8ef4c94', '07483aae-aaf2-498a-ad00-7abd0a0d46c3');
INSERT INTO public.note_tags (id, user_id, note_id, tag_id) VALUES ('9387c66b-3029-4278-86ba-b90fcc833d6a', '3917b9a9-a856-4f33-a910-6ad73f9fa25b', '79b25f2e-adae-4c98-98c3-ddb6b8ef4c94', '26bec2c9-84b7-4e97-8246-28dd469f49cd');
INSERT INTO public.note_tags (id, user_id, note_id, tag_id) VALUES ('968d5a44-7de9-4514-b601-062fedda667c', '3917b9a9-a856-4f33-a910-6ad73f9fa25b', '79b25f2e-adae-4c98-98c3-ddb6b8ef4c94', 'f22d1b82-b224-4a44-a581-b5c25015af54');
INSERT INTO public.notes (id, user_id, title, content, artist, album, release_year, metadata, "references", isPinned, created_at, updated_at) VALUES ('0a4f9ae2-aed5-421f-885f-06623c2d99c2', '3917b9a9-a856-4f33-a910-6ad73f9fa25b', 'Dhun - Saiyaara', 'INTRO (FINGERSTYLE)

(tabs without capo)
```e | - - -3 - 6-5 - 6-5 - 6-5 - - - - - - - - - - - - - - - - -
B | - 3- - - - - - - - - - - - - -6/8 - 10-8 - 10-8 - 10-8 - 
```

```e | - - -3 - 6-5 - 6-5 - 6-5 - - 6/8 - 6- -5/3 - - 
B | - 3- - - - - - - - - - - - - - - - - - - - - - - - -
```

(Em) Hmm mm mm

(Em)Mm mm
H(C)m mm, oh oh
(Em)Oh oh oh oh
(C)Oh oh oh oh, oh oh

VERSE ONE
Sh(Em)ohratein to nahi hain mi(D)li
Naa ra(Bm)ees hoon main b(C)ada
Jeb me(Em)in hai nahi kuch ma(D)gar
Aas (C)hai jo wo s(D)un le zar(Em)a

CHORUS (VERY SLOW STRUM)
Tere iss d(Em)il ko churaane(D) ke liye
Hai ya(Bm)hi ek dhu(C)n
Sanam ko a(Em)pna banaa(D)ne ke liye
Hai y(Bm)ahi ek dh(C)un (D)
Hai y(Bm)ahi ek d(C)hun

POST CHORUS (STRUM)
H(Em)o oh, aa(C) oh oh
N(Em)a ne ei(C)n ein

VERSE TWO
J(D)ab bhi barsaat a(Em)aye, palk(C)on mein dhaank lung(D)a
N(D)a kami koi khal(Em)egi, tujhe i(C)tna pyaar dung(Em)a
C(D)haand taare le a(Em)aun, hai y(C)e to mumkin nah(D)i
P(D)ar vaada hai ye ka(Em)sam se, tere saa(C)th main rahun(Em)ga

tere saa(C)th main rahun(Em)ga (D) (C)

[FINGERSTYLE]
Ye ma(Em)in daawa nahi kar ra(D)ha
Koi T(Bm)aj Mahal hai me(C)ra
Naam (Em)ki chand deewarein (D)hain
Jinko h(C)i ghar main k(D)ehta r(Em)aha

CHORUS (STRUM)
Tere iss gh(Em)ar ko saja(D)ane ke liye
Hai y(Bm)ahi ek dh(C)un (D)

Sanam ko a(Em)pna banaa(D)ne ke liye
Hai y(Bm)ahi ek dh(C)un (D)
Hai y(Bm)ahi ek d(C)hun

POST CHORUS
H(Em)o oh oh o(C)h oh
H(Em)e ae ae a(C)e ___Ek dhun........ x2


OUTRO
Tere iss dil ko churaane ke liye
Hai yahi ek dhun', 'Mohit Chauhan, Taraannum Mallik', 'Ek Tha Tiger', 2012, 'Original Key: G Minor
Time Signature: 4/4
Tempo: 66
Strumming: D UUD UUD DU
Capo : 3rd Fret
Chords used : Em, D, C, Bm', NULL, FALSE, '2025-07-13T14:32:12.763000+00:00', '2025-08-30T05:26:20.540000+00:00');
INSERT INTO public.note_tags (id, user_id, note_id, tag_id) VALUES ('b93d32a1-a7a0-4c5b-8387-9f261b19be10', '3917b9a9-a856-4f33-a910-6ad73f9fa25b', '0a4f9ae2-aed5-421f-885f-06623c2d99c2', '39d6ed04-fc5c-427e-9060-9041887f4d0e');
INSERT INTO public.note_tags (id, user_id, note_id, tag_id) VALUES ('67d51c7e-70fe-44e8-a554-c199ee0c9cd9', '3917b9a9-a856-4f33-a910-6ad73f9fa25b', '0a4f9ae2-aed5-421f-885f-06623c2d99c2', '94f83bf8-1cd6-44f7-9e77-dc2d9928b555');
INSERT INTO public.note_tags (id, user_id, note_id, tag_id) VALUES ('52e04ea0-844b-45ca-a8cd-40794c892101', '3917b9a9-a856-4f33-a910-6ad73f9fa25b', '0a4f9ae2-aed5-421f-885f-06623c2d99c2', '26bec2c9-84b7-4e97-8246-28dd469f49cd');
INSERT INTO public.note_tags (id, user_id, note_id, tag_id) VALUES ('179f669c-f7cb-445e-b9cb-10c7e42c67dd', '3917b9a9-a856-4f33-a910-6ad73f9fa25b', '0a4f9ae2-aed5-421f-885f-06623c2d99c2', '8d4fc519-7375-432c-8b6a-6cf000e9f287');
INSERT INTO public.notes (id, user_id, title, content, artist, album, release_year, metadata, "references", isPinned, created_at, updated_at) VALUES ('eb8cba06-2884-498b-b1ac-384ba3eb17b0', '3917b9a9-a856-4f33-a910-6ad73f9fa25b', 'Meri Bheegi Bheegi Si (Anamika)', '```E|-----------------------------------------------------------
B|----------11--11--11--11--11-------------11----------------
G|--10--11-------------------------10--11------11--10--8--8--
D|-----------------------------------------------------------
```
मेरी भीगी भीगी सी, पलकों पे रह गए

```E|---------------------------------------------
B|------------11----------------------------------------10--
G|--10--11------11--10--8--8----8--10--11------
```
जैसे मेरे सपने बिखर के

```E|--8------8h9--8-----------------------------------
B|-----11------------11--11----------9--9-------------
G|------------------------------10--11--------11--10--8--
```
जले मन तेरा भी किसी के मिलन को

```E|---------------------------------------------
B|-------------11---------------------------------
G|--10--11------11--10--8----8--8--10--11--10--
```
अनामिका, तू भी तरसे

मेरी भीगी भीगी सी  


```E|-------------8--9------9--8----------------8--9------9--8--
B|--11--11--------11------------11--11--------11--------
```
तुझे बीन जाने, बीन पहचाने

```E|--------------8--9-11----8-------8--9--
B|--11--11----------------------11--------
G|-----------------------------------
```
मैंने हृदय से लगाया

```E|--13--8--8--8--8--8--11--11--8--8----------
B|----------------------------------------------11--11--
```
पर मेरे प्यार के बदले में तूने, 

```E|--9--9--8------------------------------8--
B|------------11--11--10--10--11-----
```
मुझ को ये दिन दिखलाया 

```E|-----------------------------------------------------------
B|----------11--11--11--11--11-------------11----------------
G|--10--11-------------------------10--11------11--10--8--8--
D|-----------------------------------------------------------
```
जैसे बिरहा की रुत मैंने काटी,

```E|---------------------------------------------
B|------------11----------------------------------------10--
G|--10--11------11--10--8--8----8--10--11------
```
तड़प के आहें भर भर के

```E|--8------8h9--8-----------------------------------
B|-----11------------11--11----------9--9-------------
G|------------------------------10--11--------11--10--8--
```
जले मन तेरा भी किसी के मिलन को

```E|---------------------------------------------
B|-------------11---------------------------------
G|--10--11------11--10--8----8--8--10--11--10--
```
अनामिका, तू भी तरसे

मेरी भीगी भीगी सी 
आग से नाता, नारी से रिश्ता, काहे मन समझ न पाया
मुझे क्या हुआ था, एक बेवफा पे हाय मुझे क्यों, प्यार आया
तेरी बेवफाई पे, हँसे जग सारा, गली गली गुजरे जिधर से

जले मन तेरा... ..', 'Kishore Kumar', 'Anamika', 1973, NULL, NULL, FALSE, '2017-11-11T13:12:20.614000+00:00', '2019-01-08T14:24:56.742000+00:00');
INSERT INTO public.note_tags (id, user_id, note_id, tag_id) VALUES ('37b3163a-6df1-46ac-b21b-2354d585a0d9', '3917b9a9-a856-4f33-a910-6ad73f9fa25b', 'eb8cba06-2884-498b-b1ac-384ba3eb17b0', '22c9085c-724b-4679-aa10-b79b72f9b0be');
INSERT INTO public.note_tags (id, user_id, note_id, tag_id) VALUES ('26f96301-977d-4671-bbda-aa1f88c1c66e', '3917b9a9-a856-4f33-a910-6ad73f9fa25b', 'eb8cba06-2884-498b-b1ac-384ba3eb17b0', 'f22d1b82-b224-4a44-a581-b5c25015af54');
INSERT INTO public.notes (id, user_id, title, content, artist, album, release_year, metadata, "references", isPinned, created_at, updated_at) VALUES ('36d79000-e4c8-413b-b248-863b2c17a2c4', '3917b9a9-a856-4f33-a910-6ad73f9fa25b', 'Zamaana Lage - Metro In Dino', 'Tumhare (G)Shehar Ka Mau(G)sam
Bada Su(Em)haanaa La(Am)ge
Main Ek (G)Shaam Chura (G)Loon
Agar Bu(Cmaj7)ra Naa La(Am)ge

Tumhaare (Cmaj7)Bas Mein Agar (E)Ho To(Am)
Bhool (D)Jaao Hu(G)mein
Tumhe Bhu(Am)lane Mein Shayad
(Bm)Mujhe Za(B)maana La(Em)ge

Zamaa(G)na La(Em)ge Zamaa(C)na La(Am)ge
Tumhe (C)Bhulane Mein(D)
Mujhe Zamaa(G)na La(B)ge

Zamaa(G)na La(Em)ge Zamaa(C)na La(Am)ge
Tumhe (C)Bhulane Mein(D)
Mujhe Zamaa(Am)na La(B)ge

G, Am7, Em, B
G, Am7, Em, Em

Maana (G)Meri Hi kha(G)ta Hai Is Da(Em)faa
Kal (G)Humpe Jo Fi(G)daa Tha Ab Kha(Em)faa
Yun Hi Naa (G)Berukhi
Rag Yun(Em)hi Naa Dukhi
Dard (Am7)Seene Mein Uth Raha Hai
Baar (CMaj7)Haan

(B)Tu Is Ta(E)rah Se Mere (C)Saath
Bewa(D)fai (G)Kar
Tu Is Ta(E)rah Se Mere (C)Saath
Bewa(D)fai (G)Kar
Tere (Am)Baad Mujhe Koi
Bewa(B)faa Naa (Em)Lage

Zamaa(G)na La(Em)ge Zamaa(C)na La(Am)ge
Tumhe (C)Bhulane Mein(D)
Mujhe Zamaa(Am)na La(B)ge

Zamaa(G)na La(Em)ge Zamaa(C)na La(Am)ge
Tumhe (C)Bhulane Mein(D)
Mujhe Zamaa(Am)na La(B)ge…(Em)', 'Unavailable', 'Metro... In Dino', 2025, 'Capo - 2nd Fret
Strum - D DU UDU or D DD DDDU or D D UUD D DU', 'https://chordsfactory.com/zamaana-lage-guitar-chords/
https://www.youtube.com/watch?v=zdOhGhDcSUQ', FALSE, '2025-07-20T07:03:58.678000+00:00', '2025-07-20T07:04:34.992000+00:00');
INSERT INTO public.note_tags (id, user_id, note_id, tag_id) VALUES ('a524e193-2bdf-4846-b78d-255644725da7', '3917b9a9-a856-4f33-a910-6ad73f9fa25b', '36d79000-e4c8-413b-b248-863b2c17a2c4', '94f83bf8-1cd6-44f7-9e77-dc2d9928b555');
INSERT INTO public.note_tags (id, user_id, note_id, tag_id) VALUES ('79bfc2e7-4386-41cc-b6be-8737072033a5', '3917b9a9-a856-4f33-a910-6ad73f9fa25b', '36d79000-e4c8-413b-b248-863b2c17a2c4', '26bec2c9-84b7-4e97-8246-28dd469f49cd');
INSERT INTO public.notes (id, user_id, title, content, artist, album, release_year, metadata, "references", isPinned, created_at, updated_at) VALUES ('db271318-f68c-463e-b042-0ff9c6c0b819', '3917b9a9-a856-4f33-a910-6ad73f9fa25b', 'Aaoge Jab Tum Ho Sajna', 'Aaoge (D)Jab Tum (A)Saajna
Aaoge (D)Jab Tum (A)Saajna
(Em) Angana Phool Khi(D)lege
Barsega (Em)Saawan, Barsega (A)Saawan
Jhoom (G)Jhoom Ke (A)
Do (Em)Dil Aise Mi(D)lenge
Aaoge (D)Jab Tum (A)Saajna
(Em) Angana Phool Khi(D)lege

(D) Naina Tere Kaj(Em)rare
(Em)Naino Pe Hum Dil (D)Hare Hai
(D)Anjane Hi Tere (Em)Naino Ne
(Em)Wade Kiye Kaie (D)Saare Hai
Sanso He (G)Leher Madam Cha(G)le
To Tu Ka(A)he Barsega (Em)Saawan
Barsega (A)Saawan 
Jhoom (G)Jhoom Ke (A)
Do (Em)Dil Aise Mi(D)lenge

Aaoge (D)Jab Tum (A)Saajna
(Em) Angana Phool Khi(D)lege

(D) Chanda Ko Taku (Em)Raato Mein
(Em)Hai Zindagi Tere (D)Haton Mein
(D)Palko Pe Jil Mil (Em)Tare Hai
(Em)Aana Bahri Bar(D)sato Mein
Sap(A)no Ka Ja(D)han
Hoga (A)Khila Khi(D)la
Barsega (Em)Saawan, Barsega (A)Saawan
Jhoom (G)Jhoom Ke (A)
Do (Em)Dil Aise Mi(D)lenge', 'Ustad Rashid Khan', 'Jab We Met', 2007, 'Capo at 4
D DU UDU
Chords used : D, A, G, Em', 'https://www.youtube.com/watch?v=un2VehsMrdA', FALSE, '2019-01-30T14:52:56.862000+00:00', '2019-01-30T16:05:01.711000+00:00');
INSERT INTO public.note_tags (id, user_id, note_id, tag_id) VALUES ('dd0dd926-8fef-47a4-b96f-27d9297aca5c', '3917b9a9-a856-4f33-a910-6ad73f9fa25b', 'db271318-f68c-463e-b042-0ff9c6c0b819', '94f83bf8-1cd6-44f7-9e77-dc2d9928b555');
INSERT INTO public.note_tags (id, user_id, note_id, tag_id) VALUES ('b5d95cf0-97f8-4a7d-a9a3-4ff15ae89488', '3917b9a9-a856-4f33-a910-6ad73f9fa25b', 'db271318-f68c-463e-b042-0ff9c6c0b819', '26bec2c9-84b7-4e97-8246-28dd469f49cd');
INSERT INTO public.notes (id, user_id, title, content, artist, album, release_year, metadata, "references", isPinned, created_at, updated_at) VALUES ('b27e7721-c4d1-400d-8901-c6202a695167', '3917b9a9-a856-4f33-a910-6ad73f9fa25b', 'Dil Mein Ho Tum', 'INTRO (Without Capo)
```e | - - -7-6-4 - - - -9-7-6 - - - - - - - - - - - - - - - - - - - - - - - - - - - - - 
B | -4 - - - - - - -7 - - - - - - - - - - -9-7-5 - - - - - - - - - - - - -8-9-11 -
G | - - - - - - - - - - - - - - - - - - -4 - - - - - - - 4-6-6/8- - - 8- - - - - - - 
```

INTRO (With Capo)
```e | - - -3-2-0 - - - -5-3-2 - - - - - - - - - - - - - - - - - - - - - - - - - - - - - 
B | -0 - - - - - - -3 - - - - - - - - - - -5-3-1 - - - - - - - - - - - - -4-5-7 -
G | - - - - - - - - - - - - - - - - - - -0 - - - - - - - 0-2-2/4- - - 4- - - - - - - 
```

========FINGERSTYLE===============
(Em)Chal diya  (C)Dil tere peeche peeche
(D)Dekhta (Bm)main rah gaya
(Em)Kuch toh hai (C)tere mere darmiyan jo 
(D)Ankaha (Bm)sa reh gaya

========D UUD UUD DU===============
Main jo ka(G)bhi keh na sa(Bm)ka
Aaj (C)kehta hoon pehli da(D)fa

(Em) Dil mein ho tum
=======D U Chuck D UUD DU===========
(D)Aankhon mein tum
(C)Pehli na(D)zar se hi (Em)yaara

(Em) Dil mein ho tum
(D)Aankhon mein tum
(C)Pehli na(D)zar se hi (Em)yaara
(Em)Yeh ishq ki (D)hain saazishein
(C)Lo aa mi(D)le hum do(Em)bara

(Em) Dil mein ho tum
(D)Aankhon mein tum
(C)Pehli na(D)zar se hi (Em)yaara
(C)Pehli na(D)zar se hi (Em)yaara

(B)Sarphira sa main mu(Cmaj7)safir
(C)Paaon kahin thehre na (D)mere
(B)Phir meri awaar(B)gi ko
(C)Aane lage khaab (C)tere.             ...........x2

Yeh pyaar (D)bhi kya qaid (C)hai
Koi (Am)hona na chaahe ri(D)ha

(Em) Dil mein ho tum
(D)Aankhon mein tum
(C)Pehli na(D)zar se hi (Em)yaara
(Em)Yeh ishq ki (D)hain saazishein
(C)Lo aa mi(D)le hum do(Em)bara

(Em) Dil mein ho tum
(D)Aankhon mein tum
(C)Pehli na(D)zar se hi (Em)yaara
(C)Pehli na(D)zar se hi (Em)yaara

(B)Tere bin ye saare m(Cmaj7)ausam
(C)Berang thhe bema(D)za thhe
(B)Shaamil nahi thi tu (B)jinme
(C)Wo saare pal bewa(C)jah thhe                ...........x2

Woh zinda(D)gi hai hi na(C)hi
Jo main (Am)tere bina jee li(D)ya

(Em) Dil mein ho tum
(D)Aankhon mein tum
(C)Pehli na(D)zar se hi (Em)yaara
(Em)Yeh ishq ki (D)hain saazishein
(C)Lo aa mi(D)le hum do(Em)bara

(Em) Dil mein ho tum
(D)Aankhon mein tum
(C)Pehli na(D)zar se hi (Em)yaara
(C)Pehli na(D)zar se hi (Em)yaara', 'Armaan Malik', 'Why Cheat India', 2019, 'Capo at 4
D U Chuck D   UUD DU', 'https://www.youtube.com/watch?v=ezHyaI82V7w', FALSE, '2019-04-05T12:17:00.388000+00:00', '2020-11-07T02:43:43.770000+00:00');
INSERT INTO public.note_tags (id, user_id, note_id, tag_id) VALUES ('6f18dbd7-bf9d-45c2-b46e-2fc91b4fe835', '3917b9a9-a856-4f33-a910-6ad73f9fa25b', 'b27e7721-c4d1-400d-8901-c6202a695167', '39d6ed04-fc5c-427e-9060-9041887f4d0e');
INSERT INTO public.note_tags (id, user_id, note_id, tag_id) VALUES ('fb5d70ad-5d91-4afb-9d6f-966e48a26955', '3917b9a9-a856-4f33-a910-6ad73f9fa25b', 'b27e7721-c4d1-400d-8901-c6202a695167', '94f83bf8-1cd6-44f7-9e77-dc2d9928b555');
INSERT INTO public.note_tags (id, user_id, note_id, tag_id) VALUES ('05f0f813-ec2f-4092-924b-b1321cdbf5a5', '3917b9a9-a856-4f33-a910-6ad73f9fa25b', 'b27e7721-c4d1-400d-8901-c6202a695167', '26bec2c9-84b7-4e97-8246-28dd469f49cd');
INSERT INTO public.note_tags (id, user_id, note_id, tag_id) VALUES ('12c83c1b-e498-4b58-8739-04fc33fb95ce', '3917b9a9-a856-4f33-a910-6ad73f9fa25b', 'b27e7721-c4d1-400d-8901-c6202a695167', '8d4fc519-7375-432c-8b6a-6cf000e9f287');
INSERT INTO public.notes (id, user_id, title, content, artist, album, release_year, metadata, "references", isPinned, created_at, updated_at) VALUES ('aee85d12-74f3-493a-aa81-0895fe55b654', '3917b9a9-a856-4f33-a910-6ad73f9fa25b', 'O Hansini', 'Em...Em....

Oh (Em)Hansini Meri (E)Hansini, 
Kahan Ud (A)Chali
Mere Ar(D)maanon pe 
Pankh La(E)gaake 
Kahan Ud (Em)Chali 

Oh (Em)Hansini Meri (E)Hansini,
Kahan Ud (A)Chali
Mere Ar(D)maanon pe
Pankh La(E)gaake
Kahan Ud (Em)Chali..(C)

Oh (Em)Hansini Meri (E)Hansini

(G)Aaja Meri Saanson Mein Mahek Raha Re Tera (D)Gajra
(G)Aaja Meri Raaton Mein (D)Lahek Raha Re Tera (Em)Kajra

Ho, (G)Aaja Meri Saanson Mein Mahek Raha Re Tera (D)Gajra
Ho, (G)Aaja Meri Raaton Mein (D)Lahek Raha Re Tera (Em)Kajra..(C)

Oh (Em)Hansini Meri (E)Hansini,
Kahan Ud (A)Chali
Mere Ar(D)maanon pe
Pankh La(E)gaake
Kahan Ud (Em)Chali..(C)

(G)Der Se Laheron Mein Kamal Sambhaale Hue (D)Mann Ka
(G)Jeevan Taal Mein (D)Bhatak Raha Re Tera (Em)Hansa
Ho, (G)Der Se Laheron Mein Kamal Sambhaale Hue (D)Mann Ka
Ho, (G)Jeevan Taal Mein (D)Bhatak Raha Re Tera (Em)Hansa..(C)

Oh (Em)Hansini Meri (E)Hansini,
Kahan Ud (A)Chali
Mere Ar(D)maanon pe
Pankh La(E)gaake
Kahan Ud (Em)Chali..(C)', 'Kishore Kumar', 'Zehreela Insaan', 1974, 'Capo on 1
D DU UDU
Chords used : Em, E, A, D, G', 'https://www.youtube.com/watch?v=kKhGsUgU3RI', FALSE, '2018-11-03T12:38:39.177000+00:00', '2018-11-03T13:35:17.747000+00:00');
INSERT INTO public.note_tags (id, user_id, note_id, tag_id) VALUES ('7903411c-d73d-4e2d-8cf4-53b9913d471e', '3917b9a9-a856-4f33-a910-6ad73f9fa25b', 'aee85d12-74f3-493a-aa81-0895fe55b654', '26bec2c9-84b7-4e97-8246-28dd469f49cd');
INSERT INTO public.note_tags (id, user_id, note_id, tag_id) VALUES ('dff3d2d6-1d84-4564-a203-d858b2f6cf07', '3917b9a9-a856-4f33-a910-6ad73f9fa25b', 'aee85d12-74f3-493a-aa81-0895fe55b654', 'f22d1b82-b224-4a44-a581-b5c25015af54');
INSERT INTO public.notes (id, user_id, title, content, artist, album, release_year, metadata, "references", isPinned, created_at, updated_at) VALUES ('ccee2d50-e8f7-44ea-8920-3194c3672093', '3917b9a9-a856-4f33-a910-6ad73f9fa25b', 'Photo - Luka Chuppi', 'Main dekhun teri photo
Sau sau baar kude
Main dekhun teri photo
Sau sau baar kude

Ke uthde tufaan seene vich
Sau sau baar kude
Main dekhun teri photo
Sau sau baar kude

Tu sapne mein aa hi jaati hai
Tu neend udaa hi jaati hai
Tu sapne mein aa hi jaati hai
Tu neend udaa hi jaati hai
Tu mil ek vaar kude

Main dekhun teri photo
Sau sau baar kude
Ke uthde tufaan seene vich
Sau sau baar kude
Main dekhun teri photo

Deewana toone kar diya
Aise tere bin ab reh na sakoon
Dil ki baat tujhe aakar main
Keh na sakoon

Deewana toone kar diya
Aise tere bin ab reh na sakoon
Dil ki baat tujhe aakar main
Keh na sakoon

Meri good morning tu hai
Meri good night bhi tu
Yeh duniya wrong lage
Meri liye right bhi tu

Tu ban meri raani kude
Deewana nirmaan kude
Tu kar ehsaan kude

Main dekhun teri photo
Sau sau baar kude
Ke uthde tufaan seene vich
Sau sau baar kude
Main dekhun teri photo.', 'Karan Sehmbi', 'Luka Chuppi', 2019, 'Capo at 4
D U Chuck D D Chuck
Chords used : Am, F, G, Em', 'https://www.youtube.com/watch?v=aeFWPMfTxEg', FALSE, '2019-05-06T04:46:14.022000+00:00', '2019-05-06T04:51:49.380000+00:00');
INSERT INTO public.note_tags (id, user_id, note_id, tag_id) VALUES ('f311d2b6-678e-4242-9a9e-bba69b3b0311', '3917b9a9-a856-4f33-a910-6ad73f9fa25b', 'ccee2d50-e8f7-44ea-8920-3194c3672093', '94f83bf8-1cd6-44f7-9e77-dc2d9928b555');
INSERT INTO public.note_tags (id, user_id, note_id, tag_id) VALUES ('4a7eefec-5ff5-421d-b26d-ad8ce95b5d1a', '3917b9a9-a856-4f33-a910-6ad73f9fa25b', 'ccee2d50-e8f7-44ea-8920-3194c3672093', '26bec2c9-84b7-4e97-8246-28dd469f49cd');
INSERT INTO public.notes (id, user_id, title, content, artist, album, release_year, metadata, "references", isPinned, created_at, updated_at) VALUES ('bb196313-bf5b-4293-958e-d61cae3204ca', '3917b9a9-a856-4f33-a910-6ad73f9fa25b', 'Te Amo', 'INTRO
```E |----14----12-------14------9-
B |-12-12----12-----12-12------12----
```

```E |----14----12-------14------9-
B |-12-12----12-----12-12------12----
```

SONG

```E |-14-12-12-11-9---------9--
B |---------12-11-12-----
```
Kisi ko sapna lagey tu

```E |-14-12-12-11-9----------
B |---------12-11-12-11-9--
```
Kisi ko behti hawaa

```E |-16-16-16-14-16-14-9-11-12-11-12-14-11-9--
```
Kisi ko bas baaton mein, Kare pal mein yahaan wahaan

```E |-14-12-12-11-9---------9--
B |---------12-11-12-----
```
Kisi ke sau jhoot sun le

```E |-14-12-12-11-9----------
B |---------12-11-12-11-9--
```
Kisi ka sacch bhi gunaah

```E |-16-16-16-14-16-14-9-11-12-11-12-14-11-9--
```
Kisi ki bas yaadon mein, Kare hulchul saara jahaan

```E |-9-11-11--9-9-11-11-
```
Te amo me te amo

```E |-9---------------
B |--12-11-12-12--11-11-12-12-
```
Tu chhaanv hai, tu dhoop hai

```E |-9-11-11--9-9-11-11-
```
Te amo me te amo

```E |-9--------9-------
B |--12-11-12-12-----11-12-12-
```
Tere hazaron roop hai

```E |-9-11-12-12-11-9-
```
Koi samjha nahin

```E |-12-12-11-9--------
B |-------9-11-9-11--
```
Jo bhi hai bas khoob hai

```E |-14-14-14-14-12-11-9-
```
Falling so crazy in love

```E |-9-11-11--9-9-11-11-
```
Te amo me te amo

```E |-9---------------
B |--12-11-12-12--11-11-12-12-
```
Tu chhaanv hai, tu dhoop hai

```E |-9-11-11--9-9-11-11-
```
Te amo me te amo

```E |-9--------9-------
B |--12-11-12-12-----11-12-12-
```
Tere hazaron roop hai
.
.

```E |-11-11-11-14-11-11-11-14-16-18-
```
Kabhi lagey raaton mein main

```E |-18-18-16-19-18-14-9-
```
Khwaabon se baatien karoon

```E |-9-9-11-9--9-9-11-9-14-16-12-14-16-12-14-
```
Subah unhi khwaabon ko main kaabu karoon

```E |-11-11-11-14-11-11-11-14-16-18-
```
Kabhi lagey taaron se bhi

```E |-18-18-16-19-18-14-9-
```
Unchi udaane bharoon

```E |-9-9-11-9--9-9-11-9-14-16-12-14-16-12-14-
```
Kabhi lagey baadalon se jaibein bharoon.

```E |-9-11-11--9-9-11-11-
```
Te amo me te amo

```E |-9--------9-------
B |--12-11-12-12-----11-12-12-
```
Tere hazaron roop hai', 'Ash King, Sunidhi Chauhan', 'Dum Maaro Dum', 2011, NULL, 'http://msworldsite.com/te-amo-guitar-tabs-lead-dum-maro-dum-ash-king-sunidhi-chauhan/', FALSE, '2018-06-28T03:21:56.364000+00:00', '2018-09-30T13:25:38.383000+00:00');
INSERT INTO public.note_tags (id, user_id, note_id, tag_id) VALUES ('9f751d1e-c9b2-4ccc-96c4-8b39dd41e7ad', '3917b9a9-a856-4f33-a910-6ad73f9fa25b', 'bb196313-bf5b-4293-958e-d61cae3204ca', '39d6ed04-fc5c-427e-9060-9041887f4d0e');
INSERT INTO public.note_tags (id, user_id, note_id, tag_id) VALUES ('4062c398-50d8-46fe-9daa-cc3f19c5dd93', '3917b9a9-a856-4f33-a910-6ad73f9fa25b', 'bb196313-bf5b-4293-958e-d61cae3204ca', '94f83bf8-1cd6-44f7-9e77-dc2d9928b555');
INSERT INTO public.note_tags (id, user_id, note_id, tag_id) VALUES ('bf4a08bb-45bc-4817-af47-0d121c69f9dd', '3917b9a9-a856-4f33-a910-6ad73f9fa25b', 'bb196313-bf5b-4293-958e-d61cae3204ca', '22c9085c-724b-4679-aa10-b79b72f9b0be');
INSERT INTO public.notes (id, user_id, title, content, artist, album, release_year, metadata, "references", isPinned, created_at, updated_at) VALUES ('7de6fff8-860c-4fa3-8a6b-a541a4761c73', '3917b9a9-a856-4f33-a910-6ad73f9fa25b', 'Wada Karo', '```e|---------------
B|----3--1---------
G|--0-3--3--2-3-0-2---2-
D|-0-----------3-3--
```
Waada Karo Nahin Chhodogi Tum Mera Saath

```e|-----------
B|-----------
G|----3----2-0-
D|-3-1-1--1-0-0---
```
Jahan Tum Ho, Vahan Main Bhi Hoon

```e|---------------
B|----3--1---------
G|--0-3--3--2-3-0-2---2-
D|-0-----------3-3--
```
Chhuo Nahin Dekho Zara Peechhe Rakho Haath

```e|-----------
B|-----------
G|----3-----2-0-
D|-3-1-1--1-0-0---
```
Jawaan Tum Ho, Jawaan Main Bhi Hoon

```e|-------
B|-------
G|-0-0-0--0-
D|-----3--
```
Suno Meri Jaan, 

```e|-----------
B|-----------
G|-0-0-0-2-2-2-0-2-
```
Hanske Mujhe Yeh Keh Do

```e|---------------
B|----------1-1-3-1-1-1-
G|-2-2-3-3-3-2-3--------
```
Bheege Labon Ki Narmi Mere Liye Hai

```e|---------------
B|-4-3-1-1-1-1--1-1-1-----
G|--------3-----3-3-3-2-3-
```
Ho, Jawaan Nazar Ki Masti Mere Liye Hai

```e|------------------
B|------------------
G|-3-3-2-2-2-0-2--2-2h3-2-0-0-
```
Haseen Ada Ki Shokhi Mere Liye Hai

```e|---------------
B|----3--1---------
G|--0-3--3--2-3-0-2----2-
D|-0------------3-3--
```
Mere Liye Leke Aayi Ho Yeh Saugaat

```e|-----------
B|-----------
G|----3----2-0-
D|-3-1-1--1-0-0---
```
Jahan Tum Ho, Vahan Main Bhi Hoon', 'Kishore Kumar, Lata Mangeshkar', 'Aa Gale Lag Jaa', 1973, NULL, 'http://tabandchord.com/2013/12/wada-karo-tabs-kishore-kumar/', FALSE, '2018-08-27T01:56:32.038000+00:00', '2018-10-01T17:01:50.561000+00:00');
INSERT INTO public.note_tags (id, user_id, note_id, tag_id) VALUES ('6a0e1bb2-69e7-4ad4-a5a0-a502dc21081c', '3917b9a9-a856-4f33-a910-6ad73f9fa25b', '7de6fff8-860c-4fa3-8a6b-a541a4761c73', '22c9085c-724b-4679-aa10-b79b72f9b0be');
INSERT INTO public.note_tags (id, user_id, note_id, tag_id) VALUES ('914d4921-01ec-45a9-95fe-efdd2e02ad31', '3917b9a9-a856-4f33-a910-6ad73f9fa25b', '7de6fff8-860c-4fa3-8a6b-a541a4761c73', 'f22d1b82-b224-4a44-a581-b5c25015af54');
INSERT INTO public.notes (id, user_id, title, content, artist, album, release_year, metadata, "references", isPinned, created_at, updated_at) VALUES ('61134718-af30-42d7-9c22-1cd8778e6c91', '3917b9a9-a856-4f33-a910-6ad73f9fa25b', 'Pee Loon', '```e | - 11-8----- - -8-9-8--- - - - - - - - - -9-8-8-
B | - - - - - -- 11----- - - 11-9--9-9-9---- - - - - 
```
Pee Loon Tere Neelay Neelay Nainon Se Shabnam

Pee Loon Tere Geelay Geelay Hoto Ki Sargam

```e | - - -8- - - - - - - - - - - - - -8- - - - - - - - - - ----
B | -11- - 11-9-9----9-9-9-9----11-11- - - -8 - - - - 
G | - - ---- - - - - - - - - - - - - - - - - - - - --- - - ----10-8- 
```
Pee Loon Hai Peenay Ka Mausam

```e | - - -8- - - - - - - - - - - - - - - - 
B | -11 - -11-9- -9-9-9- -9-9-9-9-
```
Tere Sang Ishq Taari Hai

Tere Sang Ik Khumari Hai

```e | - - -8- - - - - - - - - - - - -9-8-- --  
B | -11 - -11-9- -9-9-9-9- - - - - -11- 
```
Tere Sang Chain Bhi Mujhko

```e | - - -8-9-8 - - - - - - - - - - - - - - -  
B | -11 - - - - - -11-9-9- - -9-9-9-9--  
```
Tere Sang Bekraari Hai

```e | -11-8-11 - -8-11-11-8 - - - - - 
B | - - - - - - - - - - - - - - -11-9-  
G | - - - - - - - - - - - - - - - - - - - 
```
Tere Bin Jee Nahi Lagda,

Tere Bin Jee Nahi Sakda

```e | - - - - - - - - 11/13-13- - 11-8 -13-11- - 8- - -8 - - - - 
B | -9-9-9- - - - - - - - - - - - - - - - - - - - - - - - - - 11 - - 11-9-
```
Tujhpe Hai Haare Maine Vaare Do Jahan,

```e | - - - - - - - - - - - - - - - - - - - 
B | -11-9-9 - - 8 - - - - -11-9-9 -  
G | - - - - - - - - - 10 - - - - - - - - 
```
Kurbaan, Meharbaan, 

```e | - - - - - - - - - - - - - - - - 
B | -11-9-11- -9-9 - - 8 - - - 
G | - - - - - - - - - - - - -  - -10 -  
```
Ke main to Kurbaan', 'Mohit Chauhan', 'Once Upon a Time in Mumbaai', 2010, 'TBD : Intro here : https://www.youtube.com/watch?v=p9_Jez7g7Xo', 'https://www.youtube.com/watch?v=jibx6IR87XI', FALSE, '2018-09-15T04:09:11.802000+00:00', '2019-06-08T11:54:02.533000+00:00');
INSERT INTO public.note_tags (id, user_id, note_id, tag_id) VALUES ('62985782-7ba8-4055-abdc-ded5646b02d4', '3917b9a9-a856-4f33-a910-6ad73f9fa25b', '61134718-af30-42d7-9c22-1cd8778e6c91', 'ca29fa62-24fc-4ecb-808c-f795c7122529');
INSERT INTO public.note_tags (id, user_id, note_id, tag_id) VALUES ('d32acd4b-a0aa-4eba-84c7-6188322cbf3d', '3917b9a9-a856-4f33-a910-6ad73f9fa25b', '61134718-af30-42d7-9c22-1cd8778e6c91', '39d6ed04-fc5c-427e-9060-9041887f4d0e');
INSERT INTO public.note_tags (id, user_id, note_id, tag_id) VALUES ('298d5b05-f75f-469c-a853-b16571b47032', '3917b9a9-a856-4f33-a910-6ad73f9fa25b', '61134718-af30-42d7-9c22-1cd8778e6c91', '94f83bf8-1cd6-44f7-9e77-dc2d9928b555');
INSERT INTO public.note_tags (id, user_id, note_id, tag_id) VALUES ('caee9365-44b1-425b-bdcc-bf537f506612', '3917b9a9-a856-4f33-a910-6ad73f9fa25b', '61134718-af30-42d7-9c22-1cd8778e6c91', '22c9085c-724b-4679-aa10-b79b72f9b0be');
INSERT INTO public.notes (id, user_id, title, content, artist, album, release_year, metadata, "references", isPinned, created_at, updated_at) VALUES ('164b86d7-1c59-4c61-b221-b0ac24b23c39', '3917b9a9-a856-4f33-a910-6ad73f9fa25b', 'Humko Sirf Tumse Pyaar Hai', '', 'Kumar Sanu, Alka Yagnik', 'Barsaat', 1995, NULL, 'https://www.youtube.com/watch?v=pZUpNzkJ8Aw', FALSE, '2020-05-10T03:23:45.709000+00:00', '2020-05-10T03:23:59.852000+00:00');
INSERT INTO public.note_tags (id, user_id, note_id, tag_id) VALUES ('47476ec8-53a8-49ff-9f0a-52c7adfe94a6', '3917b9a9-a856-4f33-a910-6ad73f9fa25b', '164b86d7-1c59-4c61-b221-b0ac24b23c39', 'ca29fa62-24fc-4ecb-808c-f795c7122529');
INSERT INTO public.note_tags (id, user_id, note_id, tag_id) VALUES ('659924e0-4fd3-4ec7-a85e-e158c4b55e28', '3917b9a9-a856-4f33-a910-6ad73f9fa25b', '164b86d7-1c59-4c61-b221-b0ac24b23c39', '22c9085c-724b-4679-aa10-b79b72f9b0be');
INSERT INTO public.note_tags (id, user_id, note_id, tag_id) VALUES ('80832c32-20d0-4c47-8791-36c217c05378', '3917b9a9-a856-4f33-a910-6ad73f9fa25b', '164b86d7-1c59-4c61-b221-b0ac24b23c39', 'f22d1b82-b224-4a44-a581-b5c25015af54');
INSERT INTO public.notes (id, user_id, title, content, artist, album, release_year, metadata, "references", isPinned, created_at, updated_at) VALUES ('a663713d-9dbb-4c3c-b56c-cbabe794b179', '3917b9a9-a856-4f33-a910-6ad73f9fa25b', 'Chal Ghar Chalein', 'INTRO (with Capo)
```e | - - - 3-5-2- - 2-0-3-2- - - 3-2- - - - - - - - - 2 - - - - - - - -
B | - - - - - - - - - - - - - - - - - - - - - -3-3/5 - - 3- - -3-5-5-0 -
G | -4- - - - - - - - - - - - - - - - - - - - - - - - - - - - - - - - - - - - -
```

```e | - - - 3-5-2- - 8-7-5-3-2- - - 3-2- - - - - - - - - 2 - - - - - - - -
B | - - - - - - - - - - - - - - - - - - - - - - - 3-3/5 - - 3- - -3-5-5-0 -
G | -4- - - - - - - - - - - - - - - - - - - - - - - - - - - - - - - - - - - - -
```

Pal pal [Em]mera Tere he [D]sang Bitaana [C]hai [D]
Apni [Em]wafaaon se [D]Tujhe sajaana [Bm]hai [D]
Dil [C]chaahta hai Tujhe [D]kitna Bataana [Bm]hai [Bm]
Haan tere [D]saath he [C]Mera thikaana [Em]hai

Abb thak [D]chuke hai yeh [Bm]Kadam 
Chal ghar [C]chalen Mere [Em]humdum 
Hongey [D]juda na Jab tak hai [Bm]dam 
Chal ghar [C]chalen Mere [Em]humdum

Ta umar [D]pyar na Hoga [Bm]Kam 
Chal ghar [C]chalen Mere [Em]humdum 
Mere [D]raho tum Aur tere [Bm]hum 
Chal ghar [C]chalen Mere [Em]humdum

Music: [D] [Bm] [C] [Em]

[Am]Khushbuon se [D]teri [C]Mehke har ek [Em]kamra 
[Am]Daro diwaar [D]nahi [C]Kaafi hai teri [Em]panah 
Sang [E]tere pyaar [Am]ka [D]Jahan basaana [C]hai

Jisme [D]rahe tum aur [Bm]hum 
Chal ghar [C]chalen Mere [Em]Humdum 
Mere [D]raho tum aur tere [Bm]Hum 
Chal ghar [C]chalen Mere [Em]humdum', 'Arijit Singh', 'Malang', 2020, 'Capo on 1
D Chuck U  U Chuck U
Fingerstyle - 4 3 2 1 2 3 4
Chords used : Em, D, C, Am, Bm, E', 'https://www.youtube.com/watch?v=SkX3saTNEUk&feature=emb_title', FALSE, '2020-01-26T11:20:39.487000+00:00', '2020-01-26T11:44:25.918000+00:00');
INSERT INTO public.note_tags (id, user_id, note_id, tag_id) VALUES ('5d88a056-acc7-4b69-920a-813e1b490fc9', '3917b9a9-a856-4f33-a910-6ad73f9fa25b', 'a663713d-9dbb-4c3c-b56c-cbabe794b179', '39d6ed04-fc5c-427e-9060-9041887f4d0e');
INSERT INTO public.note_tags (id, user_id, note_id, tag_id) VALUES ('e73c591f-6d1f-4568-8b24-f8730d9611e6', '3917b9a9-a856-4f33-a910-6ad73f9fa25b', 'a663713d-9dbb-4c3c-b56c-cbabe794b179', '94f83bf8-1cd6-44f7-9e77-dc2d9928b555');
INSERT INTO public.note_tags (id, user_id, note_id, tag_id) VALUES ('89b3f833-3c23-42f7-b44c-bab064022f0c', '3917b9a9-a856-4f33-a910-6ad73f9fa25b', 'a663713d-9dbb-4c3c-b56c-cbabe794b179', '26bec2c9-84b7-4e97-8246-28dd469f49cd');
INSERT INTO public.notes (id, user_id, title, content, artist, album, release_year, metadata, "references", isPinned, created_at, updated_at) VALUES ('a9c29e60-2dbb-40fc-a0ef-6c0164f3d248', '3917b9a9-a856-4f33-a910-6ad73f9fa25b', 'Madari - Coke Studio', 'INTRO
e --3-3-5-5/6-3-5------3-3-5-5/6-3-5--|
e --6-6-8-8-8-5-6------8/10-10-10-8-8-6-5--|', 'Vishal Dadlani, Clinton Cerejo', 'Coke Studio @ MTV Season 2', 2012, 'Capo at 3
D D UUD DUDU    OR    D D UUD D(DU)', 'https://tabs.ultimate-guitar.com/tab/clinton_cerejo/madari_chords_1242129
https://www.youtube.com/watch?v=Eh8pvnGBRx0', FALSE, '2019-03-04T13:09:15.535000+00:00', '2019-03-11T15:09:53.604000+00:00');
INSERT INTO public.note_tags (id, user_id, note_id, tag_id) VALUES ('efa5bfde-e367-432d-9346-0715ad8dba6e', '3917b9a9-a856-4f33-a910-6ad73f9fa25b', 'a9c29e60-2dbb-40fc-a0ef-6c0164f3d248', 'ca29fa62-24fc-4ecb-808c-f795c7122529');
INSERT INTO public.note_tags (id, user_id, note_id, tag_id) VALUES ('613b9ae7-e427-4d2a-b527-634c9cc29127', '3917b9a9-a856-4f33-a910-6ad73f9fa25b', 'a9c29e60-2dbb-40fc-a0ef-6c0164f3d248', '39d6ed04-fc5c-427e-9060-9041887f4d0e');
INSERT INTO public.note_tags (id, user_id, note_id, tag_id) VALUES ('ec34f608-bb49-4f3a-a343-2f0cc152f88a', '3917b9a9-a856-4f33-a910-6ad73f9fa25b', 'a9c29e60-2dbb-40fc-a0ef-6c0164f3d248', '94f83bf8-1cd6-44f7-9e77-dc2d9928b555');
INSERT INTO public.note_tags (id, user_id, note_id, tag_id) VALUES ('5857f134-2eb7-470a-94f0-c27c184e9e84', '3917b9a9-a856-4f33-a910-6ad73f9fa25b', 'a9c29e60-2dbb-40fc-a0ef-6c0164f3d248', '26bec2c9-84b7-4e97-8246-28dd469f49cd');
INSERT INTO public.notes (id, user_id, title, content, artist, album, release_year, metadata, "references", isPinned, created_at, updated_at) VALUES ('e0bccb65-cc67-438c-b01f-1e087601161b', '3917b9a9-a856-4f33-a910-6ad73f9fa25b', 'Lo Safar - Baaghi 2', '(Em) Tumne jo hai maanga toh
Dil ye haazir (C) ho gaya
(Bm) Tumko maana manzil aur
Musafir (C) ho gaya (D)

(Em) Tumne jo hai maanga toh
Dil ye haazir (C) ho gaya
(Bm) Tumko maana manzil aur
Musafir (C) ho gaya (D)

(Em) Lo safar (D) shuru ho gaya
(C) Humsafar (D) tu ho gaya
(Em) Lo safar (D) shuru ho gaya
(C) Mera humsafar (D) tu ho gaya

(Em) (G) (Bm) (D)
(Em) (G) (Bm) (D)

(Em) Dil ki bech(D)aini ko aaya
(C) Ab kahin aa(D)raam hai
(Em) Tu na ho to (D) sochta dil
(C) Tujhko subaho (D) shaam hai
(Am) Iss kadar tu (G) har ik pal mein
(Bm) Mere shaamil (C) ho gaya (D)

(Em) Lo safar (D) shuru ho gaya
(C) Humsafar (D) tu ho gaya
(Em) Lo safar (D) shuru ho gaya
(C) Mera humsafar (D) tu ho gaya

(Em) (G) (Bm) (D)
(Em) (G) (Bm) (D)

(Em) Jab se tumne (D) baah thaami
(C) Raaste (D) aasaan hai
(Em) Khushnuma hai (D) meri subahe
(C) Dil nashin har (D) shaam hai
(Am) Zindagi ke (D) ache pan se
(Bm) Main bhi waaqif (C) ho (D) gaya

(Em) Lo safar (D) shuru ho gaya
(C) Humsafar (D) tu ho gaya
(Em) Lo safar (D) shuru ho gaya
(C) Mera humsafar (D) tu ho gaya', 'Jubin Nautiyal', 'Baaghi 2', 2018, 'Capo - 3rd Fret
Strumming - D D UUD D DU
Chords used : Em, C, D, G, Bm', 'https://www.youtube.com/watch?v=uhdMNfsaoWI', FALSE, '2023-05-12T13:21:25.662000+00:00', '2023-05-12T13:22:27.421000+00:00');
INSERT INTO public.note_tags (id, user_id, note_id, tag_id) VALUES ('2740b14d-fae9-4aab-8379-734bf8a9031f', '3917b9a9-a856-4f33-a910-6ad73f9fa25b', 'e0bccb65-cc67-438c-b01f-1e087601161b', '94f83bf8-1cd6-44f7-9e77-dc2d9928b555');
INSERT INTO public.note_tags (id, user_id, note_id, tag_id) VALUES ('2a3b24a8-5ba1-4aaf-aa99-dcce9e03d00b', '3917b9a9-a856-4f33-a910-6ad73f9fa25b', 'e0bccb65-cc67-438c-b01f-1e087601161b', '26bec2c9-84b7-4e97-8246-28dd469f49cd');
INSERT INTO public.note_tags (id, user_id, note_id, tag_id) VALUES ('a8e8c51c-4fb7-4eca-a6a0-4d0249742ebc', '3917b9a9-a856-4f33-a910-6ad73f9fa25b', 'e0bccb65-cc67-438c-b01f-1e087601161b', '8d4fc519-7375-432c-8b6a-6cf000e9f287');
INSERT INTO public.notes (id, user_id, title, content, artist, album, release_year, metadata, "references", isPinned, created_at, updated_at) VALUES ('cdbfc23d-47d5-4fdd-9334-3bea63f6f15b', '3917b9a9-a856-4f33-a910-6ad73f9fa25b', 'Tau Kia Huwa - Nescafe Basement', '[Intro]
Bm A G A

[Verse 1]
(Bm)Ajnabi (A)Raaste
(G)Laapataa Si (A)Manzilay
(Bm)Sinth Koi (A)Nahii
(G)Dil Bichal(A)te Rahe
(Bm)Jaane Kyaa(A) Baat Thi
(G)Jaane Kyun Thi(A) Khalaa
(Bm)RehGuzar Meh(A) Hi Thaa
(G)Rehnuma Meh(A) Hii Tha

[Chorus]
(Bm)Tha Woh Mere Khareeb (A)Tha Woh Lamhaa Ajeeb
(G)Uske Rangon meh Main (A)Dhal Gayaa
(Bm)Mere Honton peh Pyaas Thi (A)Kuch Talaash Thi
(G)Kya Tha Magar Gum(A)Shudaa
(Bm)Jaane Kaisa woh Kh(A)aab tha
(G)ek saraab tha (A)seene me dil jal gya
Toh Kya Hua

Bm A G A

[Verse 2]
(Bm)Bheed me (A)tanhaaiyaa
(G)Shor meh sann(A)aata saan
(Bm)Zindagi ke (A)khel se
(G)bekhabar bew(A)asta
(Bm)shaame dhal thi (A)gayi
(G)raaz khulte (A)gaye
(Bm)ab subah meh hi (A)tha
(G)har subah nayi(A) tha

[Chorus]
(Bm)Tha Woh Mere Khareeb (A)Tha Woh Lamhaa Ajeeb
(G)Uske Rangon meh Main (A)Dhal Gayaa
(Bm)Mere Honton peh Pyaas Thi (A)Kuch Talaash Thi
(G)Kya Tha Magar Gum(A)Shudaa
(Bm)Jaane Kaisa woh Kh(A)aab tha
(G)ek saraab tha (A)seene me dil jal gya
Toh Kya Hua

Bm A G A', 'Justin Bibis', 'Nescafe Basement Season 4', 2016, 'D D UUD D (DU)
Chords used : Bm, G, A', 'https://tabs.ultimate-guitar.com/tab/asfar-hussain/tau-kia-huwa-chords-2439167', FALSE, '2022-03-17T10:46:18.199000+00:00', '2022-03-17T10:48:19.377000+00:00');
INSERT INTO public.note_tags (id, user_id, note_id, tag_id) VALUES ('eb961db5-a81b-4673-b2c6-9d6a20011ae9', '3917b9a9-a856-4f33-a910-6ad73f9fa25b', 'cdbfc23d-47d5-4fdd-9334-3bea63f6f15b', '94f83bf8-1cd6-44f7-9e77-dc2d9928b555');
INSERT INTO public.note_tags (id, user_id, note_id, tag_id) VALUES ('1c615cf2-c9b3-435f-8c8d-8f7629d29f96', '3917b9a9-a856-4f33-a910-6ad73f9fa25b', 'cdbfc23d-47d5-4fdd-9334-3bea63f6f15b', '26bec2c9-84b7-4e97-8246-28dd469f49cd');
INSERT INTO public.notes (id, user_id, title, content, artist, album, release_year, metadata, "references", isPinned, created_at, updated_at) VALUES ('fe4bb603-1459-4b49-895c-2b980c820690', '3917b9a9-a856-4f33-a910-6ad73f9fa25b', 'Duur - Strings', '(Intro)G....G....

(G)Duuuur Duuuuu(C)u(Am)uuu(G)r
(G)Duuuur Duuuuu(C)u(Am)uuu(G)r
(Am)Duur se koi (D)aaye...(Em)
Kaheen chup(G)ke se woh dil (Am) me
Samaa (D)jaaye
Saaj(C)naaaa(D)aaa 

(G)Duuuur Duuuuu(C)u(Am)uuu(G)r
(G)Duuuur Duuuuu(C)u(Am)uuu(G)r

(G) Dekhein Mujhe Jab Woh Aankhein..(C)
Me Kho (G) Jaaoon
In aankhon ke raste..(C)
Me us ke dil me samaaon..(Am)
Kuch keh naa paaon use main..(C)
Kuch sun naa (D)paaon
(Am)  Us ke bina mera jeevan..(C)
Jaise ko(D)yi soona gaaon

(G)Duuuur    Duuuuu(C)u(Am)uuu(G)r
(G)Duuuur    Duuuuu(C)u(Am)uuu(G)r

(G)  Suraj ki kirno se bantaa hai..(C)
Chehra tum(G)hara
Ik yehi chehra..(C)
Hai mera jeevan sahaara..(Am)
Aakhein teri meri nadiyaan..(C)
Palkein ki(D)nara
(Am)  Laakhon dukhon me akela..(C)
Hai mera (D)yeh dil bechara

(G)Duuuur Duuuuu(C)u(Am)uuu(G)r
(G)Duuuur Duuuuu(C)u(Am)uuu(G)r
(Am)Duur se koi (D)aaye...(Em)
Kaheen chup(G)ke se woh dil (Am) me
Samaa (D)jaaye
Saaj(C)naaaa(D)aaa 

(G)Duuuur Duuuuu(C)u(Am)uuu(G)r
(G)Duuuur Duuuuu(C)u(Am)uuu(G)r
(G)Duuuur Duuuuu(C)u(Am)uuu(G)r
(G)Duuuur Duuuuu(C)u(Am)uuu(G)r', 'Strings', 'Duur', 2000, 'D UUD UUD DU
Chords used : G, C, Am, D, Em', 'https://youtu.be/OPIRw6VS1-I', FALSE, '2018-11-01T14:00:11.935000+00:00', '2018-11-03T12:12:47.542000+00:00');
INSERT INTO public.note_tags (id, user_id, note_id, tag_id) VALUES ('e8dfee1e-ca5f-4402-b423-43b0a96295c8', '3917b9a9-a856-4f33-a910-6ad73f9fa25b', 'fe4bb603-1459-4b49-895c-2b980c820690', '94f83bf8-1cd6-44f7-9e77-dc2d9928b555');
INSERT INTO public.note_tags (id, user_id, note_id, tag_id) VALUES ('6d84e254-aabe-46a3-b728-6566c47fa142', '3917b9a9-a856-4f33-a910-6ad73f9fa25b', 'fe4bb603-1459-4b49-895c-2b980c820690', '26bec2c9-84b7-4e97-8246-28dd469f49cd');
INSERT INTO public.notes (id, user_id, title, content, artist, album, release_year, metadata, "references", isPinned, created_at, updated_at) VALUES ('be7f6da3-e70f-4ec9-a188-c466dae8afa7', '3917b9a9-a856-4f33-a910-6ad73f9fa25b', 'Tum Hi Ho', 'Intro
```e | - - - - - - - - - - - - - - - - - - - - - - - - - - - - - 
B | - - - - - 1 - 1 - - - 2 - - - - - - - - - - - - - - - - 
G | - - - 1 - - - - - - - - - 1 - 3 - 0 - - - - - - - - - - 
D | - 3 - - - - - - - - - - - - - - - - - - - - - - - - - - - 
```

x2

Hum tere bin ab reh nahi sakte
```e | - - - 1 - - - - - - - - - - - - - - - - - - - - - - - - - - - -
B | - 1 - - - 4 - 4 - 2 - 2 - 1 - - - - - - - - 2 - 1 - 1 - 1 - 
G | - - - - - - - - - - - - - - - - - 3 - 1 - 3 - - - - - - - - -
```

Tere bina kya vajood mera
```e | - - - - - - - - - - - - - - - - - - - - - - - - - - - - - 
B | - - - - - - - - - - - - - - - - - - - - - - - - - - - - - 
G | - 3 - - 3 - 1 - 3 - - - 3 - 1 - 0 - - - - - - - - - - 
D | - - - - - - - - - - - - - - - - - - - - -3 - 1 - 3 - - - 
```

Tujhse juda gar ho jaayenge toh
```e | - - - 1 - - - - - - - - - - - - - - - - - - - - - - - - - - - -
B | - 1 - - - 4 - 4 - 2 - 2 - 1 - - - - - - - - 2 - 1 - 1 - 1 - 
G | - - - - - - - - - - - - - - - - - 3 - 1 - 3 - - - - - - - - -
```

Toh khud se hi ho jaayenge judaa
```e | - - - - - - - - - - - - - - - - - - - - - - - - - - - - - 
B | - - - - - - - - - - - - - - - - - - - - - - - - - - - - - 
G | - 3 - - 3 - 1 - 3 - - - 3 - 1 - 0 - - - - - - - - - - 
D | - - - - - - - - - - - - - - - - - - - - -3 - 1 - 3 - - - - 
```

Kyunki tum hi ho
```e | - - - - - - - - - - - - - - - 
B | - - - - - 1 - - - - - - - - -
G | - 1 - 3 - - - - - 1 - 3 - - 
```

Ab tum hi ho
```e | - - - - - - - - - - - - - - - 
B | - - - - - 1 - - - - - - - - -
G | - 1 - 3 - - - - - 1 - 3 - -  
```

Zindagi ab tum hi ho
```e | - - - - - - - - - - - - - - - - - - - - - - - - - - - - - 
B | - - - - - - - - - - - - - - - - - - - - - - - - - - - - - 
G | - 0 - - - 3 - 1 - - - - 0 - - - 0 - - - - - - - - - - - 
D | - - - - - - - - - - - - - - - 3 - - - - - 1 - 3 - - - - - 
```

Chain bhi, mera dard bhi
```e | - - - - - - - - - - - - - - - - - - - - - - - -
B | 1 - - - - - - - - -- - - - - 1 - - - - - - - - 
G | - - - 1 - 3 - - - - 1 - 3 - - - - - 1 - 3 - - 
```

Meri aashiqui
```e | - - - - - - - - - - - - - - - - - - -
B | - - - - - - - - - - - - - - - - - -  
G | - 0 - 0 - 0 - - - - 3 - 1 - - - -
```

Ab tum hi ho
```e | - - - - - - - - - - - - - - - - - 
B | - - - - - - - - - - - - - - - - - 
G | - 0 - - - 0 - - - - - - - - - - - 
D | - - - 3 - - - - - 1 - 3 - - - - - 
```', 'Arijit Singh', 'Aashiqui 2', 2013, 'FINGERSTYLE : https://www.youtube.com/watch?v=nVd1nzX8mJM', NULL, FALSE, '2017-10-12T08:58:59.426000+00:00', '2019-01-23T14:41:07.266000+00:00');
INSERT INTO public.note_tags (id, user_id, note_id, tag_id) VALUES ('34acc9dc-2324-4c4f-b2b8-97711360dd1e', '3917b9a9-a856-4f33-a910-6ad73f9fa25b', 'be7f6da3-e70f-4ec9-a188-c466dae8afa7', '39d6ed04-fc5c-427e-9060-9041887f4d0e');
INSERT INTO public.note_tags (id, user_id, note_id, tag_id) VALUES ('6ae6e346-52f5-4e7b-9eeb-997fa2d1f553', '3917b9a9-a856-4f33-a910-6ad73f9fa25b', 'be7f6da3-e70f-4ec9-a188-c466dae8afa7', '94f83bf8-1cd6-44f7-9e77-dc2d9928b555');
INSERT INTO public.note_tags (id, user_id, note_id, tag_id) VALUES ('304095bc-b5c5-439f-8ac1-da2a3db594a9', '3917b9a9-a856-4f33-a910-6ad73f9fa25b', 'be7f6da3-e70f-4ec9-a188-c466dae8afa7', '375ee2c2-3bd4-473f-afd0-87ef7a38f19a');
INSERT INTO public.note_tags (id, user_id, note_id, tag_id) VALUES ('32c17b72-859b-4f72-a7c8-7f5cc26ea474', '3917b9a9-a856-4f33-a910-6ad73f9fa25b', 'be7f6da3-e70f-4ec9-a188-c466dae8afa7', '22c9085c-724b-4679-aa10-b79b72f9b0be');
INSERT INTO public.notes (id, user_id, title, content, artist, album, release_year, metadata, "references", isPinned, created_at, updated_at) VALUES ('c8cc2bce-66ac-4163-8d76-9c4d2f3c1593', '3917b9a9-a856-4f33-a910-6ad73f9fa25b', 'Give Me Some Sunshine', '(C) Sari umra (G) hum, mar (C) mar ke jee li(G)ye
Ek (C) pal to ab hu(G)me jee(F)ne do, jeene (G) do
(C) Sari umra (G) hum, mar (C) mar ke jee li(G)ye
Ek (C) pal to ab hu(G)me jee(F)ne do, jeene (G) do

(C) Na na (G) na na na na (C) na na (G) na na
(C) Na na (G) na na na na (F) na na (G) na na

(C) Give me some (G) sunshine
(C) Give me some (G) rain
(C) Give me (G) another chance
I wanna (F) grow up once a(G)gain

(C) Give me some (G) sunshine
(C) Give me some (G) rain
(C) Give me (G) another chance
I wanna (F) grow up once a(G)gain

(F) Kandho ko (C) kitabo ke bojh ne jhukaya (F)
Rishwat (C) dena to khud papa ne sikhaya (F)
(C) 99% marks (F) laoge to (G) ghadi, (C) warna chadi (F)
(C) Likh likh kar padha (F) hateli par
Aplha, (C) beta, gamma ka (F) chala
(C) Concentrated H2SO4 (F) ne poora, (C) poora bach(F)pan jala dala (G)

(C) Bachpan to ga(G)ya, ja(C)wani bhi ga(G)yi
Ek (C) pal to ab hu(G)me jee(F)ne do jeene (G) do
(C) Bachpan to ga(G)ya, ja(C)wani bhi ga(G)yi
Ek (C) pal to ab hu(G)me jee(F)ne do jeene (G) do

(C) Sari umra (G) hum, mar (C) mar ke jee li(G)ye
Ek (C) pal to ab hu(G)me jee(F)ne do, jeene (G) do

(C) Na na (G) na na na na (C) na na (G) na na
(C) Na na (G) na na na na (F) na na (G) na na

(C) Give me some (G) sunshine
(C) Give me some (G) rain
(C) Give me (G) another chance
I wanna (F) grow up once a(G)gain

(C) Give me some (G) sunshine
(C) Give me some (G) rain
(C) Give me (G) another chance
I wanna (F) grow up once a(G)gain

(C) Na na (G) na na na na (C) na na (G) na na
(C) Na na (G) na na na na (F) na na (G) na na', 'Suraj Jagan, Sharman Joshi', '3 Idiots', 2009, 'Strumming : D D UUD D (DU)', 'https://wrytin.com/mirayajain/give-me-some-sunshine-chords-3-idiots-jfcjp43l', FALSE, '2022-05-09T15:36:00.605000+00:00', '2022-05-09T15:37:18.693000+00:00');
INSERT INTO public.note_tags (id, user_id, note_id, tag_id) VALUES ('a75825c3-a43b-4730-8b37-bac9e64c4e22', '3917b9a9-a856-4f33-a910-6ad73f9fa25b', 'c8cc2bce-66ac-4163-8d76-9c4d2f3c1593', '94f83bf8-1cd6-44f7-9e77-dc2d9928b555');
INSERT INTO public.note_tags (id, user_id, note_id, tag_id) VALUES ('ccae5f28-583a-4745-9da5-764a45b6b693', '3917b9a9-a856-4f33-a910-6ad73f9fa25b', 'c8cc2bce-66ac-4163-8d76-9c4d2f3c1593', '26bec2c9-84b7-4e97-8246-28dd469f49cd');
INSERT INTO public.notes (id, user_id, title, content, artist, album, release_year, metadata, "references", isPinned, created_at, updated_at) VALUES ('f88dc696-6d74-4f49-86e5-3b3b05b13b27', '3917b9a9-a856-4f33-a910-6ad73f9fa25b', 'O Saathi re', '```E|-----------------------------------------------------|
B|-----7---9---10--9h---9--9---7--9---9---11--9--7----|
G|-8----------------------------------------------------8--|
```
O Saathi re , tere bina bhi kya jeena

```E|-----------------------------------------------------|
B|----9--9---7--9---9---11---9--7-7--------------------|
```
tere bina bhi kya jeena

```E|--9---9----9----9/11--9------------------------------|
B|----------------------------11-------------------------|
```
phoolon mein kaliyon mein

```E|---9--9-----9----9/11--9-----------------------------|
B|----------------------------11------------------------|
```
sapno ki galiyon mein

```E|-----------------------------------------------------|
B|--10-10--9-10---9-----7--9---10----------------------|
```
tere bina kuch kahin na

```E|-----------------------------------------------------|
B|---9--9---7--9---9---11--9--7------------------------|
G|----------------------------------8---------------------|
```
tere bina bhi kya jeena

```E|-----------------------------------------------------|
B|----9--9---7--9---9---11---9--7-7--------------------|
```
tere bina bhi kya jeena', 'Kishore Kumar', 'Muqaddar Ka Sikandar', 1978, NULL, NULL, FALSE, '2018-01-23T14:41:45.670000+00:00', '2018-01-25T05:28:53.639000+00:00');
INSERT INTO public.note_tags (id, user_id, note_id, tag_id) VALUES ('7e7c92a7-cfc7-4518-9fa4-bde6aa3bda59', '3917b9a9-a856-4f33-a910-6ad73f9fa25b', 'f88dc696-6d74-4f49-86e5-3b3b05b13b27', '22c9085c-724b-4679-aa10-b79b72f9b0be');
INSERT INTO public.note_tags (id, user_id, note_id, tag_id) VALUES ('f3625727-a46e-4c28-94e1-ff109ab44701', '3917b9a9-a856-4f33-a910-6ad73f9fa25b', 'f88dc696-6d74-4f49-86e5-3b3b05b13b27', 'f22d1b82-b224-4a44-a581-b5c25015af54');
INSERT INTO public.notes (id, user_id, title, content, artist, album, release_year, metadata, "references", isPinned, created_at, updated_at) VALUES ('10257419-170b-46d9-91c3-b988ce1a63f1', '3917b9a9-a856-4f33-a910-6ad73f9fa25b', 'Naagin tune (The Lady Cobra)', '```E|--0--0--2--5--5--4--2--0--
```

```E|--0--0--2--5--5--4--2--0--
```

```E|--2--3--2--0--
```

```E|--2--3--2--0--
```

```E|--2----0--0--------
B|--------------3--3--
```

```E|--0-0--2-2--3-3--2-2--0---0--0--0--0-
```

```E|--7--7--8--8--7--7--8--8--7--7--8--8--7--
```

```E|--2--3--5--5--7--7--5--5--7--7--5--5--3--2--0--
```

```E|--2--0--3--0--2--0-----0--
B|--------------------------3-----
```

```E|--2--0--3--0--2--0-----0--
B|-------------------------3-----
```

```E|--0--0--0--2---2\5--5--5---4hp5--2--0--
```

```E|--2--2--3--2--0--
```

```E|--2---0hp2-----------------------------------
B|---------------3--3--2--2--3--2--0--0--2--0-----
G|------------------------------------------------------3--
```







```e | - 2 - 0 - 3 - 0 - 2 - 0 - - - - 0 -
B | - - - - - - - - - - - - - - - 3- - -
```

Repeat above 4 times


```e | - 3-5 - - 7-8-8-7-8-8-7-8-8-7-
```

```e | - 2-3 - - 5-7-7-5-7-7-5-7-7-5-
```', 'Hemant Kumar', 'Nagin', 1954, NULL, 'https://www.youtube.com/watch?v=5R7FJqo-24s', FALSE, '2017-10-13T14:18:29.864000+00:00', '2020-05-10T03:03:00.080000+00:00');
INSERT INTO public.note_tags (id, user_id, note_id, tag_id) VALUES ('6ea12040-7821-4f3d-8dfa-0438a068f204', '3917b9a9-a856-4f33-a910-6ad73f9fa25b', '10257419-170b-46d9-91c3-b988ce1a63f1', '484fde0b-53ea-4d62-82d9-dff38182c04c');
INSERT INTO public.note_tags (id, user_id, note_id, tag_id) VALUES ('cac0b2e0-1bc1-46b7-9655-72e094fcd6f6', '3917b9a9-a856-4f33-a910-6ad73f9fa25b', '10257419-170b-46d9-91c3-b988ce1a63f1', 'f6f1fa22-4ebb-4dfc-8a00-65f2e520dc91');
INSERT INTO public.note_tags (id, user_id, note_id, tag_id) VALUES ('68cfc673-dd4b-4fea-a42d-39d6d6248708', '3917b9a9-a856-4f33-a910-6ad73f9fa25b', '10257419-170b-46d9-91c3-b988ce1a63f1', '22c9085c-724b-4679-aa10-b79b72f9b0be');
INSERT INTO public.note_tags (id, user_id, note_id, tag_id) VALUES ('0d824fdb-9d07-466d-a469-ade7ecee1dc1', '3917b9a9-a856-4f33-a910-6ad73f9fa25b', '10257419-170b-46d9-91c3-b988ce1a63f1', 'f22d1b82-b224-4a44-a581-b5c25015af54');
INSERT INTO public.notes (id, user_id, title, content, artist, album, release_year, metadata, "references", isPinned, created_at, updated_at) VALUES ('18bf0adc-d12a-4810-a3be-dff273c25fa1', '3917b9a9-a856-4f33-a910-6ad73f9fa25b', 'Baatein Ye Kabhi Na', '```E |--12-11-9-7-9----------
B |-9--------9-10/12-10-9-7-
```
Baatein ye kabhi na tu bhulna

```E |-------7------7-------
B |-7-7-9-10-7-----10-----10-9-9-
```
Koi tere khatir hai jee raha

```E |--12-11-9-7-9----------
B |-9--------9-10/12-10-9-7-
```
Jaaye tu kahin, bhi ye sochna

```E |-------7------7-------
B |-7-7-9-10-7-----10-----10-9-9-
```
Koi tere khatir hai jee raha

```E |---8-9-11-11-11-12-11-9-9-
B |-9---------------
```
Tu jahaan jaaye mehfooz ho

```E |---8-9-11-11-11-12-11-9-9-
B |-9---------------
```
Tu jahaan jaaye mehfooz ho

```E |-9-11-12-14-11-9-----------
B |----------12---10-12-10-9--
```
Dil mera maange bas ye duaa

```E |--------------
B |-9-10-12-12---9-10-12-12-
```
Humdard hai, humdum bhi hai

```E |---9-11-9---------
B |-12-----12-10---12-10-9-
```
Tu saath hai toh zindagi

```E |--------------
B |-9-10-12-12---9-10-12-12-
```
Tu jo kabhi door rahe

```E |---9-11-9---------
B |-12-----12-10---12-10-9-
```
Ye humse ho jaaye ajnabi

```E |---8-9-11-11-11-12-11-9-9-
B |-9---------------
```
Tujhse mohabbat karte hain jo

```E |---8-9-11-11-11-12-11-9-9-
B |-9---------------
```
Tujhse mohabbat karte hain jo

```E |-9-11-12-14-11-9---------
B |----------12---10-12-10-9-
```
Kaise kare hum usko bayaan', 'Arijit Singh', 'Khamoshiyan', 2015, NULL, 'http://msworldsite.com/baatein-ye-kabhi-na-guitar-tabs-lead-khamoshiyan/', FALSE, '2018-09-20T14:47:01.908000+00:00', '2019-04-22T02:23:06.689000+00:00');
INSERT INTO public.note_tags (id, user_id, note_id, tag_id) VALUES ('d878a273-d6bc-4b99-bef2-277365458482', '3917b9a9-a856-4f33-a910-6ad73f9fa25b', '18bf0adc-d12a-4810-a3be-dff273c25fa1', '94f83bf8-1cd6-44f7-9e77-dc2d9928b555');
INSERT INTO public.note_tags (id, user_id, note_id, tag_id) VALUES ('ca0e89b7-9cf8-46b8-82a4-4c0590968004', '3917b9a9-a856-4f33-a910-6ad73f9fa25b', '18bf0adc-d12a-4810-a3be-dff273c25fa1', '22c9085c-724b-4679-aa10-b79b72f9b0be');
INSERT INTO public.notes (id, user_id, title, content, artist, album, release_year, metadata, "references", isPinned, created_at, updated_at) VALUES ('3144ae3f-70d5-4484-a5ed-97e747dd58b3', '3917b9a9-a856-4f33-a910-6ad73f9fa25b', 'Teri meri (bodyguard)', '2 9 7 9 5 7 9 5

7 9 7 5 4 2 4 2 0

0 2 4 2 5 4 7

9 7 5 4 2 2

9 10 9 10 9 10 7 9

9 2 0 10 9 9 10 7 9

2 5 9 7 5 7 5

2 5 9 10 9 9 9

2 5 9 7 5 7 5

2 5 9 10 9 9 9

2 0 2 4 5 4 2

2 0 2 4 5 4 2

2 0 2 4 5 4 2

2 0 2 4', 'Rahat Fateh Ali Khan, Shreya Ghoshal', 'Bodyguard', 2011, NULL, NULL, FALSE, '2017-10-06T03:05:16.173000+00:00', '2017-10-06T03:05:53.162000+00:00');
INSERT INTO public.note_tags (id, user_id, note_id, tag_id) VALUES ('f6545ae9-3ccb-43af-b177-a1d713a1154f', '3917b9a9-a856-4f33-a910-6ad73f9fa25b', '3144ae3f-70d5-4484-a5ed-97e747dd58b3', '94f83bf8-1cd6-44f7-9e77-dc2d9928b555');
INSERT INTO public.note_tags (id, user_id, note_id, tag_id) VALUES ('ca017599-1c7a-4a23-9d75-f62207d2228f', '3917b9a9-a856-4f33-a910-6ad73f9fa25b', '3144ae3f-70d5-4484-a5ed-97e747dd58b3', '484fde0b-53ea-4d62-82d9-dff38182c04c');
INSERT INTO public.note_tags (id, user_id, note_id, tag_id) VALUES ('c1e303ef-5ee4-433a-aea7-3abd92880ea4', '3917b9a9-a856-4f33-a910-6ad73f9fa25b', '3144ae3f-70d5-4484-a5ed-97e747dd58b3', '22c9085c-724b-4679-aa10-b79b72f9b0be');
INSERT INTO public.notes (id, user_id, title, content, artist, album, release_year, metadata, "references", isPinned, created_at, updated_at) VALUES ('0a72f0de-85c6-4763-a712-a13f4a9cac7e', '3917b9a9-a856-4f33-a910-6ad73f9fa25b', 'Paravashanadenu (Kannada)', 'Paravashanadenu           Ariyuva munnave
e :   -------------------9--9--     ---------------------8--8--
B :   9--7-----7--9-----------     --9--7-----7--9----------
G :   -------9------------------    ---------9-----------------
Parichitanagali     Hege                Pranayaku munnave
e : -------------------9--9--11--9--11-    ---9--7---------------------
B : -9--7------7--9--------------------   ---------9--7--9--10--10--
G : ---------9--------------------------    ----------------------------

      Idakinta Bega Innu               Sigabaraditte Neenu
e :   ---------------------------         -----------------------------
B :   --------------------------         -----------------------------
G : --6--6--8--9--8--6--6------      --6--6--8--9--8--6--6----
D : --------------------------6--       --------------------------7-

     Innadaru           Koodittuko                
E : ---------------    -------------------
B : --------7-----     -------------7----
G : -8--9-----9--     -8--8--9------9--

     Nee nannanu          Kaleyuva munnave
E :  --------------7--       -7---------------------------
B : ---------7------        ----10--9--7--9--10--9--
G : -8--9-----------       -------------------------------', 'Sonu Nigam, Shreya Ghoshal', 'Paramathma', 2011, NULL, NULL, FALSE, '2017-12-23T14:21:36.499000+00:00', '2018-04-28T08:29:49.032000+00:00');
INSERT INTO public.note_tags (id, user_id, note_id, tag_id) VALUES ('9b7e0bb8-f034-4952-acb6-d2079c842a0c', '3917b9a9-a856-4f33-a910-6ad73f9fa25b', '0a72f0de-85c6-4763-a712-a13f4a9cac7e', '22c9085c-724b-4679-aa10-b79b72f9b0be');
INSERT INTO public.note_tags (id, user_id, note_id, tag_id) VALUES ('ee318209-d8c3-4c88-8668-6a139cd86070', '3917b9a9-a856-4f33-a910-6ad73f9fa25b', '0a72f0de-85c6-4763-a712-a13f4a9cac7e', 'bfb29683-c6ea-4f7b-affc-5fe459c721bd');
INSERT INTO public.notes (id, user_id, title, content, artist, album, release_year, metadata, "references", isPinned, created_at, updated_at) VALUES ('5f52193d-db78-4d66-83cf-16c96e3af5b0', '3917b9a9-a856-4f33-a910-6ad73f9fa25b', 'Barbaad - Saiyaara', 'Tujhse (Em)door main ek hi wa(Dadd11)jah ke liye hoon
(Am7)Kamzor ho jaata (Cmaj7)hoon main
Tujhse (Em)door main ek hi wa(D)jah ke liye hoon
(Am7)Aawara ban jaata (Cmaj7)hoon main

Tujhe (Em)chu lu to kuch mujhe (D)ho jaayega
Jo main (Am7)chahta na ho mujh(C)ko
Tujhe (Em)mil ke ye dil mera (D)beh jaayega
Isi (Am)baat ka darr hai mujh(C)ko

Ke ho na jaaye (Em)pyaar tumse mu(D)jhe
Kar dega bar(Am)baad ishq mu(C)jhe
Ho na jaaye (Em)pyaar tumse mu(D)jhe
Behad-beshu(Am)maaaaaaa(C)r tumse

(Em)Aa-aa-aa-(D)aa, (Am)ho-ho, (C)ho-ho

In (D)ghamon ko khatam kar (C)rahe ho tum
(D)Haan, (Em)haan
In (D)ghamon ko khatam kar (C)rahe ho tum
Zakh(D)mon ka marham ban (G)rahe ho tum
Meh(D)soos mujhe aisa (C)kyun ho raha
Ke (Am)meri duniya ban (G)rahe ho tum, ban (D)rahe ho tum

Tere (Em)bin kya ye dil ab dha(D)dak paayega
Puchh(Am)ta hoon main ye khud (C)ko
Tere (Em)aane se dard cha(D)la jaayega
Isi (Am)baat ka dare hai mujh(C)ko

Ke ho na jaaye (Em)pyaar tumse mu(D)jhe
Kar dega bar(Am)baad ishq mu(C)jhe
Ho na jaaye (Em)pyaar tumse mu(D)jhe
Behad-beshu(Am)maaaaaaa(C)r tumse', 'Mohit Chauhan, Taraannum Mallik', 'Ek Tha Tiger', 2012, 'Capo : 2nd fret
Chords : Em or Em9 , D or Daddd11 ,Am7 , Cmaj7
Strumming - D UUD UUD DU
Chords used : Em, D, Am, C', NULL, FALSE, '2025-07-13T14:34:36.545000+00:00', '2025-07-13T14:35:58.613000+00:00');
INSERT INTO public.note_tags (id, user_id, note_id, tag_id) VALUES ('f0e4c165-13ad-47fc-a8d9-d9600c50d947', '3917b9a9-a856-4f33-a910-6ad73f9fa25b', '5f52193d-db78-4d66-83cf-16c96e3af5b0', '94f83bf8-1cd6-44f7-9e77-dc2d9928b555');
INSERT INTO public.note_tags (id, user_id, note_id, tag_id) VALUES ('ce1ee0c5-328b-4221-920f-1f51d48f9d18', '3917b9a9-a856-4f33-a910-6ad73f9fa25b', '5f52193d-db78-4d66-83cf-16c96e3af5b0', '26bec2c9-84b7-4e97-8246-28dd469f49cd');
INSERT INTO public.notes (id, user_id, title, content, artist, album, release_year, metadata, "references", isPinned, created_at, updated_at) VALUES ('d6541bc6-07ef-4076-b42b-d31ef793d4ad', '3917b9a9-a856-4f33-a910-6ad73f9fa25b', 'chalte chalte yunhi ruk jaata hu main', 'chalte chalte yunhi
e-3-2--0-0-0-----------------------
B-----3------------------------------
ruk jaata hoon main
e-3-2--0-0-0------------------------
B-----3-------------------------------

baithe baithe yunhi
e-2-0-------------------------------
B-----2-3-3-3-----------------------

kho jaata hoon main
e-2-0---------------------------
B-----2-3-3-3------------------

kehte kehte hi chup
e-0-------------------------------
B---3-0-1-1-1--------------------

ho jaata hoon main
e-3-2-5-0-0-0-------------

kya yehi pyar hai
e-3-2--0-0-0-----------
B-----3-----------------

kya yehi pyar hai
e-3-2--0-0-0--------------
B-----3---------------------

haan yehi pyar hai
e-2-0---------------------
B-----2-3-3-3------------

haan yehi pyar hai
e-3-2-5-0-0-0-------', 'Udbhav, Manohar Shetty, Ishaan, Shweta Pandit, Sonali Bhatawdekar, Pritha Mazumdar', 'Mohabbatein', 2000, NULL, NULL, FALSE, '2017-11-08T03:23:51.663000+00:00', '2017-11-08T03:27:50.576000+00:00');
INSERT INTO public.note_tags (id, user_id, note_id, tag_id) VALUES ('c49e4a29-8297-470a-9f86-b8067b19cc8e', '3917b9a9-a856-4f33-a910-6ad73f9fa25b', 'd6541bc6-07ef-4076-b42b-d31ef793d4ad', '94f83bf8-1cd6-44f7-9e77-dc2d9928b555');
INSERT INTO public.note_tags (id, user_id, note_id, tag_id) VALUES ('b480c115-fac0-448a-bc7d-c6e029ddd896', '3917b9a9-a856-4f33-a910-6ad73f9fa25b', 'd6541bc6-07ef-4076-b42b-d31ef793d4ad', '22c9085c-724b-4679-aa10-b79b72f9b0be');
INSERT INTO public.notes (id, user_id, title, content, artist, album, release_year, metadata, "references", isPinned, created_at, updated_at) VALUES ('595c08da-6b8d-43e3-8971-d2f24949e290', '3917b9a9-a856-4f33-a910-6ad73f9fa25b', 'Kalle Kalle', '=========FINGERSTYLE (4-3-1-slap)========
F F C C
F F C C

(F)Kalle Kalle Ye Hanjua Di (C)Dhara
Je Challe Challe
Ke Kar Gaya (F)Thaar Tera Pyaar Maahi
Ve Toot Gaye (C)Taar (G)Taar Taar Oh

=========STRUMMING (D-U-Chuck-D  U-Chuck-D)========
(F)Kalle Kalle Ye Hanjua Di (C)Dhara
Je Challe Challe
Ke Kar Gaya (F)Thaar Tera Pyaar Maahi
Ve Toot Gaye (C)Taar (G)Taar Taar

(F)Chadd (C)Gaya Tu Pyaar Nu
Main (C)Chadd (Em)Diyan Sin(C)gaar (G)Nu
Ba(F)jon (C)Tere (F)Haan Jee (C)Vi Loon
Jinda(C)di Da Main Par (G) Kya Karoon

(F)Kalle Kalle Main Rehne Ko (C)Taiyar Ab
Kalle Kalle 
Tu Dass Tera (F)Haal
Ek Baar Maahi Je Toot Gaye (C) Ta(G)ar

F C G C

=========FINGERSTYLE (4-3-1-slap)========
F G F C

(C)Kareya Kyun (Em)Naal Mere
Ishq (F)Naap Tol (Dm)Ke... (F)Ho Ho

=========STRUMMING (D-U-Chuck-D  U-Chuck-D)========
(C)Kareya Kyun (Em)Naal Mere
Ishq (F)Naap Tol (Dm)Ke
(C)Zara Sa Tu (Em)Samajhta
Mere (F)Dil Da Mol (Dm)Ve

[CHORUS]
(C) Na Chehre (Em)Utte Hai Parda (Am)Meri
Na Parda (G)Meri Rooh (F)Te
Tu Jaaneya (Em)Nahi Safal Na (Dm)Hui
Jahan Mein Fir (F)Bhi Main Toot Ke

Loot Gaya (C)Karaar Tu
Haan (Em)Chhal Gaya Is Baar (G)Tu
Ba(C)jon Tere Haan Jee Vi Loon
Jinda(C)di Da Main Par (G)Kya (C)Karoon

(F)Kalle Kalle Ye Hanjua Di (C)Dhara
Je Challe Challe
Ke Kar Gaya (F)Thaar Tera Pyaar Maahi
Ve Toot Gaye (C)Taar (G)Taar

(C) Na Chehre (Em)Utte Hai Parda (Am)Meri
Na Parda (G)Meri Rooh (F)Te
Tu Jaaneya (C)Nahi Safal Na (Dm)Hui
Jahan Mein Fir (F)Bhi Main Toot Ke

=========SINGLE  STRUM========
(F)Kalle Kalle Ye Hanjua Di (C)Dhara
Je Challe Challe
Ke Kar Gaya (F)Thaar Tera Pyaar Maahi
Ve Toot Gaye (G)Taar Taar Taar Oh', 'Priya Saraiya', 'Chandigarh Kare Aashiqui', 2021, 'Capo : at 1
Fingerstyle : 4-3-1-slap
Strumming : D-U-Chuck-D  U-Chuck-D
Chords used : F, C, G, Em, Dm, Am', 'https://www.youtube.com/watch?v=mKkjaUeJ9Ds
https://tabs.ultimate-guitar.com/tab/sachin-jigar/kalle-kalle-chords-4008130', FALSE, '2022-02-15T13:49:15.298000+00:00', '2022-02-15T14:08:26.152000+00:00');
INSERT INTO public.note_tags (id, user_id, note_id, tag_id) VALUES ('b0377609-2904-4655-b608-d8f6318d01fe', '3917b9a9-a856-4f33-a910-6ad73f9fa25b', '595c08da-6b8d-43e3-8971-d2f24949e290', '39d6ed04-fc5c-427e-9060-9041887f4d0e');
INSERT INTO public.note_tags (id, user_id, note_id, tag_id) VALUES ('a80e4f87-2959-4a17-96fc-61b899be1161', '3917b9a9-a856-4f33-a910-6ad73f9fa25b', '595c08da-6b8d-43e3-8971-d2f24949e290', 'f38a575b-3040-4496-8494-78d603e260b4');
INSERT INTO public.note_tags (id, user_id, note_id, tag_id) VALUES ('4d34ca66-b510-4bf3-b9c6-e30aba0799e4', '3917b9a9-a856-4f33-a910-6ad73f9fa25b', '595c08da-6b8d-43e3-8971-d2f24949e290', '94f83bf8-1cd6-44f7-9e77-dc2d9928b555');
INSERT INTO public.note_tags (id, user_id, note_id, tag_id) VALUES ('f87095ef-eb84-4016-b1a6-968991547b5c', '3917b9a9-a856-4f33-a910-6ad73f9fa25b', '595c08da-6b8d-43e3-8971-d2f24949e290', '26bec2c9-84b7-4e97-8246-28dd469f49cd');
INSERT INTO public.notes (id, user_id, title, content, artist, album, release_year, metadata, "references", isPinned, created_at, updated_at) VALUES ('413a5615-ea03-438f-ba25-71451572d702', '3917b9a9-a856-4f33-a910-6ad73f9fa25b', 'Aaj bhi - Vishal Mishra', 'Intro - with capo (https://www.youtube.com/watch?v=JjGyO5S6utU)
```e | - - - - - - - - - - - - - - - - - - - - - - - - - - - - - - 0-0 - - 
B | -1- 1 - - 0-0- - - - - - - - - - - - - - - -1 - 3- - - - - - - - 
G | - - - - - - - - -- - -2-2 - - -0-2-0-2- - - - - - - - - - - - -
D | - - - - - - - - - - - - - - - - - - - - - - - - - - - - - - - - - - - 
A | - - 0- - - - - - - - - - - - - - - - - - - - - - - -3- - - - - - - - 
```

```e | - - - - - - - - - - - - - - - - - - - - - - - - - - - - - - - - - - - - - - - - - - - - - - - - - - - - - - 
B | -1- 1 - - 0-0- - - - - - - - - - - - - - - -1 - 1p3- - - -1 - - - - - - - - - - 1 - -1 - - -1 -
G |  - - - - - - - - -- - -2-2 - - -0-2-0-2- - - - - - - - - 2- - - - -2 - - - - 2- - - 2- - 2- - - 
D | - - - - - - - - -- - - - - - - - - - - - - - - - - - -- - - - - - - - - 3- - 0- - - - - - - - - - - - - -
A | - - 0- - - - - - - - - - - - - - - - - - - - - - - - - - - - - - - - - - - - - - - - - - - - - - - - - - - 
```

Naa D(Am)ard Hai, Na (G)Gham Tere
Na I(Dm)shq Hai Naa Teri (G)Wo (F)Chaahtein
Haan (Am)Khush Hu Main (G)Tere Bina
Na (Dm)Mujhme Bachi Teri (G)Wo (F)Aadatein

Hai Fir Kyun (Am)Aankho Mein (G)Nami
Kyun Main (F)Rota Hun Aaj (G)Bhi
Kya Khalti (Am)Teri Hai (G)Kami
Kyun Main (F)Rota Hun Aaj (G)Bhi

Hai Phir Kyun (Am)Aankhon Mein (G)Nami
Kyun Main (F)Rota Hun Aaj (G)Bhi
Kyun Khalti (Am)Teri Hai (G)Kami (F) (G)(Am)

(C)Tumne Kaha Tha (Em)Saath Jeeyenge
(F)Honge Juda Na (G)Humm Kabhi
(Am)Hath Main Thaamein (Em)Chalti Rahungi
(F)Wakt Yeh Le Jaa(G)ye Kahi

Music:
(C) (Em)(Am)
(C)Tumne Kaha Tha (Em)Saath Jeeyenge
(F)Honge Juda Na (G)Hum Kabhi
(Am)Hath Main Thaame (Em)Chalti Rahungi
(F)Wakt Ye Le Jaa(G)ye Kahi

(Am)Jhuthi Hai Yeh (G)Saari Kasmein
(Dm)Saare Waadein (F)Pyaar Ke
(Am)Daffan Main Unko (G)Hun Kar Aaya
(Dm)Jashan Me Apni (F)Haar Ke (G) (F)

Hai Fir Kyun (Am)Aankho Mein (G)Nami
Kyu Main (F)Rota Hoon Aaj (G)Bhi
Kya Khalti (Am)Teri Hai (G)Kami
Kyu Main (F)Rota Hoon Aaj (G)Bhi

Hai Fir Kyun (Am)Aankho Mein (G)Nami
Kyu Main (F)Rota Hoon Aaj (G)Bhi
Kya Khalti (Am)Teri Hai (G)Kami
Jo Main (F)Rota Hoon Aaj (G)Bhi', 'Vishal Mishra', 'Aaj Bhi', 2020, 'Capo : at 4
Original Scale/Key: C#m
Strumming : Fingerstyle & D DD DD
Chords used : Am, G, F, Dm, C', 'https://rewindcaps.com/aaj-bhi-chords/', FALSE, '2022-01-14T13:58:19.511000+00:00', '2022-01-15T06:31:51.999000+00:00');
INSERT INTO public.note_tags (id, user_id, note_id, tag_id) VALUES ('cedb2b4f-95ae-42a5-94eb-70e5d978b2fb', '3917b9a9-a856-4f33-a910-6ad73f9fa25b', '413a5615-ea03-438f-ba25-71451572d702', '39d6ed04-fc5c-427e-9060-9041887f4d0e');
INSERT INTO public.note_tags (id, user_id, note_id, tag_id) VALUES ('f2146252-8b1b-499c-9d07-17b21bdd7bcd', '3917b9a9-a856-4f33-a910-6ad73f9fa25b', '413a5615-ea03-438f-ba25-71451572d702', '94f83bf8-1cd6-44f7-9e77-dc2d9928b555');
INSERT INTO public.note_tags (id, user_id, note_id, tag_id) VALUES ('cb93528d-f514-484d-b628-4cdfa105166c', '3917b9a9-a856-4f33-a910-6ad73f9fa25b', '413a5615-ea03-438f-ba25-71451572d702', '375ee2c2-3bd4-473f-afd0-87ef7a38f19a');
INSERT INTO public.note_tags (id, user_id, note_id, tag_id) VALUES ('447704cc-527a-42ee-901b-2a01ca2c40c8', '3917b9a9-a856-4f33-a910-6ad73f9fa25b', '413a5615-ea03-438f-ba25-71451572d702', '26bec2c9-84b7-4e97-8246-28dd469f49cd');
INSERT INTO public.notes (id, user_id, title, content, artist, album, release_year, metadata, "references", isPinned, created_at, updated_at) VALUES ('6a59767b-ceec-468c-9052-40edf0e3898a', '3917b9a9-a856-4f33-a910-6ad73f9fa25b', 'Summer of 69', '```e | - 0 - 2 - 3 - 2 - 0 - 2 -
```


```B | - 0 - 2 - 3 - 2 - 0 - 2 -
```



```e|----------------------|---------------------| 
B|-----7--8--7-----7--|---------------------| 
G|--9-----------9------|--4--6--7--6--4--6--
```', 'Bryan Adams', 'Reckless', 1984, NULL, NULL, FALSE, '2017-10-11T12:52:51.994000+00:00', '2017-10-24T17:13:13.957000+00:00');
INSERT INTO public.note_tags (id, user_id, note_id, tag_id) VALUES ('509ae074-4b2b-484e-ac0d-fef1d0340cda', '3917b9a9-a856-4f33-a910-6ad73f9fa25b', '6a59767b-ceec-468c-9052-40edf0e3898a', '484fde0b-53ea-4d62-82d9-dff38182c04c');
INSERT INTO public.note_tags (id, user_id, note_id, tag_id) VALUES ('393aa091-0b75-4d85-bdaa-a334631147b7', '3917b9a9-a856-4f33-a910-6ad73f9fa25b', '6a59767b-ceec-468c-9052-40edf0e3898a', '22c9085c-724b-4679-aa10-b79b72f9b0be');
INSERT INTO public.note_tags (id, user_id, note_id, tag_id) VALUES ('3d9b8d32-f0b3-409a-b3ad-6c33bdb88fb8', '3917b9a9-a856-4f33-a910-6ad73f9fa25b', '6a59767b-ceec-468c-9052-40edf0e3898a', 'eebbc269-be1f-43e9-a641-4b2e91a39ff4');
INSERT INTO public.notes (id, user_id, title, content, artist, album, release_year, metadata, "references", isPinned, created_at, updated_at) VALUES ('2cf10a68-33aa-4541-b2fa-7a12777e871e', '3917b9a9-a856-4f33-a910-6ad73f9fa25b', 'Fullmetal Alchemist - Brothers', '```e|--13--12--13--12--10-------------------------------|
B|-------------------------------13--10--------13--10--|
G|-------------------------------------------12--------------|
```

```e|-----------------------------------------------------|
B|-----------------------8--10----------------------|
G|--7--10--9--10--------------10--9--7-------|
```

```e|--------------------------8---------------------|
B|----------------------8---------10--8--10--|
G|--7--10--9--10-----------------------------|
```

```e|------------------------------------------------------------------------------
B|-----------------------8--10-----------------------------------------------
G|--7--10--9--10--------------10--9--7---7---------------7--9--10--9--7--|
D|------------------------------------------------10--10--------------
```

```e|------------------------------8----------------------------------------
B|--10--8--10--8-------10--------8-----10--8--10--8-----------
G|--------------------7-------------------------------------7--9--10--12--9--|
```

```e|--------------------------------8---------------------------------------------|
B|--10--8--10--8-------10----------8-----10--8--10--12--8--10--|
G|--------------------7-------------------------------------------------------|
```

```e|--------10---10--10--8-------------------10--12--10--8----------
B|--10-------------------------8--10---10------------------------8--10--|
```

```e|-----------------------------------|
B|--10--8--10--8---------------|           x2
G|---------------------10--9--7--|
```', 'Michiru Oshima', 'Fullmetal Alchemist Original Soundtrack 1', 2004, NULL, 'https://tabs.ultimate-guitar.com/tab/misc_cartoons/fullmetal_alchemist_-_brothers_tabs_756559', FALSE, '2019-03-19T05:20:22.618000+00:00', '2025-09-12T14:52:16.861000+00:00');
INSERT INTO public.note_tags (id, user_id, note_id, tag_id) VALUES ('208bd2a1-423c-486f-99ae-4277b00f0a9b', '3917b9a9-a856-4f33-a910-6ad73f9fa25b', '2cf10a68-33aa-4541-b2fa-7a12777e871e', '19e5627d-a2b0-4d3f-9425-eb88225bd761');
INSERT INTO public.note_tags (id, user_id, note_id, tag_id) VALUES ('528f1cac-ec9c-48fe-873f-af597874fe1d', '3917b9a9-a856-4f33-a910-6ad73f9fa25b', '2cf10a68-33aa-4541-b2fa-7a12777e871e', '22c9085c-724b-4679-aa10-b79b72f9b0be');
INSERT INTO public.notes (id, user_id, title, content, artist, album, release_year, metadata, "references", isPinned, created_at, updated_at) VALUES ('cc1a22b4-f13e-4ff6-8de7-987cfc8c352f', '3917b9a9-a856-4f33-a910-6ad73f9fa25b', 'Qayde Se - Metro In Dino', '(G)Dil jala ke mus (D)kurane 
ki jo (A)aadat hui hai (G)mujhe  
(G)Lag raha hai (D)qayde se 
ab moha(A)bbat hui hai (G)mujhe  ....x2 

(G)Meri tumhi se hai jawabdari  
(D)naraazgi bhi dher saari  
(C)Tumhein harane ki zid mein  
(D)ye zindagi tumhee se haari  

(G)Agar kabhi tumhein rulaya  
(D)kaha mujhe bhi chain aaya  
(C)Asal men dil nahi tumhara  
(D)khud hee ka dukhaya  

Kya (G)batau dard (D)leke  
kitni (A)raahat hui hai (G)mujhe  
Lag (G)raha hai (D)qayde se  
ab moha(A)bbat hui hai (G)mujhe  

-----------------------

Thikana (C)jaha tumhara  
wahi ghar hai (G)mera (Aah)  
Hai kaandha (C)jaha tumhara  
wahi sar hai (G)mera (Aah)  

(G)Dono chale to hai kasam dilake  
(D)chalenge to kadam milake  
(C)Yaha talak pahuche bhi hai  
(D)yakeen mein bharam milake  

(G)Qarar ki tumhee wajah ho  
(D)kabhi lage tumhee saza ho  
(C)Tumhee se hai takleefe bhi  
(D)tumhee to maza ho  

(G)Pehle se bhi aur (D)pyaari  
ab ye (A)halat hui hai (G)mujhe  
(G)Lag raha hai (D)qayde se 
ab moha(A)bbat hui hai (G)mujhe

(G)Dil jala ke mus (D)kurane 
ki jo (A)aadat hui hai (G)mujhe  
(G)Lag raha hai (D)qayde se 
ab moha(A)bbat hui hai (G)mujhe', 'Unavailable', 'Metro... In Dino', 2025, 'Capo at 2
Strum : D UUD DUU DUU', 'https://gsma.co.in/blog/guitar/qayde-se-guitar-chords/
https://www.youtube.com/watch?v=yZNfX9Dxac0', FALSE, '2025-07-16T01:57:10.613000+00:00', '2025-09-13T13:58:34.864000+00:00');
INSERT INTO public.note_tags (id, user_id, note_id, tag_id) VALUES ('42bf0d26-47f9-49ec-98f0-dba629537ce8', '3917b9a9-a856-4f33-a910-6ad73f9fa25b', 'cc1a22b4-f13e-4ff6-8de7-987cfc8c352f', '94f83bf8-1cd6-44f7-9e77-dc2d9928b555');
INSERT INTO public.note_tags (id, user_id, note_id, tag_id) VALUES ('f65aea34-9e2a-47dd-8c3a-2b448e8ca044', '3917b9a9-a856-4f33-a910-6ad73f9fa25b', 'cc1a22b4-f13e-4ff6-8de7-987cfc8c352f', '26bec2c9-84b7-4e97-8246-28dd469f49cd');
INSERT INTO public.note_tags (id, user_id, note_id, tag_id) VALUES ('e4a6d446-f45f-4ce2-8fd2-73640b9464a9', '3917b9a9-a856-4f33-a910-6ad73f9fa25b', 'cc1a22b4-f13e-4ff6-8de7-987cfc8c352f', '8d4fc519-7375-432c-8b6a-6cf000e9f287');
INSERT INTO public.notes (id, user_id, title, content, artist, album, release_year, metadata, "references", isPinned, created_at, updated_at) VALUES ('4c80ae7b-300e-40b0-a0a7-12241ee5f928', '3917b9a9-a856-4f33-a910-6ad73f9fa25b', 'Tu hi re (Uyire) - Bombay (D, Dsus2, G, Gm, Bm)', 'Intro
```E|-----------------------------------------------------------------------------------------
B|-----------------------------------------------------------------------------------------
G|-----------------------------------------------5/8-----5-----------------------------------------
D|---6/8--------8-----10-8--6---6/8---------------------6/8--------8-----10-8--6---6/8-----
```

[D] Tu Hi [G] Re.. [D] Tu Hi [G] Re...
Tere [D] Bina Main [G] Kaise [D] Jiyu
[D] Aajaa [G] Re.... [D] Aajaa [G] Re..
Yu Hi [D] Tadpa Na [G] Tu Mujh [D] ko
Jaan [G] Re.. Jaan [D] Re..
In [G] Saanso Mein [D] Bas Jaa [G] Tu
Chaand [G] Re..Chaand [D] Re..
Aajaa [G] Dil Ki Zam [D] een Pe [G] Tu
Cha [D] hat Hai A [G] gar
Aake [G] Mujhase [Dsus2] Mil Jaa [D] Tu
Yaa [D] Phir Aaisa [G] Kar Dhar [G] ti Se
Mi [Dsus2] la De Mujh [D] ko
[D] Tu Hi [G] Re [D] Tu Hi [G] Re
Tere [D] Bina Main [G] Kaise [D] Jiyu
Aajaa [G] Re....Aajaa [D] Re..
Yu Hi [G] Tadpa Na [D] Tu Mujh [G] ko

Flute:
[Bm] ... [G] .... [Bm] .. [G] ....
[Bm] ........ [D] ...........

[Gm] In Saanso Ka Dekho [D]
Tum Paagal [D] pan Ke
[Gm] Aaye Na [D] hi Inhe Chain
[Gm] Mujhase Ye [D] Boli Main
[D] Raahon Mein [D] Teri
[Gm] Apne Bi [D] chhaa Du Ye Nain
In [Gm] Uunche Pahaadon Se
[Dsus2] Jaan De Dunga [Gm] Main
[Gm] Gar Tum Naa Aai Ka [Dsus2] hin
Tum [Gm] Udhar Jaan Ummeed
[Gm] Meri Jo [Gm] Todo
[D] Idhar Ye Ja [Gm] haan Chhodu Main
Maut [G] Aur Zinda [Gm] gi
Tere [Gm] Haathon Mein [D] De Diya [A] Re
[D] Tu Hi [G] Re. [D] Tu Hi [G] Re.
Tere [D] Bina Main [G] Kaise [D] Jiyu
Aajaa [G] Re....Aajaa [D] Re..
Yu Hi [G] Tadpa Na [D] Tu Mujh [G] ko', 'Hariharan, Kavita Krishnamurthy', 'Bombay', 1995, 'D UUD UUD (DU)', 'https://indichords.com/songDetails.jsp?songId=92&titleExtra=Tu-hi-re-Bombay-Hariharan-A.R-Rahman
https://tabs.ultimate-guitar.com/tab/a-r-rahman/tu-hi-re-chords-1154783', FALSE, '2021-02-21T09:29:27.297000+00:00', '2021-03-14T12:08:40.455000+00:00');
INSERT INTO public.note_tags (id, user_id, note_id, tag_id) VALUES ('d672a705-00cf-409f-94e9-6cb406e75f63', '3917b9a9-a856-4f33-a910-6ad73f9fa25b', '4c80ae7b-300e-40b0-a0a7-12241ee5f928', '94f83bf8-1cd6-44f7-9e77-dc2d9928b555');
INSERT INTO public.note_tags (id, user_id, note_id, tag_id) VALUES ('642b5802-b195-47d0-b188-a3bc189280bc', '3917b9a9-a856-4f33-a910-6ad73f9fa25b', '4c80ae7b-300e-40b0-a0a7-12241ee5f928', '26bec2c9-84b7-4e97-8246-28dd469f49cd');
INSERT INTO public.notes (id, user_id, title, content, artist, album, release_year, metadata, "references", isPinned, created_at, updated_at) VALUES ('0ec99c45-0b4c-46ae-ab1b-f287c7451f3d', '3917b9a9-a856-4f33-a910-6ad73f9fa25b', 'Tu hi re (Uyire) - Bombay', 'Intro
```E|---------------------------------------------------------------------------------
B|---------------------------------------------------------------------------------
G|----------------------------------5/8---5------------------------
D|---6/8---8-----10-8--6---6/8----------------6/8----8-----10-8--6---6/8-----
```

Tu hi re, tu hi re
```E|---4/6--6---6h8---------4/6--6---6h-8p-6h8-----
```

tere bina main kaise jiyu
```E|--6--8--9---9/11-9---8\6--6--6---6\3-----
```

Aajaa re, aajaa re
```E|---4/6--6---6h8---------4/6--6---6h-8p-6h8-----
```

yu he tadpa na tu mujhko
```E|--6--8--9---9/11-9---8\6--6--6---6\3-----
```

Jaan re, jaan re
```E|-----------------------------------------------
B|---9/11-11-11\9-----9--11--9h11p-9\-8\-6-------
```

in saanso mein bas jaa tu
```E|--------------------------------------------
B|-----4--6---6/9--9--9---9/11-9---8\6--4-----
```

Chaand re, chaand re
```E|-----------------------------------------------
B|---9/11-11-11\9-----9--11--9h11p-9\-8\-6-------
```

aajaa dil ki zameen pe tu
```E|-----------------------------------------
B|--4--6---6/9--9--9---9/11-9---8\6--4-----
G|-----------------------------------------
```

Chaahat hai agar
```E|---9/11-9---9h11-11/13----11-9---9h11--9\8-----
```

aake mujhse mil ja tu
```E|---6/8--8--8--9---9/11----11/13--8\6--6------6h-8-------
```

Ya phir aisa kar
```E|---9/11-9---9h11-11/13----11-9---9h11--9\8-----
```

dharti se mila de mujhko
```E|---6/8--8--8---9/11----11-11/13-9---8\6--6-----
```

Tu hi re, tu hi re
```E|---4/6--6---6h8---------4/6--6---6h-8p-6h8-----
```

tere bina main kaise jiyu
```E|--6--8--9---9/11-9---8\6--6--6---6\3-----
```

tere bina main kaise jiyu
```E|--6--8--9---9/11-9---8\6--6--6---6\3-----
```

In saanson ka dekho tum pagalpan ke
```E|---3/4--6--11--8\6--6--6--6-----6--6---4/6---3h-4--3\1-----
```

Aaye nahi inhein chain
```E|---3/4--6--11--8\6--6--6--6-----
```

Mujhse yeh boli main raahon mein teri
```E|---3/4--6--11--8\6--6--6--6-----6--6---4/6---3h-4--3\1-----
```

Apne bichha doon yeh nain
```E|---3/4--6--11--8\6--6--6--6-----
```

In oonche pahadon se jaan de doonga main
```E|-----6--8---8/13-13-11-11h13-13-11-11h13-13-11-----9h11--9\8---8h-9--8\6-----
```

Gar tum na aayi kahin
```E|--6---6h8---8/13-13----13/16-15-13-13----
```

Tum udhar jaan ummeed meri jo todo
```E|-----6--8---8/13-13-11-11h13-13-11-11h13-13-11-----9h11--9\8---8h-9--8\6-----
```

Idhar yeh jahaan chhodun main
```E|--6---6h8---8/13-13----13/16-15-13-13----
```

Maut aur, zindagi
```E|--------------------------------------
B|--------------------------------------
G|---5/8--8---8\5------5/8--8---8\3-----
```

tere haathon mein de diya re
```E|-----4--4--4-----6--11--8\6--6--6--6-----
```

Tu hi re, tu hi re
```E|---4/6--6---6h8---------4/6--6---6h-8p-6h8-----
```', 'Hariharan, Kavita Krishnamurthy', 'Bombay', 1995, NULL, 'https://www.youtube.com/watch?v=F01Ssi1Camo', FALSE, '2021-02-21T08:52:40.303000+00:00', '2025-09-12T14:56:24.480000+00:00');
INSERT INTO public.note_tags (id, user_id, note_id, tag_id) VALUES ('8240e05e-4ea5-4ace-ba5b-158b9625a84a', '3917b9a9-a856-4f33-a910-6ad73f9fa25b', '0ec99c45-0b4c-46ae-ab1b-f287c7451f3d', '39d6ed04-fc5c-427e-9060-9041887f4d0e');
INSERT INTO public.note_tags (id, user_id, note_id, tag_id) VALUES ('f46d9bc4-077c-4e4e-8196-264531743348', '3917b9a9-a856-4f33-a910-6ad73f9fa25b', '0ec99c45-0b4c-46ae-ab1b-f287c7451f3d', '74d4c762-17cd-4377-b23a-52bf90f64c92');
INSERT INTO public.note_tags (id, user_id, note_id, tag_id) VALUES ('0c643494-c45d-4d61-8eae-4369fb2155a2', '3917b9a9-a856-4f33-a910-6ad73f9fa25b', '0ec99c45-0b4c-46ae-ab1b-f287c7451f3d', '94f83bf8-1cd6-44f7-9e77-dc2d9928b555');
INSERT INTO public.note_tags (id, user_id, note_id, tag_id) VALUES ('3d6577b0-fec4-4e51-a244-5f0f1b660d5a', '3917b9a9-a856-4f33-a910-6ad73f9fa25b', '0ec99c45-0b4c-46ae-ab1b-f287c7451f3d', '22c9085c-724b-4679-aa10-b79b72f9b0be');
INSERT INTO public.notes (id, user_id, title, content, artist, album, release_year, metadata, "references", isPinned, created_at, updated_at) VALUES ('0570bbf0-72db-4f3f-94c2-3d20736037ec', '3917b9a9-a856-4f33-a910-6ad73f9fa25b', 'Blank Template', '```e | - - - - - - - - - - - - - - - - - - - - - - - - - - - - - 
B | - - - - - - - - - - - - - - - - - - - - - - - - - - - - - 
G | - - - - - - - - - - - - - - - - - - - - - - - - - - - - - 
D | - - - - - - - - - - - - - - - - - - - - - - - - - - - - - 
A | - - - - - - - - - - - - - - - - - - - - - - - - - - - - - 
E | - - - - - - - - - - - - - - - - - - - - - - - - - - - - - 
```








OLD SONGS', 'Unavailable', 'Unavailable', 1992, NULL, 'https://onguitarlesson.blogspot.in
http://guitar-tabs-lead.blogspot.in/2012/02/chehra-hai-ya-chand-khila-hai-guitar.html
http://rockonguitar247.blogspot.in/2013/09/luka-chuppi-guitar-tabs-movie-rang-de.html
http://rockonguitar247.blogspot.in/2013/07/be-intehaan-guitar-tabs-race-2.html
http://tabandchord.com/2013/06/how-to-make-chords-of-any-song-very-simple-with-example/
https://www.youtube.com/watch?v=24UO0kpaDqE
http://tabandchord.com/2013/08/jaane-jaan-dhoondta-phir-raha-chords-kishore-kumar/
https://tabs.ultimate-guitar.com/tab/kishore_kumar/dil_kya_kare_chords_1877563
https://tabs.ultimate-guitar.com/tab/kishore_kumar/hum_bewafa_hargiz_na_the_chords_1227545
https://www.quora.com/Which-are-some-easy-popular-old-Hindi-songs-to-play-on-Guitar-using-open-chords', TRUE, '2017-10-07T04:03:40.832000+00:00', '2019-04-05T12:16:55.920000+00:00');
INSERT INTO public.notes (id, user_id, title, content, artist, album, release_year, metadata, "references", isPinned, created_at, updated_at) VALUES ('3a91c1f6-d8e9-449a-9336-3dca021d51f2', '3917b9a9-a856-4f33-a910-6ad73f9fa25b', 'Achyutam Keshavam', '(C)Achyutam Keshavam (G)Krishna Damodaram
 (F)Rama Naray(G)nam Jana(C)ki Vallabham........x2 
(C)Kaun Kehta Hai Bhagvan (G)Aate Nahi 
(F)Tum Meera (G)Ke Jaise (C)Bulate Nahi

(C)Achyutam Keshavam (G)Krishna Damodaram 
(F)Rama Naray(G)nam Jana(C)ki Vallabham........x2 
(C)Kaun Kehta Hai Bhagvan (G)Khaate Nahi 
(F)Ber Shabri (G)Ke Jaise (C)Khilate Nahi

(C)Achyutam Keshavam (G)Krishna Damodaram 
(F)Rama Naray(G)nam Jana(C)ki Vallabham........x2 
(C)Kaun Kehta Hai Bhagvan (G)Sote Nahi
 (F)Maa Yashoda (G)Ke Jaise (C)Sulate Nahin

(C)Achyutam Keshavam (G)Krishna Damodaram 
(F)Rama Naray(G)nam Jana(C)ki Vallabham........x2 
(C)Kaun Kehta Hai Bhagvan (G)Nachthe Nahi 
(F)Gopiyo Ki Tarah (G)Tum (C)Nachathae Nahi

(C)Achyutam Keshavam (G)Krishna Damodaram 
(F)Rama Naray(G)nam Jana(C)ki Vallabham........x2 
(C)Naam Japate Chalo (G)Kaam Karte Chalo 
(F)Har Samay Krishna (G)Ka Dhyaan(C) Karte Chalo

(C)Achyutam Keshavam (G)Krishna Damodaram 
(F)Rama Naray(G)nam Jana(C)ki Vallabham........x2 
(C)Yaad Aayegi Unko (G)Kabhi Na Kabhi 
(F)Krishan Darshan To (G)Denge (C)Kabhi Na Kabhi

(C)Achyutam Keshavam (G)Krishna Damodaram 
(F)Rama Naray(G)nam Jana(C)ki Vallabham........x2', 'Vikram Hazra', 'Krishna', 2004, 'Capo at 3
D DU UDU', 'https://www.youtube.com/watch?v=OsOpO4T2uF4', FALSE, '2020-04-28T01:13:10.924000+00:00', '2020-04-28T01:52:04.369000+00:00');
INSERT INTO public.note_tags (id, user_id, note_id, tag_id) VALUES ('68079e51-211f-4aab-89f9-0951faf46518', '3917b9a9-a856-4f33-a910-6ad73f9fa25b', '3a91c1f6-d8e9-449a-9336-3dca021d51f2', '94f83bf8-1cd6-44f7-9e77-dc2d9928b555');
INSERT INTO public.note_tags (id, user_id, note_id, tag_id) VALUES ('19e9cc76-920d-468a-b653-b03185c1acfe', '3917b9a9-a856-4f33-a910-6ad73f9fa25b', '3a91c1f6-d8e9-449a-9336-3dca021d51f2', '26bec2c9-84b7-4e97-8246-28dd469f49cd');
INSERT INTO public.note_tags (id, user_id, note_id, tag_id) VALUES ('caac9b36-333a-4f7f-8441-4384c78128b8', '3917b9a9-a856-4f33-a910-6ad73f9fa25b', '3a91c1f6-d8e9-449a-9336-3dca021d51f2', '6a3e1159-3e7b-4145-b202-58429f143d25');
INSERT INTO public.notes (id, user_id, title, content, artist, album, release_year, metadata, "references", isPinned, created_at, updated_at) VALUES ('4f58b748-ee82-467a-acf5-244d074fd6a9', '3917b9a9-a856-4f33-a910-6ad73f9fa25b', 'Abhi Mujh Mein Kahin', '', 'Sonu Nigam', 'Agneepath', 2012, NULL, 'https://www.youtube.com/watch?v=fTiwRxe-bkM', FALSE, '2018-09-04T16:03:51.738000+00:00', '2018-09-04T16:03:57.846000+00:00');
INSERT INTO public.note_tags (id, user_id, note_id, tag_id) VALUES ('5a8295ec-1002-42c9-9757-da5033df01f1', '3917b9a9-a856-4f33-a910-6ad73f9fa25b', '4f58b748-ee82-467a-acf5-244d074fd6a9', 'ca29fa62-24fc-4ecb-808c-f795c7122529');
INSERT INTO public.note_tags (id, user_id, note_id, tag_id) VALUES ('93f87a48-0530-4e3e-bc94-02cff1027bae', '3917b9a9-a856-4f33-a910-6ad73f9fa25b', '4f58b748-ee82-467a-acf5-244d074fd6a9', '94f83bf8-1cd6-44f7-9e77-dc2d9928b555');
INSERT INTO public.note_tags (id, user_id, note_id, tag_id) VALUES ('a651d8c3-de0a-4fe8-8a78-7f43433d0d66', '3917b9a9-a856-4f33-a910-6ad73f9fa25b', '4f58b748-ee82-467a-acf5-244d074fd6a9', '22c9085c-724b-4679-aa10-b79b72f9b0be');
INSERT INTO public.notes (id, user_id, title, content, artist, album, release_year, metadata, "references", isPinned, created_at, updated_at) VALUES ('05bf6652-6f09-4513-bee7-a265f9826ff7', '3917b9a9-a856-4f33-a910-6ad73f9fa25b', 'Channa Mereya', '```E |-8-10-12-12-12-
```
Accha chalta hoon

```E |-12-10-8-----8---------
B |------12-----10-10-10--
```
Duaaon mein yaad rakhna

```E |----8-8-8-8-8------------
B |-10-12----------12-10-8-10-8-8-8--
```
Mere zikr ka zubaan pe swaad rakhna (x2)

```E |-8-10-12-12-12-15--
```
Dil ke sandookon mein

```E |-12-10-8-----8---------
B |------12-----10-10-10--
```
Mere acche kaam rakhna

```E |------8-8-8-8---
B |-10-12---------
```
Chitthi taaron mein bhi

```E |-8----------
B |--12-10-8-10-8-8-8-
```
Mera tu salaam rakhna

```E |---8-10-8-10-------8-13-13-13-15--
B |-8-10--------10----------
```
Andhera tera maine le liya

```E |-15-15-13-17-15-13-12-10-10-12-13---12-10-8-7-8-
```
Mera ujla sitaara tere naam kiya

```E |-8----10-8-8-8-8--------10-8-8-
B |---12----------12-------
```
Channa mereya mereya

```E |-------------
B |-10-8-10-10-10-13-12-10-10-
```
Channa mereya mereya

```E |------------------
B |-------10-10-10-12-12-13---10-8-8--
G |-10-9-10---------------
```
Channa mereya mereya beliya

```E |--10-12-13-12-10-8~~~-
B |-12----------
```
O piya.. (x2)

O.. piya… piya… piya…
O piya..

```E |-12-10-10-10-10-12-10-8-----
B |-----------------10-
```
Mehfil mein teri,

```E |-12-10-10-10-8------
B |-----------10--
```
Hum na rahe jo

```E |--8-------------8----------
B |-10--12-10-10-8-8----12---12-10-10-8-8--
```
Gham toh nahi hai, Gham toh nahi hai

```E |-12-10-10-10-10-12-10-8-----
B |-----------------10-
```
Qisse humare

```E |-12-10-10-10-8------
B |-----------10--
```
Nazdeekiyon ke

```E |--8------------8----------
B |-10--12-10-10-8-8----12---12-10-10-8-8--
```
Kam toh nahi hai, Kam toh nahi hai

```E |---8-10-8-10-------8-13-13-13-15-
B |-8-10----------10----------
```
Kitni dafa, subah ko meri

```E |-15-15-13-17-15-13-12-10-10-12-13-12-10-8-7-8-
```
Tere aangan me baithe maine sham kiya

```E |-8----10-8-8-8-8--------10-8-8-
B |---12----------12-------
```
Channa mereya mereya

```E |-------------
B |-10-8-10-10-10-13-12-10-10-
```
Channa mereya mereya

```E |------------------
B |-------10-10-10-12-12-13----10-8-8-
G |-10-9-10---------------
```
Channa mereya mereya beliya

```E |--10-12-13-12-10-8~~~-
B |-12----------
```
O piya.. (x2)', 'Arijit Singh', 'Ae Dil Hai Mushkil', 2016, NULL, 'http://msworldsite.com/channa-mereya-guitar-tabs-lead-ae-dil-hai-mushkil-arijit-singh/', FALSE, '2018-09-20T14:45:37.233000+00:00', '2018-10-01T03:07:27.599000+00:00');
INSERT INTO public.note_tags (id, user_id, note_id, tag_id) VALUES ('22e191a3-5f24-4572-94d6-fe6a49e020f9', '3917b9a9-a856-4f33-a910-6ad73f9fa25b', '05bf6652-6f09-4513-bee7-a265f9826ff7', '94f83bf8-1cd6-44f7-9e77-dc2d9928b555');
INSERT INTO public.note_tags (id, user_id, note_id, tag_id) VALUES ('0caf4ba0-c028-4664-bd40-f46aea677534', '3917b9a9-a856-4f33-a910-6ad73f9fa25b', '05bf6652-6f09-4513-bee7-a265f9826ff7', '22c9085c-724b-4679-aa10-b79b72f9b0be');
INSERT INTO public.notes (id, user_id, title, content, artist, album, release_year, metadata, "references", isPinned, created_at, updated_at) VALUES ('499a5950-53a9-4eda-82f5-feb86c4e04fa', '3917b9a9-a856-4f33-a910-6ad73f9fa25b', 'Wake me up When September Ends - Green Day', '', 'Green Day', 'American Idiot', 2004, NULL, 'https://www.youtube.com/watch?v=v_8IeJepuDg', FALSE, '2018-10-13T10:01:03.510000+00:00', '2018-10-13T10:01:18.363000+00:00');
INSERT INTO public.note_tags (id, user_id, note_id, tag_id) VALUES ('ac1424fb-0cc5-4aaf-8f84-cd9154483d5f', '3917b9a9-a856-4f33-a910-6ad73f9fa25b', '499a5950-53a9-4eda-82f5-feb86c4e04fa', 'ca29fa62-24fc-4ecb-808c-f795c7122529');
INSERT INTO public.note_tags (id, user_id, note_id, tag_id) VALUES ('c82445c2-5fb7-475a-8ca1-cfa97e971c5d', '3917b9a9-a856-4f33-a910-6ad73f9fa25b', '499a5950-53a9-4eda-82f5-feb86c4e04fa', '26bec2c9-84b7-4e97-8246-28dd469f49cd');
INSERT INTO public.note_tags (id, user_id, note_id, tag_id) VALUES ('301ac66f-85d4-4bd6-8960-9e98f0d35787', '3917b9a9-a856-4f33-a910-6ad73f9fa25b', '499a5950-53a9-4eda-82f5-feb86c4e04fa', 'eebbc269-be1f-43e9-a641-4b2e91a39ff4');
INSERT INTO public.notes (id, user_id, title, content, artist, album, release_year, metadata, "references", isPinned, created_at, updated_at) VALUES ('65df24f2-02dd-4766-8a34-c1a1338571db', '3917b9a9-a856-4f33-a910-6ad73f9fa25b', 'Chahun Main Ya Na - Aashiqui 2', 'INTRO : https://youtu.be/rGLPjnsJB5o
Hold Am                                                  => 5, 4, 3, 1
Am + [3rd fret, 2nd string]                     => 5, 4, 2
Am  (in second 3, lift ring finger)          => 5, 4, 2 (pull off), 3, 3, 3
[Index on s6f1],[ring s5f3],[pinky s4f3] => 6, 5, 4 3
```e | - - - -0- - - - - - - - - - - - - - - - - - 
B | - - - -0 - 1 - 3- - - - -0 -1 -3 - - -
G | - 2- -0- - - - - - - - 2- - - - - - - - - 
```

======Ddd Ddd Ddd Ddd=========
(Am)Tu hi ye mujhko(G)bata de
(F)Chahun main ya na (G)
(Am)Apne tu dil ka(G)pata de
(F)Chahun main ya na (G)
(Am)Tu hi ye mujhko(G)bata de
(F)Chahun main ya na(G)
(Am)Apne tu dil ka(G)pata de
(F)Chahun main ya na (G)

======D D UDUD DU=========
(Am)Itna bata doon tujhko
(G)Chahat pe apni mujhko
(F)Yun to nahi(G)ikhtiyaar
(Am)Phir bhi yeh socha dil ne
(G)Ab jo laga hoon milne
(F)Poochu tujhe ek(G)baar

(Am)Tu hi ye mujhko(G)bata de
(F)Chahun main ya na (G)
(Am)Apne tu dil ka(G)pata de
(F)Chahun main ya na (G)

(Am)(G)(F)(G)

======Ddd Ddd Ddd Ddd=========
(C)Aisi kabhi(Am)pehle
Hui(F)na thi(G)khwahishein
(C)Kisi se bhi(Am)milne
Ki na(F)ki thi(G)koshishein

======D D UDUD DU=========
(Am)Uljhan meri(G)suljha de
(F)Chahun main ya na (G)
(Am)Aankhon aankhon mein(G)jata de
(F)Chahun main ya na (G)

(Am)(G)(F)(G)

======Ddd Ddd Ddd Ddd=========
(C)Mere chote chote khwaab hain
Khaabon mein(Em)geet hain
Geeton mein(F)zindagi hai
(G)Chaahat hai(C)preet hai
Abhi main na dekhoon(C)khwaab wo
Jin mein na(Em)tu mile
Le khole(F)honth maine
(G)Ab tak the(C)jo sile

======D D UDUD DU=========
(Am)Mujhko na jitna mujh pe
(G)Utna is dil ko tujh pe
(F)Hone laga(E)aitbaar
(Am)Tanha lamhon mein apne
(G)Bunti hoon tere sapne
(F)Tujhse hua mujhko(E)pyaar

(Am)Poochungi tujhko(G)kabhi na
(F)Chahun main ya na (G)
(Am)Tere khaabon mein ab(G)jeena
(F)Chahun main kyun na (G)

(Am)(F)(G)
(Am)(F)(G)

(Am)Tu hi ye mujhko(G)bata de
(F)Chahun main ya na (G)
(Am)Apne tu dil ka(G)pata de
(F)Chahun main ya na (G)', 'Arijit Singh, Palak Muchhal', 'Aashiqui 2', 2013, 'Strumming : D D UDUDU D (DU)
Chords used : Am, G, F, Em, E', 'https://www.youtube.com/watch?v=rGLPjnsJB5o', FALSE, '2020-09-14T10:50:45.438000+00:00', '2020-09-15T01:52:38.496000+00:00');
INSERT INTO public.note_tags (id, user_id, note_id, tag_id) VALUES ('34feae67-22e3-41c4-8caf-313334303e2c', '3917b9a9-a856-4f33-a910-6ad73f9fa25b', '65df24f2-02dd-4766-8a34-c1a1338571db', '39d6ed04-fc5c-427e-9060-9041887f4d0e');
INSERT INTO public.note_tags (id, user_id, note_id, tag_id) VALUES ('cf03a058-617e-4aa7-8838-b7cad5055e25', '3917b9a9-a856-4f33-a910-6ad73f9fa25b', '65df24f2-02dd-4766-8a34-c1a1338571db', '94f83bf8-1cd6-44f7-9e77-dc2d9928b555');
INSERT INTO public.note_tags (id, user_id, note_id, tag_id) VALUES ('96f324d8-6cf7-42d5-b20f-3e6079510b6e', '3917b9a9-a856-4f33-a910-6ad73f9fa25b', '65df24f2-02dd-4766-8a34-c1a1338571db', '26bec2c9-84b7-4e97-8246-28dd469f49cd');
INSERT INTO public.notes (id, user_id, title, content, artist, album, release_year, metadata, "references", isPinned, created_at, updated_at) VALUES ('607a12f0-eb53-4fbd-9e67-7bfac06c5bf8', '3917b9a9-a856-4f33-a910-6ad73f9fa25b', 'Ek ladki ko dekha to', 'Intro Tabs (Starting of the song) :
```E |-----8-------
B |--11----11-11----
G |10-----------
D |------------
```

```E |-----8----10---
B |---11----11------
G |-10-------------
D |--------------
```

Music in between the song (1:24 min) :
```E |------8----------
B |---10-----11-11-11-11-11---
G |-10---------------
D |----------------
```

```E |------8----------
B |---10-----11-11-11-11-11---
G |-10---------------
D |----------------
```

```E |--------------
B |---11-----8-8-8-8-8--
G |-10---10---------
D |--------------
```

```E |--------------
B |----8----------
G |-7-8----10-10-10-10-10--
D |--------------
```


```E |---8-----8------8------8--------
B |-11---10-11----10-11-----10-----10-11----
G |---------------------------
D |---------------------------
```
Ho ek ladki ko dekha to aisa laga

```E |----------------
B |-11-11-10-11-----10-8-----
G |--------10--------
D |----------------
```
Jaise khilta gulaab

```E |----------------
B |-11-11-10-11-----10-8-----
G |--------10--------
D |----------------
```
Jaise shaayar ka khwaab

```E |----------------
B |-11-11-10-11-----10-8-----
G |--------10--------
D |----------------
```
Jaise ujli kiran

```E |--------------
B |-8-8---8---------
G |---8----10-10-----
D |--------------
```
Jaise van mein hiran

```E |---------------
B |-8-----8---------
G |--10-8-8----10-10-----
D |---------------
```
Jaise chaandni raat

```E |--------------
B |-8-----8-11-8------
G |--10-8-8-----10-10---
D |--------------
```
Jaise naghme ki baat

```E |-----------10-8--
B |------10-11-------
G |-10-10-10-----------
D |---------------
```
Jaise mandir mein ho

```E |-8-8----------10-8--------
B |-------10-11----------11-11--
G |----10-----------------
D |----------------------
```
Ek jalta diya..ho…

```E |---8-----8------8------8--------
B |-11---10-11----10-11-----10-----10-11----
G |---------------------------
D |---------------------------
```
Ho ek ladki ko dekha to aisa laga….

.
.


Ho ek ladki ko dekha to aisa laga

Ek ladki ko dekha to aisa laga

Jaise subahon ka roop

Jaise sardi ki dhoop

Jaise veena ki taan

Jaise rangon ki jaan

Jaise balkhaaye bel

Jaise lehron ka khel

Jaise khushboo liye aaye thandi hava

Ho ek ladki ko dekha to aisa laga



Ho ek ladki ko dekha to aisa laga

Ek ladki ko dekha to aisa laga

Jaise naachta mor

Jaise resham ki dor

Jaise pariyon ka raag

Jaise sangdal ki aag

Jaise sola sighaar

Jaise rasti fuhaar

Jaise aahista aahista badhta nasha

Ho ek ladki ko dekha to aisa laga', 'Kumar Sanu', '1942: A Love Story', 1994, NULL, NULL, FALSE, '2017-11-03T16:14:56.226000+00:00', '2017-11-03T16:16:54.516000+00:00');
INSERT INTO public.note_tags (id, user_id, note_id, tag_id) VALUES ('477d3749-64ff-4be9-9f39-b27d9dd29cba', '3917b9a9-a856-4f33-a910-6ad73f9fa25b', '607a12f0-eb53-4fbd-9e67-7bfac06c5bf8', '39d6ed04-fc5c-427e-9060-9041887f4d0e');
INSERT INTO public.note_tags (id, user_id, note_id, tag_id) VALUES ('07119dc5-17ba-4692-a592-da37d841f45a', '3917b9a9-a856-4f33-a910-6ad73f9fa25b', '607a12f0-eb53-4fbd-9e67-7bfac06c5bf8', '22c9085c-724b-4679-aa10-b79b72f9b0be');
INSERT INTO public.note_tags (id, user_id, note_id, tag_id) VALUES ('92750066-bae0-45d8-9a7b-b88d303e852f', '3917b9a9-a856-4f33-a910-6ad73f9fa25b', '607a12f0-eb53-4fbd-9e67-7bfac06c5bf8', 'f22d1b82-b224-4a44-a581-b5c25015af54');
INSERT INTO public.notes (id, user_id, title, content, artist, album, release_year, metadata, "references", isPinned, created_at, updated_at) VALUES ('cd12286d-632f-4443-9c64-c71dcf175a45', '3917b9a9-a856-4f33-a910-6ad73f9fa25b', 'Tum Hardafa Ho', '=======Ddd Ddd D=========
(Am)Tum naya (F)ehsaas ho, (Am)Jannati (F)barsaat ho

Am.....F.....
(Am)Tum naya (F)ehsaas ho, (Am)Jannati (F)barsaat ho
(G)Dhoop jitni (Em)hai subah ki, (F)Utne mere (Am)paas ho…

(Am)Tum haseen (F)lamhaat ho, (Am)Raahaton ki (F)baat ho
(G)Khwabon ko rakh (Em)ke labon pe, (F)Gungunati (Am)raat ho

=======D UUD UUD DU=========
(Am)Tum ho, din ke (G)ujaalo mein bhi, Rabb sa (F)khayalon mein bhi
Tum (Am)hardafa ho…

(Am)Tum ho meri (G)aawaazon mein bhi, Bin bole (F)waadon mein bhi
Tum (Am)hardafa ho…

=======Ddd Ddd D=========
Haan saath mein (Am)mere...(C)...raat (F)bitaane..(G)
Neend ki (Am)tarah...(C)...aao (F)sirhaane...(Am)

(Am)Tum meri (F)muskaan ho, (Am)Tum hi meri (F)jaan ho
(G)Main hoon pal (Em)bechainiyon ka, (F)Tum mera (Am)aaraam ho

=======D UUD UUD DU=========
(Am)Tum ho, din ke (G)ujaalo mein bhi, Rabb sa (F)khayalon mein bhi
Tum (Am)hardafa ho

(Am)Tum ho meri (G)aawazon mein bhi, Bin bole (F)vaadon mein bhi
Tum (Am)hardafa ho

=======Ddd Ddd D=========
Main behna (Am)chaahun...(C)...tumhi se (F)hoke..(G)
Tere hi (Am)kinaare..(C)...mujhe phir (F)roke..(Am)

(Am)Tum meri (F)pehchan ho, (Am)Tum hi mera (F)naam ho
(G)Main hoon lamha (Em)dopahar ka, (F)Tum subah ho (Am)shaam ho

=======D UUD UUD DU=========
(Am)Tum ho, din ke (G)ujaalo mein bhi, Rabb sa (F)khayalon mein bhi
Tum (Am)hardafa ho

(Am)Tum ho meri (G)aawazon mein bhi, Bin bole (F)vaadon mein bhi
Tum (Am)hardafa ho', 'Ankit Tiwari', 'Tum Hardafa Ho', 2017, 'Capo at 1
Ddd Ddd D  (Starting Part)
D UUD UUD DU  (Later Part)', 'https://www.youtube.com/watch?v=cgpR2t9ys-E', FALSE, '2019-01-27T15:48:12.193000+00:00', '2019-02-15T02:03:30.365000+00:00');
INSERT INTO public.note_tags (id, user_id, note_id, tag_id) VALUES ('15d28ca4-b7f8-4e93-9e89-c497ddf6af4a', '3917b9a9-a856-4f33-a910-6ad73f9fa25b', 'cd12286d-632f-4443-9c64-c71dcf175a45', '94f83bf8-1cd6-44f7-9e77-dc2d9928b555');
INSERT INTO public.note_tags (id, user_id, note_id, tag_id) VALUES ('bcfd3dce-1d55-4f80-ab4e-bb655e52ef23', '3917b9a9-a856-4f33-a910-6ad73f9fa25b', 'cd12286d-632f-4443-9c64-c71dcf175a45', '26bec2c9-84b7-4e97-8246-28dd469f49cd');
INSERT INTO public.notes (id, user_id, title, content, artist, album, release_year, metadata, "references", isPinned, created_at, updated_at) VALUES ('25810410-919b-4829-bf60-bbc427a9420f', '3917b9a9-a856-4f33-a910-6ad73f9fa25b', 'Hum Bewafa Hargiz Na The', '', 'Kishore Kumar', 'Shalimar', 1978, 'Capo at 2
D Chuck U    U Chuck U                       (https://youtu.be/--ChQzBsU_0?t=59)', 'https://tabs.ultimate-guitar.com/tab/kishore_kumar/hum_bewafa_hargiz_na_the_chords_1227545', FALSE, '2019-04-23T13:47:20.345000+00:00', '2019-04-23T14:40:53.076000+00:00');
INSERT INTO public.note_tags (id, user_id, note_id, tag_id) VALUES ('19761642-d621-435f-ac35-cfc61ab556ac', '3917b9a9-a856-4f33-a910-6ad73f9fa25b', '25810410-919b-4829-bf60-bbc427a9420f', 'ca29fa62-24fc-4ecb-808c-f795c7122529');
INSERT INTO public.note_tags (id, user_id, note_id, tag_id) VALUES ('00dd96c8-e5d6-4116-a443-6d70ac7f4299', '3917b9a9-a856-4f33-a910-6ad73f9fa25b', '25810410-919b-4829-bf60-bbc427a9420f', '26bec2c9-84b7-4e97-8246-28dd469f49cd');
INSERT INTO public.note_tags (id, user_id, note_id, tag_id) VALUES ('18b41862-93fe-49a2-8f8b-a85af3543ba8', '3917b9a9-a856-4f33-a910-6ad73f9fa25b', '25810410-919b-4829-bf60-bbc427a9420f', 'f22d1b82-b224-4a44-a581-b5c25015af54');
INSERT INTO public.notes (id, user_id, title, content, artist, album, release_year, metadata, "references", isPinned, created_at, updated_at) VALUES ('0c45408d-d365-402e-9277-ad532c1bbb0f', '3917b9a9-a856-4f33-a910-6ad73f9fa25b', 'Californication - RHCP', '```e | - - - - - - - - - - - - - - - - - - - - - - - - - - -
B | - - - - - - - 0 - 1 - - - - - - - - - - - - - - - - 
G | - - - - - - - - - - - - - - - - - - - - - - 0 - 2 - 
D | - - - 2 - - - - - - - - - - - - - - - - - - - - - - 
A | - 0 - - - - - - - - - - - - - - - - 3 - - - - - - - 
E | - - - - - - - - - - - - - - - - - 0 - - - - - - - - 
```

FULL VERSION', 'Red Hot Chili Peppers', 'Californication', 1999, NULL, 'https://www.youtube.com/watch?v=vQxMTj-fKY4', FALSE, '2017-10-21T07:05:10.511000+00:00', '2020-11-21T12:45:04.406000+00:00');
INSERT INTO public.note_tags (id, user_id, note_id, tag_id) VALUES ('82713c2e-122e-4d94-8909-d194217cc167', '3917b9a9-a856-4f33-a910-6ad73f9fa25b', '0c45408d-d365-402e-9277-ad532c1bbb0f', 'ca29fa62-24fc-4ecb-808c-f795c7122529');
INSERT INTO public.note_tags (id, user_id, note_id, tag_id) VALUES ('ac73ee40-372d-4a86-8140-773de5d82e8c', '3917b9a9-a856-4f33-a910-6ad73f9fa25b', '0c45408d-d365-402e-9277-ad532c1bbb0f', '39d6ed04-fc5c-427e-9060-9041887f4d0e');
INSERT INTO public.note_tags (id, user_id, note_id, tag_id) VALUES ('d6659eee-1eb9-432d-86e0-3e7f006b0c04', '3917b9a9-a856-4f33-a910-6ad73f9fa25b', '0c45408d-d365-402e-9277-ad532c1bbb0f', 'f6f1fa22-4ebb-4dfc-8a00-65f2e520dc91');
INSERT INTO public.note_tags (id, user_id, note_id, tag_id) VALUES ('1612b906-0770-4c3c-ab3c-4affb2531eed', '3917b9a9-a856-4f33-a910-6ad73f9fa25b', '0c45408d-d365-402e-9277-ad532c1bbb0f', '22c9085c-724b-4679-aa10-b79b72f9b0be');
INSERT INTO public.note_tags (id, user_id, note_id, tag_id) VALUES ('1a5d701b-ba26-4da1-aebf-7289d834d6d2', '3917b9a9-a856-4f33-a910-6ad73f9fa25b', '0c45408d-d365-402e-9277-ad532c1bbb0f', 'eebbc269-be1f-43e9-a641-4b2e91a39ff4');
INSERT INTO public.notes (id, user_id, title, content, artist, album, release_year, metadata, "references", isPinned, created_at, updated_at) VALUES ('7453bc27-f76d-4ec4-8ed5-5cd6470078ee', '3917b9a9-a856-4f33-a910-6ad73f9fa25b', 'Aankh Hai Bhari Bhari', '', 'Kumar Sanu', 'Tum Se Achcha Kaun Hai', 2002, NULL, 'https://www.youtube.com/watch?v=wWjZ6xCHJP8', FALSE, '2018-09-04T16:11:33.249000+00:00', '2018-09-04T16:11:38.189000+00:00');
INSERT INTO public.note_tags (id, user_id, note_id, tag_id) VALUES ('107d44b0-e090-4db6-a451-133ea558fd26', '3917b9a9-a856-4f33-a910-6ad73f9fa25b', '7453bc27-f76d-4ec4-8ed5-5cd6470078ee', 'ca29fa62-24fc-4ecb-808c-f795c7122529');
INSERT INTO public.note_tags (id, user_id, note_id, tag_id) VALUES ('264a9c70-07c5-4e0f-ae41-b35f8bfa5630', '3917b9a9-a856-4f33-a910-6ad73f9fa25b', '7453bc27-f76d-4ec4-8ed5-5cd6470078ee', '94f83bf8-1cd6-44f7-9e77-dc2d9928b555');
INSERT INTO public.note_tags (id, user_id, note_id, tag_id) VALUES ('19a70fb8-42ba-4ac6-97e9-58989bab27ad', '3917b9a9-a856-4f33-a910-6ad73f9fa25b', '7453bc27-f76d-4ec4-8ed5-5cd6470078ee', '22c9085c-724b-4679-aa10-b79b72f9b0be');
INSERT INTO public.notes (id, user_id, title, content, artist, album, release_year, metadata, "references", isPinned, created_at, updated_at) VALUES ('094cc030-13dc-4e19-8e72-e405f9b45abc', '3917b9a9-a856-4f33-a910-6ad73f9fa25b', 'Agar Tum Mil Jao', '```E |---------------
B |-5-5-7-5h7-----5-7-----
G |--------7--------
D |---------------
```
Agar Tum Mil Jao

```E |-----5-------
B |-8-5-7----7-7-7-5---
G |-------------
D |-------------
```
Zamana Chod Denge Hum… (3)

```E |-5-5-5-5-7-7-7-12-10-10-9-7-5-7-5------------
B |------------------------7-5-7--
G |---------------------------
D |---------------------------
```
Tumhe Paakar Zamane Bhar Se Rishta Tod Denge Hum', 'Shreya Ghoshal', 'Zeher', 2005, NULL, NULL, FALSE, '2017-11-03T16:30:20.633000+00:00', '2017-11-03T16:36:24.943000+00:00');
INSERT INTO public.note_tags (id, user_id, note_id, tag_id) VALUES ('5075b94a-d273-4541-b624-abd373f00a58', '3917b9a9-a856-4f33-a910-6ad73f9fa25b', '094cc030-13dc-4e19-8e72-e405f9b45abc', '94f83bf8-1cd6-44f7-9e77-dc2d9928b555');
INSERT INTO public.note_tags (id, user_id, note_id, tag_id) VALUES ('5d88e2b2-fcce-42a0-b8d8-7845938ec121', '3917b9a9-a856-4f33-a910-6ad73f9fa25b', '094cc030-13dc-4e19-8e72-e405f9b45abc', '22c9085c-724b-4679-aa10-b79b72f9b0be');
INSERT INTO public.notes (id, user_id, title, content, artist, album, release_year, metadata, "references", isPinned, created_at, updated_at) VALUES ('a3f7ebf4-4c9a-4c08-8653-ea2ae181199b', '3917b9a9-a856-4f33-a910-6ad73f9fa25b', 'Dil Ibaadat', '........Am...........................................................F...................................
```e | - - - - - - - - - - - - - - - - - - - - - - - - - - - - - - - -8 - 10- - - - - - - - - - - - - - - - - - 
B | - - - - -5-6-8- -8/10 - 8 - 8h10 - 8 - 8h10 - - - - - - 6h8 - 6 - 6h8 - 6 - 5- -
G | - 5/7 - - - - - - - - - - - - - - - - - - - - - - - - - - - - - - - - - - - - - - - - - - - - - - - - - 
```

........Am...........................................................F................
```e | - - - - - - - - - - - - - - - - - - - - - - - - - - - - - - - -8 - 10b11- - - -
B | - - - - -5-6-8- -8/10 - 8 - 8h10 - 8 - 8h10 - - - - - - - - - 8- -
G | - 5/7 - - - - - - - - - - - - - - - - - - - - - - - - - - - - - - - - - - - - - - -
```

(Am)mujhko de tu mit jaane 
(F) ab khud se dil mil jaane 
(G) kyun hai ye itna faas(E)la....(F)...(G)

(Am)lamhe ye phir naa aane
(F) inko tu naa de jaane 
(G) tu mujhpe khud ko de lu(E)taa....(F)...(G)

tujhe (Am)tujhse todd lunn
kahin (F)khud se jodd lunn 
mere (G)jism o jaa bayaan 
teri (F)khushboo odd (E)lunn

jo bhi (Am)saasein mein bharoon 
unhe (F)tere sung bharoon 
chahe (G)jo ho raasta
use (F)tere sung cha(E)loon 

(Am)dil ibadat (G)kar rha hai
(F)dhadkane meri (C)sun
tujhko mein (F)krloon haasil lagi hai yahi (E)dhun

(Am)zindagi ki (G)shakh se lun
(F)kuch hasin pal mein (C)chun
tujhko mein (F)krloon haasil lagi hai yahi (E)dhun

(Am) baahon mein de bas jaane
(F) seene mein de chhup jaane 
(G) tujh bin jaaun to ka(E)haan ..

(Am)tujhse hain mujhko paane
(F) yaadon ke vo nazraane
(G) ik jinpe hak ho bas me(E)ra...

teri (Am)yaadon mein rahoon 
tere (F)khwabon mein jagoo 
mujhe (G)dhoondhe jab koi 
teri (F)aankhon mein mi(E)loo

jo bhi (Am)saasein mein bharoon
unhe (F)tere sung bharoon
chahe (G)jo ho raasta
use (F)tere sung cha(E)loon 
 
(Am)dil ibadat (G)kar rha hai
(F)dhadkane meri (C)sun
tujhko mein (F)krloon haasil lagi hai yahi (E)dhun

(Am)zindagi ki (G)shakh se lun
(F)kuch hasin pal mein (C)chun
tujhko mein (F)krloon haasil lagi hai yahi (E)dhun', 'KK', 'Tum Mile', 2009, 'Capo at 5
D dd ddd  (https://youtu.be/yMJNLHLV_Ik?t=181)
FingerStyle : 4 3 2 3 1 2 3 2
Chords used : Am, F, G, E, C', 'https://www.youtube.com/watch?v=yMJNLHLV_Ik', FALSE, '2019-01-13T03:50:24.581000+00:00', '2019-01-24T15:41:10.208000+00:00');
INSERT INTO public.note_tags (id, user_id, note_id, tag_id) VALUES ('2a01ac7c-70b3-41ef-9164-1f24cdf0b9f0', '3917b9a9-a856-4f33-a910-6ad73f9fa25b', 'a3f7ebf4-4c9a-4c08-8653-ea2ae181199b', '39d6ed04-fc5c-427e-9060-9041887f4d0e');
INSERT INTO public.note_tags (id, user_id, note_id, tag_id) VALUES ('29c61d29-75b5-4c33-a92d-b056492143e7', '3917b9a9-a856-4f33-a910-6ad73f9fa25b', 'a3f7ebf4-4c9a-4c08-8653-ea2ae181199b', '94f83bf8-1cd6-44f7-9e77-dc2d9928b555');
INSERT INTO public.note_tags (id, user_id, note_id, tag_id) VALUES ('d5bca02a-5266-4f57-9fc0-c20b6d0aa8f1', '3917b9a9-a856-4f33-a910-6ad73f9fa25b', 'a3f7ebf4-4c9a-4c08-8653-ea2ae181199b', '375ee2c2-3bd4-473f-afd0-87ef7a38f19a');
INSERT INTO public.note_tags (id, user_id, note_id, tag_id) VALUES ('275fdce1-7e94-4b5d-97cd-f2991d4d914a', '3917b9a9-a856-4f33-a910-6ad73f9fa25b', 'a3f7ebf4-4c9a-4c08-8653-ea2ae181199b', '26bec2c9-84b7-4e97-8246-28dd469f49cd');
INSERT INTO public.notes (id, user_id, title, content, artist, album, release_year, metadata, "references", isPinned, created_at, updated_at) VALUES ('0c14fc3c-d1bc-4bc7-9d4f-da27787e5ee9', '3917b9a9-a856-4f33-a910-6ad73f9fa25b', 'Mujhe Raat Din', '', 'Sonu Nigam', 'Sangharsh', 1999, 'Capo at 3
Strumming - Ddd   https://www.youtube.com/watch?v=-O-TVjhokpc', 'https://tabs.ultimate-guitar.com/tab/sonu-nigam/mujhe-raat-din-sangharsh-chords-3310823', FALSE, '2020-10-19T16:50:24.226000+00:00', '2020-10-19T16:50:58.587000+00:00');
INSERT INTO public.note_tags (id, user_id, note_id, tag_id) VALUES ('c15b44b4-522d-4520-bf22-a2df4fbc60df', '3917b9a9-a856-4f33-a910-6ad73f9fa25b', '0c14fc3c-d1bc-4bc7-9d4f-da27787e5ee9', 'ca29fa62-24fc-4ecb-808c-f795c7122529');
INSERT INTO public.note_tags (id, user_id, note_id, tag_id) VALUES ('c403f9f6-f572-4a3c-a3f0-9b24792d4f64', '3917b9a9-a856-4f33-a910-6ad73f9fa25b', '0c14fc3c-d1bc-4bc7-9d4f-da27787e5ee9', '94f83bf8-1cd6-44f7-9e77-dc2d9928b555');
INSERT INTO public.note_tags (id, user_id, note_id, tag_id) VALUES ('4a1ffdaf-1405-4939-b787-138921875349', '3917b9a9-a856-4f33-a910-6ad73f9fa25b', '0c14fc3c-d1bc-4bc7-9d4f-da27787e5ee9', '26bec2c9-84b7-4e97-8246-28dd469f49cd');
INSERT INTO public.notes (id, user_id, title, content, artist, album, release_year, metadata, "references", isPinned, created_at, updated_at) VALUES ('4148806a-cd9f-488c-ac41-d270d209c8e0', '3917b9a9-a856-4f33-a910-6ad73f9fa25b', 'Chhod Diya - Arijit Singh (Bazaar) (Am, G, F, Em)', 'INTRO
```e | - - - 6- -8/9- 9 - - 9/11- 9- 8h9p8 - -6 -
B | - 6- - - - - - - - - - - - - - - - - - - - - - - - - - - -
```

```e | - - - 6 - -8/9- 9 - - 9/11- 13- 8h9p8 - -6 -
B | - 6- - - - - - - - - - - - - - - - - - - - - - - - - - - -
```

```e | - - - 6/9 - 9-9- - 9/11- 13- 9h11p9 -8 - -6- -4 - -4/6 -
B | - 6- - - - - - - - - - - - - - - - - - - - - - - - - - - -- - - - - - - - - - - 
```

(Am)Chhoddiya woh (G)raasta
Jis (F)raaste se tum (Em) the guzre 

[ D DD DD ]
(Am)Chhod diya woh (G)raasta
Jis (F)raaste se tum (Em)the guzre
(Am)Toddiya woh (G)aaina
Jis (F)aaine mein tera (Em)aks dikhe

Main (Am)sheher mein tere tha(F) ghairon sa
Mujhe (C)apna (G)koi na mila(Am)
Tere lamhon (Am)se, mere (F)zakhmon se
Abtoh (C)main (G)door chala(Am)

(Am)Rukh na kiya unn (G)galiyon ka
Jin(F) galiyon mein teri(Em) baatein ho

(Am)Chhod diya woh(G) raasta
Jis(F) raaste se tum (Em)the guzre

[ D DD DD]
(Am)Main tha musafir(F) raah ka teri
(Am)Tujh tak mera tha(Em) daayra

(Am)Main tha musafir(F) raah ka teri
(Am)Tujh tak mera tha (Em)daayra
(Am)Main kabhi tha (F)mehbar tera
(Am)Khanabadosh main (Em)ab thehra
(F)Khanabadosh main ab thehra..

 (Am)Chhoota nahin unn(G) phoolon ko
Jin(F) phoolon mein teri(Em) khushboo ho
(Am)Rooth gaya unn(G) khwaabon se
Jin(F) khaabon mein tera(Em) khaab bhi ho', 'Arijit Singh', 'Baazaar', 2018, 'Capo at 1
D U(C)D UU(C) DU or
D D UUDUD DU  or
D D UUD DU or
D Chuck U    U Chuck U', 'https://www.youtube.com/watch?v=g9qoT2INVxg', FALSE, '2018-12-19T16:14:35.367000+00:00', '2019-03-02T13:03:36.924000+00:00');
INSERT INTO public.note_tags (id, user_id, note_id, tag_id) VALUES ('175662cd-2e50-495d-9dd7-8a38f764df65', '3917b9a9-a856-4f33-a910-6ad73f9fa25b', '4148806a-cd9f-488c-ac41-d270d209c8e0', '39d6ed04-fc5c-427e-9060-9041887f4d0e');
INSERT INTO public.note_tags (id, user_id, note_id, tag_id) VALUES ('5dc46cc5-a756-402d-8fdf-ee90ba7c2ece', '3917b9a9-a856-4f33-a910-6ad73f9fa25b', '4148806a-cd9f-488c-ac41-d270d209c8e0', '94f83bf8-1cd6-44f7-9e77-dc2d9928b555');
INSERT INTO public.note_tags (id, user_id, note_id, tag_id) VALUES ('309fc350-5f73-4707-a11c-da10e32fc718', '3917b9a9-a856-4f33-a910-6ad73f9fa25b', '4148806a-cd9f-488c-ac41-d270d209c8e0', '26bec2c9-84b7-4e97-8246-28dd469f49cd');
INSERT INTO public.notes (id, user_id, title, content, artist, album, release_year, metadata, "references", isPinned, created_at, updated_at) VALUES ('0c0bd4ba-8238-4be2-82c9-dd2a0bc5ee47', '3917b9a9-a856-4f33-a910-6ad73f9fa25b', 'Mere Rashke Qamar', '=========Rahat Fateh Ali Khan========

Aise (Am)lehra ke tu ruba(F)roo aa gayi...................x2
Dhadka(G)ne betahasha ta(F)dapane lagin..............x2
Teer (Am)aisa laga dard (G)aisa jagaa......................x2
Chot (F)dil pe wo khaayi ma(Am)zaa aa gayaa!

Mere (Am)rashke qamar.
Mere (Am)rashke qamar tune (G)pehli nazar
Jab na(F)zar se milaai ma(Am)za aagaya
Josh (Am)hi josh mein meri (G)aagosh mein
Aake (F)tu jo samaaai ma(Am)zaa aa gaya

Mere (Am)rashke qamar tune (F)pehli nazar
Jab na(G)zar se milaai ma(F)za aagaya
Jab na(G)zar se milaai ma(F)za aagaya

Ret (Am)hi ret thi mere (F)dil mein bhari...................x2
Pyaas (G)hi pyaas thi zinda(F)gi ye meri...................x2
Aaj (Am)sehraao mein, ishq (G)ke gaaon mein.........x2
Baari(F)shein ghir ke aayin ma(Am)zaa aa gaya

Mere (Am)rashke qamar.
Mere (Am)rashke qamar tune (G)pehli nazar
Jab na(F)zar se milaai ma(Am)za aagaya
Ran(Am)jha ho gaye, hum Fa(G)na ho gaye
Aise (F)tu muskuraai ma(Am)zaa aa gaya

Mere (Am)rashke qamar tune (F)pehli nazar
Jab na(G)zar se milaai ma(F)za aagaya
Jab na(G)zar se milaai ma(F)za aagaya

Barq (Am)si gir gayi kaam (G)hi kar gayi..................x2
Aag (F)aisi lagaai ma(Am)zaa aa gaya.

========Nusrat Fateh Ali Khan==========

Mere (Am)rashke qamar tune (G)pehli nazar
Jab na(F)zar se milaai ma(Am)za aagaya...............x2

Barq (Am)si gir gayi kaam (G)hi kar gayi
Aag (F)aisi lagaai ma(Am)zaa aa gaya.

Jaam (Am)Mein Ghol Kar Husan (F)Ki Mastiyan
Chaand(G)ni Muskurai Ma(F)za Aa gaya
Chaand (Am)Ke Sa''ay Mein Ay Me(G)re Saaqiya
Tu Ne (F)Aisee Pilaayi Ma(Am)za Aa gaya

Nasha (Am)Sheeshe Mein Angrai (F)Laine Laga
Bazm (G)Rindaan Mein, Saagar Kha(F)nakne Laga
Maika(Am)de Pe Barasne La(G)gi Mastiyaan
Jab Gha(F)ta Gir Ke Chaayi Ma(Am)za Aagaya

Be Hi(Am)jabaana Woh Saam(F)ne Aa gaye
Aur Ja(G)waani Jawaani Se (F)Takra Gayi
Aankh (Am)Unki Laree Yoon Me(G)ri Aankh Se
Daikh (F)Kar Ye Laraai Ma(Am)za Aa gaya

Aankh (Am)Mein Thee Haya Har Mu(F)laqaat Par
Surkh (G)Aariz Hu''ay Wasal (F)Ki Baat Par
Us Ne (Am)Sharma Ke Mere Sa(G)waalat Pe
Aise (F)Gardan Jhukaayi Ma(Am)za Aagaya

Shaikh (Am)Sahib Ka Imaan (F)Bik He Gaya
Dekh (G)Kar Husan E Saqi Pi(F)gal He Gaya
Aaj (Am)Se Pehle Ye Kitne (G)Maghroor The
Lut Ga(F)yi Parsaayi Ma(Am)za Aa gaya

Ay Fa(Am)na Shukr Hai Aaj (F)Baad E Fana
Us Ne (G)Rakh Le Mere Pyaar (F)Kee Aabru
Apne (Am)Haathon Se Usne Me(G)ri Qabar Par
Chaada(F)re Gul Chadhaayi Ma(Am)za Aagaya

Mere (Am)rashke qamar tune (G)pehli nazar
Jab na(F)zar se milaai ma(Am)za aagaya', 'Nusrat Fateh Ali Khan', 'Reformed', 1988, 'Capo at 3
D UUD UUD DU
Chords used : Am, G, F', 'https://www.youtube.com/watch?v=D2xbfk3Jaao', FALSE, '2019-01-27T07:35:35.580000+00:00', '2019-01-30T03:23:49.792000+00:00');
INSERT INTO public.note_tags (id, user_id, note_id, tag_id) VALUES ('12e879e4-982f-4138-86e6-0379f4c3f7da', '3917b9a9-a856-4f33-a910-6ad73f9fa25b', '0c0bd4ba-8238-4be2-82c9-dd2a0bc5ee47', '94f83bf8-1cd6-44f7-9e77-dc2d9928b555');
INSERT INTO public.note_tags (id, user_id, note_id, tag_id) VALUES ('ec1467f3-6629-43d7-b7cd-bbd6adb7c48f', '3917b9a9-a856-4f33-a910-6ad73f9fa25b', '0c0bd4ba-8238-4be2-82c9-dd2a0bc5ee47', '26bec2c9-84b7-4e97-8246-28dd469f49cd');
INSERT INTO public.notes (id, user_id, title, content, artist, album, release_year, metadata, "references", isPinned, created_at, updated_at) VALUES ('6f57211d-2001-4c00-94a7-18a2c59983e8', '3917b9a9-a856-4f33-a910-6ad73f9fa25b', 'Bheegi Bheegi Raaton Mein', '```E|-----------
B|-3-1-1-3--3-1-1-3-
```
Bheegi bheegi raaton mein

```E|-----------
B|-3-1-1-3--3-1-1-3-
```
Meethi meethi baaton mein

```E|----------------
B|--0-1-3-1-0-0---1----1--
G|-2--------2---2-0--2-
```
Aisi barsaton mein, Kaisa lagta hain?

```E|---0-3-2--------
B|--1----3--3-1-3-1-3-
G|-2------------
```
Aisa lagta hain tum banke badal

```E|---------------
B|-3-1-0---0-0---0-0-0-
G|----2-2-------2-2---
```
Mere badan ko bhigo ke mujhe

```E|-----------------
B|-----0----------0-----
G|-0--0--2-2-2---0--0--2-2-
D|--2----------2-------
```
Ched rahe ho, chhed rahe ho

```E|-2-2----------
B|---3--3-3-1--1-3--
```
Ambar khele holi, ui maa

```E|-2-2---------2-0----0---
B|---3--3-3-1--1-3----3-1-3--
```
Bheegi mori choli, hamjoli hamjoli

```E|-2-2---------
B|---3--3-3-1--1-3-
```
Ambar khele holi, ui maa

```E|-2-2----------2-0-------0-
B|---3--3-3-1--1-3------3-1-3-
G|---------------------
```
Bheegi mori choli, hamjoli hamjoli

```E|-----------
B|-3-1-1-3--3-1-1-3-
```
O paani ke is rele mein

```E|-----------
B|-3-1-1-3--3-1-1-3-
```
Sawan ke is mele mein

```E|----------------
B|--0-1-3-1-0-0---1----1--
G|-2--------2---2-0--2-
```
Chhat pe akele mein, Kaisa lagta hain?

```E|---0-3-2--------
B|--1----3--3-1-3-1-3-
G|-2------------
```
Aisa lagta hain tum banke ghata

```E|---------------
B|-3-1-0---0-0---0-0-0-
G|----2-2-------2-2---
```
Apne sajan ko bhigo ke khel

```E|-----------------
B|-----0----------0-----
G|-0--0--2-2-2---0--0--2-2-
D|--2----------2-------
```
Khel rahi ho, khel rahi ho

Aisa lagta hain tum banke badal
Mere badan ko bhigo ke mujhe
Ched rahe ho, chhed rahe ho', 'Kishore Kumar, Lata Mangeshkar', 'Ajanabee', 1974, NULL, 'http://tabandchord.com/2012/11/bheegi-bheegi-raaton-mein-guitar-tab-ajnabee/', FALSE, '2018-09-04T02:17:49.420000+00:00', '2018-10-01T14:51:11.405000+00:00');
INSERT INTO public.note_tags (id, user_id, note_id, tag_id) VALUES ('8ff5d4fb-cab7-4d35-8f88-e75c3827eb62', '3917b9a9-a856-4f33-a910-6ad73f9fa25b', '6f57211d-2001-4c00-94a7-18a2c59983e8', '22c9085c-724b-4679-aa10-b79b72f9b0be');
INSERT INTO public.note_tags (id, user_id, note_id, tag_id) VALUES ('ca921700-1c15-4ca5-ae9a-e46e09f714a8', '3917b9a9-a856-4f33-a910-6ad73f9fa25b', '6f57211d-2001-4c00-94a7-18a2c59983e8', 'f22d1b82-b224-4a44-a581-b5c25015af54');
INSERT INTO public.notes (id, user_id, title, content, artist, album, release_year, metadata, "references", isPinned, created_at, updated_at) VALUES ('fdcad012-c722-41f9-a5a9-d4a0a5dc4644', '3917b9a9-a856-4f33-a910-6ad73f9fa25b', 'Husn - Anuv Jain', '(F) (C)
(E7)Aaaa (Am)Aaaa(G)

(F)Dekho Dekho Kaisi baatein yahan ki
(C)Hain saath par Hain saath na bhi
(E7)Kya itni aasaan (Am)hain(G)

(F)Dekho Dekho Jaise mere iraaday
(C)Waise kahaan Tere yahan the
(E7)Haan kitni naadan (Am)main(G)

Mere (F)husn ke ilawa
Kabhi (C)dil bhi maang lo(G) na
Haye (F)pal mein
Main pighal jaun (G)haan

Ab (F)aisa na karo
Ke (C)dil judna paye (G)wapis
Teri (F)baaton
Se bikhar jaun (G)haan
--------------------------------------------------------------------------------------
(F)Mana zamana hai deewana
(C)Isilye tune na jana
(E7)Tere liye main
Kaafi (Am)hoon(G)

(F)Dekho Dekho Yeh zamane se thak kar
(C)Atey ho kyun masoom ban kar?
(E7)Tere liye main
Kya hi (Am)hoon?(G)

Phir (F)aatey kyun yahan Karne (C)aankhon
mein Ho (G)baarish?
Ab (F)aye
Toh theher jao (G)na

Aur (F)poocho na zara
Mere (C)din ke bare mein(G) bhi
Bas (F)itne mein Sambhal jaun (G)haan
--------------------------------------------------------------------------------------
Haan ek (F)din Kabhi (Am)koi
Jab bhi (F)padhe Kahani te(C)ri
Lagta (E7)mujhe Mere naam (Am)ka
Zikr (F)kahin Bhi hoga (G)nahin

(C)Haan
Main (Am)yahin
Meri yeh (F)aankhon mein
Aankhon mein toh (G)dekho

Dekho yeh (C)dil ka haal kya
Hothon se (Am)hota na bayan
Meri yeh (F)aankhon mein
Aankhon mein toh (G)dekho

Kaisa (C)naseeb hai mera
Milke bhi (Am)na mujhe mila
Meri yeh (F)aankhon mein
Aankhon mein toh (G)dekho

Teri a(C)dhuri si wafa
Maangu main (Am)maangu aur na
Meri yeh (F)aankhon mein
Aankhon mein toh (G)dekho
--------------------------------------------------------------------------------------
(F)Dekho Dekho Kaisi kheenchi lakeerein
(C)Chahe bhi dil toh bhi na jeete
(E7)Main iss daur mein (Am)nahin(G)

(F)Dekho Dekho Kaisi baatein yahan ki
(C)Baatein yahi dekhoon jahan bhi
(E7)Main is daur se (Am)nahin', 'Anuv Jain', 'Husn', 2023, 'Capo : at 5
Strumming - D D UDUD UDU
Chords used : F, C, E7, Am, G', 'https://www.youtube.com/watch?v=-PDlnmb72tg', FALSE, '2024-01-20T04:14:00.328000+00:00', '2024-01-20T04:22:05.315000+00:00');
INSERT INTO public.note_tags (id, user_id, note_id, tag_id) VALUES ('03798372-0872-4f4e-9a58-c83af6a62b10', '3917b9a9-a856-4f33-a910-6ad73f9fa25b', 'fdcad012-c722-41f9-a5a9-d4a0a5dc4644', '94f83bf8-1cd6-44f7-9e77-dc2d9928b555');
INSERT INTO public.note_tags (id, user_id, note_id, tag_id) VALUES ('455c407d-4a6e-442e-9407-10a6daaceb7e', '3917b9a9-a856-4f33-a910-6ad73f9fa25b', 'fdcad012-c722-41f9-a5a9-d4a0a5dc4644', '26bec2c9-84b7-4e97-8246-28dd469f49cd');
INSERT INTO public.notes (id, user_id, title, content, artist, album, release_year, metadata, "references", isPinned, created_at, updated_at) VALUES ('adec0773-d188-4db5-b263-21e3efc01be9', '3917b9a9-a856-4f33-a910-6ad73f9fa25b', 'Chehraa hai ya chaand khila', 'E--0----------0-------------0------------0---------------0-1-0---0-1-0---0-1-0-1-0-1-0- 
B----1-0--------1-0----------1-0---------1-0----------------------------------------------------
G----------2-----------2-------------2------------2------------------------------------------------
Mukhda
========
E---------------------------------------
B---------------------------------------
G---2--2-4--5-4-5-4------------------
D--2------------------2--2--3-2-2-----
   Chehraa hai ya chaand khila hai

E------------------------------------
B------------------------------------
G---2--2-4--5-4-5-4---2-1-2------
D--2--------------------------------
   Julf ghaneri shaam hai kya

E---------------------------------------------
B---------------------------------------------
G------4--4-6----5-4-5-4--2--2-2---------
D--4s5------------------------------5-4-5--
 Saagar jaisi aankhon waali

E-----------------------------------
B-----------------------------------
G----2--2-4--5-4-5-4---2-1-2----
D--2-------------------------------
 Yeh to bata tera naam hai kya', 'Kishore Kumar', 'Saagar', 1985, NULL, NULL, FALSE, '2017-11-09T02:35:48.568000+00:00', '2018-11-16T15:41:01.010000+00:00');
INSERT INTO public.note_tags (id, user_id, note_id, tag_id) VALUES ('8eace903-5fcd-4c24-afcb-4f84cb9c7088', '3917b9a9-a856-4f33-a910-6ad73f9fa25b', 'adec0773-d188-4db5-b263-21e3efc01be9', '22c9085c-724b-4679-aa10-b79b72f9b0be');
INSERT INTO public.note_tags (id, user_id, note_id, tag_id) VALUES ('ff9687b1-908e-46ee-9983-f63900a1d029', '3917b9a9-a856-4f33-a910-6ad73f9fa25b', 'adec0773-d188-4db5-b263-21e3efc01be9', 'f22d1b82-b224-4a44-a581-b5c25015af54');
INSERT INTO public.notes (id, user_id, title, content, artist, album, release_year, metadata, "references", isPinned, created_at, updated_at) VALUES ('1a579d01-e2a8-435c-ac37-459bb584bbe0', '3917b9a9-a856-4f33-a910-6ad73f9fa25b', 'Let Her Go - Passenger', 'Fingerstyle : 5 3 2 3 1 2 3 2
Strum : D D UDUDU D DU

```e | - - -0 - - - - - - - - - - - - - 0- -
B | - 3- - 3-1 - - - - - -1 - - - - - -
G | - - - - - - - - 0h2- - - - -2- - -
```

```e | - - -0 - - - - - - - - - - - - - 0- - - -
B | - 3- - 3-1 - - - - - -1 - - - - - 3- -
G | - - - - - - - - 0h2- - - - -2- - - - -
```

```e | - - -0 - - - - - - - - - - - - - - - -3p0 - - - - - 0- -
B | - 3- - 3-1 - - - - - -1 - - - 1- - - - - - 1h3 - - - -
G | - - - - - - - - 0h2- - - - -2- - - - - - - - - - - - - - -
```

Repeat full intro again

===========FINGERSTYLE===============
Well you only need the (F)light when it''s burning low(C)
Only miss the (G)sun when it starts to snow(Am)
Only know you (F)love her when you let her go(C)....(G)

Only know you''ve been (F)high when you''re feeling low(C)
Only hate the (G)road when you''re missing home(Am)
Only know you (F)love her when you let her go(C)
(G) And you let her go

======D D UUD D DU=========
Am F G Em
Am F G

(Am)Staring at the bottom of your (F)glass
Hoping (G)one day you''ll make a dream (Em)last
But dreams come (Am)slow and they go (F)so fast  (G)

You (Am)see her when you close your (F)eyes
Maybe (G)one day you''ll understand (Em)why
Everything you (Am)touch surely (F)dies  (G)

But you only need the (F)light when it''s burning low(C)
Only miss the (G)sun when it starts to snow(Am)
Only know you (F)love her when you let her go(C)....(G)

Only know you''ve been (F)high when you''re feeling low(C)
Only hate the (G)road when you''re missing home(Am)
Only know you (F)love her when you let her go(C)....(G)

(Am)Staring at the ceiling in the (F)dark
Same old (G)empty feeling in your (Em)heart
Cause love comes (Am)slow and it goes (F)so fast  (G)

Well you (Am)see her when you fall (F)asleep
But never to (G)touch and never to (Em)keep
Cause you loved her too (Am)much and you dived (F)too deep  (G)

Well you only need the (F)light when it''s burning low(C)
Only miss the (G)sun when it starts to snow(Am)
Only know you (F)love her when you let her go(C)....(G)

Only know you''ve been (F)high when you''re feeling low(C)
Only hate the (G)road when you''re missing home(Am)
Only know you (F)love her when you let her go(C)....(G)

And you let her (Am)go
(F)Ohhh, oh (G)no
And you let her (Am)go
(F)Ohhh, oh (G)no
Well you let her (Am)go   F G Em

Cause you only need the (F)light when it''s burning low(C)
Only miss the (G)sun when it starts to snow(Am)
Only know you (F)love her when you let her go(C)....(G)

Only know you''ve been (F)high when you''re feeling low(C)
Only hate the (G)road when you''re missing home(Am)
Only know you (F)love her when you let her go(C)

======SINGLE  STRUM=========
Cause you only need the (F)light when it''s burning low(C)
Only miss the (G)sun when it starts to snow(Am)
Only know you (F)love her when you let her go(C)....(G)

======NO STRUM=========
Only know you''ve been high when you''re feeling low
Only hate the road when you''re missing home
Only know you love her when you let her go

And you let her go', 'Passenger', 'All the Little Lights', 2012, 'Capo at 7
Chords used : F, C, G, Am, Em', 'https://tabs.ultimate-guitar.com/tab/passenger/let-her-go-chords-1137467', FALSE, '2021-01-02T08:00:21.119000+00:00', '2021-01-04T15:50:25.405000+00:00');
INSERT INTO public.note_tags (id, user_id, note_id, tag_id) VALUES ('6f2f77ce-f267-4504-933b-62443636ae27', '3917b9a9-a856-4f33-a910-6ad73f9fa25b', '1a579d01-e2a8-435c-ac37-459bb584bbe0', '39d6ed04-fc5c-427e-9060-9041887f4d0e');
INSERT INTO public.note_tags (id, user_id, note_id, tag_id) VALUES ('bd8d9cc7-7a2d-4f65-9e71-cd7ba1121f8c', '3917b9a9-a856-4f33-a910-6ad73f9fa25b', '1a579d01-e2a8-435c-ac37-459bb584bbe0', '26bec2c9-84b7-4e97-8246-28dd469f49cd');
INSERT INTO public.note_tags (id, user_id, note_id, tag_id) VALUES ('713a27f5-099c-4ef2-9e63-6358634d35ee', '3917b9a9-a856-4f33-a910-6ad73f9fa25b', '1a579d01-e2a8-435c-ac37-459bb584bbe0', 'eebbc269-be1f-43e9-a641-4b2e91a39ff4');
INSERT INTO public.notes (id, user_id, title, content, artist, album, release_year, metadata, "references", isPinned, created_at, updated_at) VALUES ('3aadbc0b-a826-4b39-8a9a-37756f7cc5ce', '3917b9a9-a856-4f33-a910-6ad73f9fa25b', 'Tujhe Kitna Chahne Lage - Kabir Singh', 'TBD : Sync notes with video

=======FINGERSTYLE===========
Dil ka (G)dariya beh hi (Em)gaya
Ishq (C)ibadat ban hi (D)gaya
Khud ko (G)mujhe tu sonp (Em)de
Meri (C)zaroorat tu ban (D)gaya

Baat dil (C)ki nazron ne (Bm)ki
Sach keh (Am)raha teri (D)kasam

=======STRUMMING=============
Tere (Am)bin na lenge ik bhi (D)dam
Tujhe (C)kitna (D)chahne lage (G)hum​

Tere (Am)saath ho jayenge (D)khatam
Tujhe (C)kitna (D)chahne lage (G)hum

Baat dil (C)ki nazron ne (Bm)ki
Sach keh (Am)raha teri (D)kasam
Tere (Am)bin na lenge ik bhi (D)dam
Tujhe (C)kitna (D)chahne lage (G)hum​

Tere (Am)saath ho jayenge (D)khatam
Tujhe (C)kitna (D)chahne lage (G)hum​

Ooo...​

Tujhe kitna chahne lage hum...', 'Arijit Singh', 'Kabir Singh', 2019, 'Capo at 3
D D UUDUD DU', 'https://www.youtube.com/watch?v=-qgPY7dHDJQ', FALSE, '2019-06-13T14:15:09.801000+00:00', '2019-06-23T07:14:32.386000+00:00');
INSERT INTO public.note_tags (id, user_id, note_id, tag_id) VALUES ('3cdbbe1e-a6f2-4dd4-9dd1-ad09f8e9aab7', '3917b9a9-a856-4f33-a910-6ad73f9fa25b', '3aadbc0b-a826-4b39-8a9a-37756f7cc5ce', 'ca29fa62-24fc-4ecb-808c-f795c7122529');
INSERT INTO public.note_tags (id, user_id, note_id, tag_id) VALUES ('24fa7c4f-c55d-42ae-b6ac-79e6455d3e03', '3917b9a9-a856-4f33-a910-6ad73f9fa25b', '3aadbc0b-a826-4b39-8a9a-37756f7cc5ce', '94f83bf8-1cd6-44f7-9e77-dc2d9928b555');
INSERT INTO public.note_tags (id, user_id, note_id, tag_id) VALUES ('0136829b-13ae-4345-b67f-9f2e9c7b18a8', '3917b9a9-a856-4f33-a910-6ad73f9fa25b', '3aadbc0b-a826-4b39-8a9a-37756f7cc5ce', '26bec2c9-84b7-4e97-8246-28dd469f49cd');
INSERT INTO public.notes (id, user_id, title, content, artist, album, release_year, metadata, "references", isPinned, created_at, updated_at) VALUES ('dd962b92-f117-418d-b55f-fbf6bd8a1bd2', '3917b9a9-a856-4f33-a910-6ad73f9fa25b', 'Bahut Pyar Karte Hain Tumko Sanam', 'Bahut pyaar karte hain tumko sanam
```e | - - - - - - - - - - - - - - - - - - - - - - - - - - - - - - - -
B | - - -5-5-7-5-7-10-8-10-7 - - - - - - - - - -7-5-5 -
G | -4- - - - - - - - - - - - - - - - 9-7/5--5-7 - - - - - - 
```

Bahut pyaar karte hain tumko sanam

Kasam chaahe le lo
```e | -7-7-7 - - - 7-10-8-10-7 - - - - - - - 7 -
B | - - - - - 10 - - - - - - - - - - 10-8-10 - - -
```

Kasam chaahe le lo
```e | -7-7-7 - - - 7-10-8-10-7 - - - - -
B | - - - - - 10 - - - - - - - - - - 10-8-
```

Khuda ki kasam
```e | - - - - - - - - - - - - - - - - - - - -
B | -10-8-7-5-7-8--7-10-8-7-5 -
```

Bahut pyaar karte hain tumko sanam
Bahut pyaar karte hain tumko sanam', 'Anuradha Paudwal', 'Saajan', 1991, NULL, 'https://www.youtube.com/watch?v=HcL6Ldl0PQQ', FALSE, '2018-02-05T11:50:22.307000+00:00', '2018-02-05T16:30:43.704000+00:00');
INSERT INTO public.note_tags (id, user_id, note_id, tag_id) VALUES ('83affbbc-a5b2-446a-8f5e-c4d30eb6ef7e', '3917b9a9-a856-4f33-a910-6ad73f9fa25b', 'dd962b92-f117-418d-b55f-fbf6bd8a1bd2', '22c9085c-724b-4679-aa10-b79b72f9b0be');
INSERT INTO public.note_tags (id, user_id, note_id, tag_id) VALUES ('78a1cd4d-428e-4cd1-93fd-0c5a39515aaa', '3917b9a9-a856-4f33-a910-6ad73f9fa25b', 'dd962b92-f117-418d-b55f-fbf6bd8a1bd2', 'f22d1b82-b224-4a44-a581-b5c25015af54');
INSERT INTO public.notes (id, user_id, title, content, artist, album, release_year, metadata, "references", isPinned, created_at, updated_at) VALUES ('c879a3f3-646e-4740-9a5e-d724c3b19f25', '3917b9a9-a856-4f33-a910-6ad73f9fa25b', 'Kuch tum socho', 'F................................................
Kuch tum socho kuch hum soche
C.......................................F....
Fir khushi ka ye mausam aaye
F......................................
tanha tanha kaun jiya hai 
C..........................................F..
reheke tanha ye dil ghabaraye
F.................C...........F...............
Aaa jao milake rishta ye jode
F...............................C.................F......
sharte badal de rasmo ko tode
C...............................G.............................C ........
Isase pehale ke Duniya hame aajmaye
F............
Hooo hoo

1st stanza
F................................................................................... Bb....
Duniya ki rasmo ko chahat me shamil na karna
Bb......................C........Bb............C..........................Bb....................F......
Manzil hum aapni paake rahenge ha tum kisi se na darna
F....................................................C..................Bb.............F....
pagal rasme pagal duniya aur thode hum tum pagal
F.......................
kuch tum socho

Same for the 2nd stanza', 'Sonu Nigam, Alka Yagnik', 'Deewana', 1999, 'Strum : D DUDU
Chords used : F, C, G, Bb', 'https://www.dailymotion.com/video/x24m7cm', FALSE, '2018-10-23T00:50:18.765000+00:00', '2019-04-03T13:17:17.689000+00:00');
INSERT INTO public.note_tags (id, user_id, note_id, tag_id) VALUES ('13a15748-6fcb-44a6-b2a1-394dccae4d66', '3917b9a9-a856-4f33-a910-6ad73f9fa25b', 'c879a3f3-646e-4740-9a5e-d724c3b19f25', '94f83bf8-1cd6-44f7-9e77-dc2d9928b555');
INSERT INTO public.note_tags (id, user_id, note_id, tag_id) VALUES ('64c9a341-387a-4ad7-b4a3-01fd9eb6d791', '3917b9a9-a856-4f33-a910-6ad73f9fa25b', 'c879a3f3-646e-4740-9a5e-d724c3b19f25', '26bec2c9-84b7-4e97-8246-28dd469f49cd');
INSERT INTO public.notes (id, user_id, title, content, artist, album, release_year, metadata, "references", isPinned, created_at, updated_at) VALUES ('b2d1fb23-5c3f-40be-b317-cda1dd80803c', '3917b9a9-a856-4f33-a910-6ad73f9fa25b', 'Batein Kuchh Ankahee Si', '(A)Baatein kuchh anka(F#m)hee si, kuchh ansu(D)ni si hone la(E)gi
(A)Kaabu dil pe ra(F#m)ha na, hasti ha(D)maari khone la(E)gi
(A)wo wo o o (D)o o o
(A)wo wo o o (E)o o o
(A)wo wo o o (D)o o o
(A)Shaayad (E)yahi hai (A)pyaar
(A)Shaayad (E)yahi hai (A)pyaar

(A)Keh de mujhse (F#m)dil mein kya hai, (F)aisa bhi kya gu(A)roor
(A)Tujhko bhi toh (F#m)ho raha hai (F)thoda asar za(A)roor
(F#m)Yeh khamoshi (Bm)jine na de, (E)koi toh baat (D)ho
(A)wo wo o o (D)o o o
(A)wo wo o o (E)o o o
(A)wo wo o o (D)o o o
(A)Shaayad (E)yahi hai (A)pyaar
(A)Shaayad (E)yahi hai (A)pyaar

(A)Tu hi meri (F#m)roshani hai, (F)tu hi chiraag (A)hai
(A)Dheere dheere (F#m)mit jaayega, (F)halka sa daag (A)hai
(F#m)Yeh zeher bhi (Bm)yuun piya hai, (E)jaise sharaab (D)ho
(A)wo wo o o (D)o o o
(A)wo wo o o (E)o o o
(A)wo wo o o (D)o o o
(A)Shaayad (E)yahi hai (A)pyaar
(A)Shaayad (E)yahi hai (A)pyaar

Batein Kuchh Ankahee Si...', 'Adnan Sami', 'Life in a... Metro', 2007, 'D DU UDU
Chords used : A, F#m, D, E, Bm', 'https://tabs.ultimate-guitar.com/tab/misc_soundtrack/life_in_a_metro_-_batein_kuchh_ankahee_si_chords_543668', FALSE, '2018-11-11T04:27:59.233000+00:00', '2018-11-15T15:44:59.083000+00:00');
INSERT INTO public.note_tags (id, user_id, note_id, tag_id) VALUES ('55e46720-a28b-4ee1-b93d-be55f7ac0ad7', '3917b9a9-a856-4f33-a910-6ad73f9fa25b', 'b2d1fb23-5c3f-40be-b317-cda1dd80803c', '94f83bf8-1cd6-44f7-9e77-dc2d9928b555');
INSERT INTO public.note_tags (id, user_id, note_id, tag_id) VALUES ('3d69eb37-3fea-4bbf-bff5-8fa206d2bb98', '3917b9a9-a856-4f33-a910-6ad73f9fa25b', 'b2d1fb23-5c3f-40be-b317-cda1dd80803c', '26bec2c9-84b7-4e97-8246-28dd469f49cd');
INSERT INTO public.notes (id, user_id, title, content, artist, album, release_year, metadata, "references", isPinned, created_at, updated_at) VALUES ('8eceabc5-c13c-458f-94ff-cfc1d8cf4399', '3917b9a9-a856-4f33-a910-6ad73f9fa25b', 'O O Jaane Jaana (Intro)', '```e | - - - - - - - - - - - 12 - 10 - 10 - - - - 
B | - 3/10 - 10-10 - - - - - - - - - - 13 - - 
```

```e | - 5/10 - 10 - - - - - - - - - - - - - - - -
B | - - - - - - - - 12 - 10 - 12 - 10 - - - - 
G | - - - - - - - - - - - - - - - - - - - - 12 -
```

```e | - - - - - - - - - - - - - - - - 
B | - - - - - - 12-12 - 12-12 -
G | - 12-12 - - - - - - - - - - -
```

```e | - - - - - - - - - 12 - 10 - 12 - - - 10 - - - - - - - - - 
B | - 10 - 10-10 - - - - - - - - - 13 - - - 12 - 13 - 10 -
```', 'Kamaal Khan', 'Pyaar Kiya To Darna Kya', 1998, NULL, 'https://www.youtube.com/watch?v=UsaiGufW7p4', FALSE, '2017-12-31T15:17:14.281000+00:00', '2017-12-31T16:28:57.543000+00:00');
INSERT INTO public.note_tags (id, user_id, note_id, tag_id) VALUES ('4f5454ad-07d1-4877-b3fc-515e1ed9d0d4', '3917b9a9-a856-4f33-a910-6ad73f9fa25b', '8eceabc5-c13c-458f-94ff-cfc1d8cf4399', '39d6ed04-fc5c-427e-9060-9041887f4d0e');
INSERT INTO public.note_tags (id, user_id, note_id, tag_id) VALUES ('978c8cc1-a587-4740-a0e1-272d2105fb6d', '3917b9a9-a856-4f33-a910-6ad73f9fa25b', '8eceabc5-c13c-458f-94ff-cfc1d8cf4399', '94f83bf8-1cd6-44f7-9e77-dc2d9928b555');
INSERT INTO public.note_tags (id, user_id, note_id, tag_id) VALUES ('0aa65792-f4b2-4487-974d-229add2fbbc4', '3917b9a9-a856-4f33-a910-6ad73f9fa25b', '8eceabc5-c13c-458f-94ff-cfc1d8cf4399', '22c9085c-724b-4679-aa10-b79b72f9b0be');
INSERT INTO public.notes (id, user_id, title, content, artist, album, release_year, metadata, "references", isPinned, created_at, updated_at) VALUES ('7197b3e6-6aeb-4ae3-af48-41742fdd2bcb', '3917b9a9-a856-4f33-a910-6ad73f9fa25b', 'Likhe jo khat tujhe', 'TBD from video

[Am]Likhe jo khat tujhe    
[Am]Woh teri yaad mein   
Hazaaron rang  [F]ke   
Nazaare ban ga[G]ye   
   
Sawera jab hua[Am]     
To phool ban gaye   
Jo raat aayi to[F]      
Sitaare ban  [G]gaye   
[Am]Likhe jo khat tujhe...   
   
[Am]Koi nagma kahin goonja    
Kaha dil ne  [Am]Ye tu aayi   
Kahin  [G]chatki kali  [F]koi   
Mai ye  [G]samjha tu  [Am]sharmai   
Koi [G]khushboo kahin bikhri   
Laga yeh  [F]zulf lehra[Am]ayi     
   
[Am]Likhe jo khat tujhe...   
   
[Am]Fiza rangeen,adaa rangeen    
[Am]Yeh ithlaana,yeh sharmaana   
Yeh angda [G]ayi Yeh tanha[F]yi    
Yeh tarsa[G] kar chale  [Am]jana     
[G]Bana de ga nahi kisko   
Jawaan jadoo[F]  yeh deewana[Am]      
[Am]Likhe jo khat tujhe...   
   
[Am]Jaha tu hai wahan main hoon   
[Am]Mere dil ki tu dhadhkan hai   
[G]Musafir main tu man [F]zil hai    
Mai py [G] asa hu tu sa [Am]wan hai   
Meri [G] duniya yeh nazre hain    
Meri jan[F]nat ye daman [Am]hai   
[Am]Likhe jo khat tujhe...', 'Mohammed Rafi', 'Kanyadaan', 1968, 'Capo at 2
D UDUD UDUD
Chords used : Am, F, G', 'https://www.youtube.com/watch?v=sORTW4-zMl8', FALSE, '2019-01-30T14:33:18.590000+00:00', '2019-01-31T02:51:17.951000+00:00');
INSERT INTO public.note_tags (id, user_id, note_id, tag_id) VALUES ('a1087296-7ce7-4fa3-8f57-4373c141c9bd', '3917b9a9-a856-4f33-a910-6ad73f9fa25b', '7197b3e6-6aeb-4ae3-af48-41742fdd2bcb', 'ca29fa62-24fc-4ecb-808c-f795c7122529');
INSERT INTO public.note_tags (id, user_id, note_id, tag_id) VALUES ('fac13b70-9d56-4425-83e4-de5e1fded4ce', '3917b9a9-a856-4f33-a910-6ad73f9fa25b', '7197b3e6-6aeb-4ae3-af48-41742fdd2bcb', '26bec2c9-84b7-4e97-8246-28dd469f49cd');
INSERT INTO public.note_tags (id, user_id, note_id, tag_id) VALUES ('e7851dbe-3fc5-4402-a6d5-a4716cad742b', '3917b9a9-a856-4f33-a910-6ad73f9fa25b', '7197b3e6-6aeb-4ae3-af48-41742fdd2bcb', 'f22d1b82-b224-4a44-a581-b5c25015af54');
INSERT INTO public.notes (id, user_id, title, content, artist, album, release_year, metadata, "references", isPinned, created_at, updated_at) VALUES ('ee0cea56-c016-4e8f-870c-9ecdf3f680cf', '3917b9a9-a856-4f33-a910-6ad73f9fa25b', 'Humko Hamise Churalo', 'Humko humise chura lo
2-9-7-9-7-5-7-4

Dil mein kahin tum chupa lo

0-7-5-7-5-4-5-2 

Hum akele, kho na jaayen

5-4-2-4-2-----4-2-0-2-0

Door tumse, ho na jaayen 

5-4-2-4-2-----4-2-0-2-0

Paas aao gale se laga lo

0-0-0-7-7-7-9-10-7-5', 'Lata Mangeshkar, Udit Narayan', 'Mohabbatein', 2000, NULL, NULL, FALSE, '2017-10-06T03:07:54.464000+00:00', '2017-10-06T03:08:18.576000+00:00');
INSERT INTO public.note_tags (id, user_id, note_id, tag_id) VALUES ('2da9906d-efa8-4c33-88d8-4ab03ceb654b', '3917b9a9-a856-4f33-a910-6ad73f9fa25b', 'ee0cea56-c016-4e8f-870c-9ecdf3f680cf', '94f83bf8-1cd6-44f7-9e77-dc2d9928b555');
INSERT INTO public.note_tags (id, user_id, note_id, tag_id) VALUES ('4e360c46-76b0-4928-9b01-0c33d6251e68', '3917b9a9-a856-4f33-a910-6ad73f9fa25b', 'ee0cea56-c016-4e8f-870c-9ecdf3f680cf', '484fde0b-53ea-4d62-82d9-dff38182c04c');
INSERT INTO public.note_tags (id, user_id, note_id, tag_id) VALUES ('5f2762ad-edf0-4b26-a638-d7c62a01e5a0', '3917b9a9-a856-4f33-a910-6ad73f9fa25b', 'ee0cea56-c016-4e8f-870c-9ecdf3f680cf', '22c9085c-724b-4679-aa10-b79b72f9b0be');
INSERT INTO public.notes (id, user_id, title, content, artist, album, release_year, metadata, "references", isPinned, created_at, updated_at) VALUES ('ff7e07d6-7ac5-4187-8ee8-868f5b48345d', '3917b9a9-a856-4f33-a910-6ad73f9fa25b', 'Castle of Glass', 'Intro
```A|-4-4-6-7-6-4-2-2-4-------
E|-----------------------2-2-4-
```

```A|-4-4-6-7-6-4-2-2-4-------
E|-----------------------2-2-4-
```

```A|-4-4-6-7-6-4-2-2-4-------
E|-----------------------2-2-4-
```

```E|-5-5-5-5-5-5-7-7-7-7-7-7-
```

Take me down to the river bend
e - 0 - - - - - - - - - - - -
B - - - 5 - 4 - 4 - - - - - -
G - - - - - - - - - 6 - 6 - -

Take me down to the fighting end
e - - - - - - - - - - - - -
B - 5 - 5 - 4 - 7 - 7 - 5 -
G - - - - - - - - - - - - -

Wash the poison from off my skin
e - - - - - - - - - - - - -
B - 4 - 4 - 2 - 4 - 2 - 4 -
G - - - - - - - - - - - - -

Show me how to be whole again
e - - - - - - - - - - - - -
B - 5 - 5 - 4 - 4 - - - - -
G - - - - - - - - - 6 - 6 -

Fly me up on a silver wing
e - - - - - - - - - - - - -
B - 5 - 5 - 4 - 4 - - - - -
G - - - - - - - - - 6 - 6 -

Past the black where the sirens sing
e - - - - - - - - - - - - -
B - 5 - 5 - 4 - 7 - 7 - 5 -
G - - - - - - - - - - - - -

Warm me up in a nova''s glow
e - - - - - - - - - - - - -
B - 4 - 4 - 2 - 4 - 2 - 4 -
G - - - - - - - - - - - - -

And drop me down to the dream below
e - - - - - - - - - - - - -
B - 5 - 5 - 4 - 4 - - - - -
G - - - - - - - - - 6 - 6 -

''Cause I''m only a crack in this castle of glass
e - 2 - 4 - 5 - - 4 - 2 - 0 - - 0 - 4 - 2 - - 0 - 4 - 4 -

Hardly anything there for you to see
e - 2 - 4 - 5 - - 4 - 2 - 0 - - 0 - 4 - 2 - 2 -

For you to see
e - 0 - - - - - - - -
B - - - 4 - 2 - 2 -', 'Linkin Park', 'Living Things', 2012, NULL, NULL, FALSE, '2017-10-11T03:31:45.133000+00:00', '2017-10-11T04:14:16.627000+00:00');
INSERT INTO public.note_tags (id, user_id, note_id, tag_id) VALUES ('f4f1aec6-6227-4410-87a4-63c4897332d0', '3917b9a9-a856-4f33-a910-6ad73f9fa25b', 'ff7e07d6-7ac5-4187-8ee8-868f5b48345d', '39d6ed04-fc5c-427e-9060-9041887f4d0e');
INSERT INTO public.note_tags (id, user_id, note_id, tag_id) VALUES ('957b0a22-78dd-4862-a8c7-c4de9067c4b3', '3917b9a9-a856-4f33-a910-6ad73f9fa25b', 'ff7e07d6-7ac5-4187-8ee8-868f5b48345d', '22c9085c-724b-4679-aa10-b79b72f9b0be');
INSERT INTO public.note_tags (id, user_id, note_id, tag_id) VALUES ('ca7bd8e4-c47f-4fbb-b978-87fdb512b408', '3917b9a9-a856-4f33-a910-6ad73f9fa25b', 'ff7e07d6-7ac5-4187-8ee8-868f5b48345d', 'eebbc269-be1f-43e9-a641-4b2e91a39ff4');
INSERT INTO public.notes (id, user_id, title, content, artist, album, release_year, metadata, "references", isPinned, created_at, updated_at) VALUES ('514d4647-fa86-4d83-935d-9217d8ce2782', '3917b9a9-a856-4f33-a910-6ad73f9fa25b', 'Teri Jhuki Nazar', 'Chaahe (G) kuch na kehna, Bhale chup tu rehna
Mujhe (D) hai pata, Tere (G) pyaar ka
(G) Khamosh chehra, Aankhon pe pehra
Khud (D) hai gawaah, Tere (D) pyaar ka

Teri (G) jhuki nazar teri (Em) har ada
Mujhe (Bm) keh rahi hai ye (D) dastaan
Koi (G) shaks hai jo ki (Em) in dinon
Tere (Bm) zehan-o-dil pe hai (D) chha gaya

Teri (G) jhuki nazar teri (Em) har ada
Mujhe (Bm) keh rahi hai ye (D) dastaan

(G) Teri zulf jab bhi (C) bikhar jaati (G) hai
Aye (Bm) haseen tu haseen aur (Am) ho jaati (D) hai
Jo (G) kitaabo me padhte (C) rahe aaj (G) tak
Woh (Bm) pari humko tujh mein (Am) nazar aati (D) hai

Teri hi (G) baahon mein, (Em) panaahon mein
(Bm) Rehna mujhe har (D) dum saada
Teri hi (G) yaadon mein, (Em) nigaahon mein
(Bm) Rehna mujhe har (D) dum saada
Teri hi (G) baahon mein, (Em) panaahon mein
(Bm) Rehna mujhe har (D) dum saada
(D) Hardum sada

Chaahe (G) kuch na kehna, bhale chup tu rehna
Mujhe (D) hai pata, tere (G) pyaar ka
(G) Khamosh chehra, aankhon pe pehra
Khud (D) hai gawaah, tere (D) pyaar ka

Teri (G) jhuki nazar teri (Em) har ada
Mujhe (Bm) keh rahi hai ye (D) dastaan
Koi (G) shaks hai jo ki (Em) in dinon
Tere (Bm) zehan-o-dil pe hai (D) chha gaya
Teri (G) jhuki nazar teri (Em) har ada
Mujhe (Bm) keh rahi hai ye (D) dastaan', 'Shafqat Amanat Ali', 'Murder 3', 2013, 'Capo : 4
Strumming : D D DUDU DU', 'https://www.youtube.com/watch?v=5xILOpK1gWE', FALSE, '2022-02-09T01:28:24.068000+00:00', '2022-02-09T01:29:36.182000+00:00');
INSERT INTO public.note_tags (id, user_id, note_id, tag_id) VALUES ('829adfd6-4032-4de0-afcf-439a822187dd', '3917b9a9-a856-4f33-a910-6ad73f9fa25b', '514d4647-fa86-4d83-935d-9217d8ce2782', '94f83bf8-1cd6-44f7-9e77-dc2d9928b555');
INSERT INTO public.note_tags (id, user_id, note_id, tag_id) VALUES ('98cdb970-de46-4844-ad82-ea6d8751c7f2', '3917b9a9-a856-4f33-a910-6ad73f9fa25b', '514d4647-fa86-4d83-935d-9217d8ce2782', '26bec2c9-84b7-4e97-8246-28dd469f49cd');
INSERT INTO public.notes (id, user_id, title, content, artist, album, release_year, metadata, "references", isPinned, created_at, updated_at) VALUES ('25ba8eee-626a-4a36-9513-8729233c221c', '3917b9a9-a856-4f33-a910-6ad73f9fa25b', 'Kabhi yaadon mein aaun', 'Intro (2x)
```E|-----8--5--8-----8--5--8-----8--5-----------------
B|--8-----------8---------------8--------8--6--8--6--5--
```

Kabhi yaadon mein aaun Kabhi khwabon mein aaun (2x)
```E|-----------------------------------------------------
B|--------------5-----5-------------------------5--------------
G|--5--5--5-----7-----5--7----------7--7-----7--5--5--5--
D|--------------------------------7--7-----------------------
```

Teri palkon ke saaye Mein aakar jhilmilau
```E|-----------------------------------------------------
B|--------------5-----5-------------------------5--------------
G|--5--5--5-----7-----5--7----------7--7-----7--5--5--5--
D|------------------------------7--7-----------------------
```

Main wo khushbu nahi jo Hawa mein kho jaun
```E|------------------------------------------7---------------8--7-----------------------
B|--------------5--8---8/10-10-10----8------8--8--------10-8--8--8--7-10---
G|--5--5--7--------------------------------------------------------------------------------9--
```

Hawa bhi chal rahi hai Magar tu hi nahi hai
```E|-----------------------------------------------------
B|--------------5-----5-------------------------5--------------
G|--5--5--5-----7-----5--7----------7--7-----7--5--5--5--
D|--------------------------------7--7-----------------------
```

Again Repeat Like Part One...', 'Abhijeet Bhattacharya', 'Tere Bina', 2003, NULL, 'https://www.youtube.com/watch?v=UVvjDEH2K-Q', FALSE, '2018-08-23T14:12:19.138000+00:00', '2019-04-14T07:35:17.248000+00:00');
INSERT INTO public.note_tags (id, user_id, note_id, tag_id) VALUES ('e1fc80f6-7c5a-4f4e-8f9e-49407aa75602', '3917b9a9-a856-4f33-a910-6ad73f9fa25b', '25ba8eee-626a-4a36-9513-8729233c221c', '39d6ed04-fc5c-427e-9060-9041887f4d0e');
INSERT INTO public.note_tags (id, user_id, note_id, tag_id) VALUES ('07471041-2faf-4cdf-883f-c7b2b611c693', '3917b9a9-a856-4f33-a910-6ad73f9fa25b', '25ba8eee-626a-4a36-9513-8729233c221c', '94f83bf8-1cd6-44f7-9e77-dc2d9928b555');
INSERT INTO public.note_tags (id, user_id, note_id, tag_id) VALUES ('faa0a8f3-5f70-4947-877a-81a86908c0fc', '3917b9a9-a856-4f33-a910-6ad73f9fa25b', '25ba8eee-626a-4a36-9513-8729233c221c', '22c9085c-724b-4679-aa10-b79b72f9b0be');
INSERT INTO public.notes (id, user_id, title, content, artist, album, release_year, metadata, "references", isPinned, created_at, updated_at) VALUES ('dfa7a7cd-71f0-4a22-ae2d-5d07724b8e74', '3917b9a9-a856-4f33-a910-6ad73f9fa25b', 'Alvida', 'chupke se kahin,  dheemein pawn se
```e | ----------------------------------------
B | ----------------------------------------
G | 0-3-3-0-3-----------0-3-8-7-3-------
```

jaane kis tarahn........kis ghadi
```e | ---------------------------------------
B | ---------------------------------------
G | 0-3-8-7-3---------------3-5-5-3----
```

aage badd gaye,  humse raah mein
```e | ----------------------------------------
B | ----------------------------------------
G | 0-3-3-0-3-----------0-3-8-7-3-------
```

par tum to abhi..........the yahin
```e | ---------------------------------------
B | ---------------------------------------
G | 0-3-8-7-3---------------3-5-5-3----
```

kuchh bhi na suna, kab ka tha gila
```e | ------------------------------
B | ------------------------------
G | 0-1-3-1-1-------0-1-3-1-1---
```

kaise keh diya alvida
```e | ------------------------------
B | ------------------------------
G | -3-3---5---7-3---0-1-3-----
```

alvida alvidaaaa
```e | ------------------------------
B | ------------------------------
G | 12-10-8---8-10-12----------
```

ab kehna aur kya
```e | ------------------------------
B | ------------------------------
G | 10-8-10-10---7-8-10-------
```

jab tune keh diya alvida
```e | ---------------------------------------
B | ---------------------------------------
G | 8-7-8-8----5-7-8------------8-10-5-
```', 'KK', 'Life in a Metro', 2007, NULL, NULL, FALSE, '2017-11-07T13:43:13.827000+00:00', '2017-11-07T13:56:57.595000+00:00');
INSERT INTO public.note_tags (id, user_id, note_id, tag_id) VALUES ('a1a264e4-aa37-4f9e-adc7-cb673fe0a9d7', '3917b9a9-a856-4f33-a910-6ad73f9fa25b', 'dfa7a7cd-71f0-4a22-ae2d-5d07724b8e74', '94f83bf8-1cd6-44f7-9e77-dc2d9928b555');
INSERT INTO public.note_tags (id, user_id, note_id, tag_id) VALUES ('9de2e4a9-4691-46c3-936b-3916dfcb0c81', '3917b9a9-a856-4f33-a910-6ad73f9fa25b', 'dfa7a7cd-71f0-4a22-ae2d-5d07724b8e74', '22c9085c-724b-4679-aa10-b79b72f9b0be');
INSERT INTO public.notes (id, user_id, title, content, artist, album, release_year, metadata, "references", isPinned, created_at, updated_at) VALUES ('45f4e2e0-879d-49f6-89d4-c61af5baa60a', '3917b9a9-a856-4f33-a910-6ad73f9fa25b', 'Tum Hi Aana - Marjaavan', 'Intro Music:
[Em] [D] [C] [Em] (Two Times)

Tere (C)jaane ka (Em)gham
Aur (C)na ane ka (Em)gham
Fir (C)zamane ka (Em)gham
Kya (Em)kare?

Raah (C)dekhe (Em)nazar
(C)Raat bhar (Em)jaagkr
Par (C)teri to (Em)khabar na mile

Bahut (Em)ayi gyi (D)yaadein
Magar is (Bm)baar tum he (C)aana
(C)Iraade firse jaane (D)ke nahi (Bm)laana
Tum he (C)aana

Music:
[Em] [D] [C]
[Em] [D] [C] [D] [Em]

Meri deh[D]aliz ho[Am]kar
Bahaare [C]jb guzarti [Em]hai
Yahaan kya [D]dhoonp kya sa[Am]wan
Hawaayein [C]bhi barasti [Em]hai

Humein pu(Em)cho kya hota [D]hai
Bina dil [Bm]ke jiye ja[C]ana
Bahut a[Em]yi gyi ya[D]adein
Magar is [Bm]bar tum hi a[C]ana

Koi to (D)raah wo (Am)hogi
Jo mere (C)ghar ko ati (Em)hai
Karo (D)peechha sadaon (Am)ka
Suno kya (C)kehna chaahti (Em)hai

Tum (Em)aaoge mujhe (D)milne
Khabar ye bhi (Bm)tum hi (C)lana
Bahut ayi (Em)gayi (D)yaadein
Magar is (Bm)baar tum hi aana', 'Jubin Nautiyal', 'Marjaavaan', 2019, 'Song Tempo: 92
Time Signature: 4/4
Song Scale: Em
Strumming Pattern: D Chuck U   U Chuck U
Chords used : Em, Bm, D, C, Am', 'https://www.youtube.com/watch?v=aF3D7M0nsv0', FALSE, '2019-10-16T02:27:39.913000+00:00', '2021-03-21T13:46:15.708000+00:00');
INSERT INTO public.note_tags (id, user_id, note_id, tag_id) VALUES ('ac421878-5ae4-4109-b643-17c940fdf240', '3917b9a9-a856-4f33-a910-6ad73f9fa25b', '45f4e2e0-879d-49f6-89d4-c61af5baa60a', '94f83bf8-1cd6-44f7-9e77-dc2d9928b555');
INSERT INTO public.note_tags (id, user_id, note_id, tag_id) VALUES ('89808ced-f5c7-46e3-bec0-054fd19d2b70', '3917b9a9-a856-4f33-a910-6ad73f9fa25b', '45f4e2e0-879d-49f6-89d4-c61af5baa60a', '26bec2c9-84b7-4e97-8246-28dd469f49cd');
INSERT INTO public.notes (id, user_id, title, content, artist, album, release_year, metadata, "references", isPinned, created_at, updated_at) VALUES ('096430dd-d049-418a-a960-af1802d959f6', '3917b9a9-a856-4f33-a910-6ad73f9fa25b', 'Pyar Humein - Satte pe Satta', '(Am)Tumne who kya dekha,Jo kaha dee(G)wana
(G)Hamko nahin kuch (F)samajh zara (Am)samjhana
(Am)Pyaar main jab bhi aankh kahi lad (G)jaye
(G)Tab dharkan aur (F)bechaini bar (Am)jaye
(Am)Jab koi ginta hain raaton ko (G)tare
(G)Tab samjho use (F)pyar ho gaya (Am)pyaare

(Am)Pyaar tumhe kis maud pe (G)le aaya(F)aaaa
(G)Ki dil (F)kare (G)hai (F)koi yeh ba(Am)taye kya hoga
(Am)Pyaar hame kis maud pe (G)le aaya(F)aaaa
(G)Ki dil (F)kare (G)hai (F)koi yeh ba(Am)taye kya hoga

(Am)Battiyan bujha do (amitabh says “are batti to bujha de yaar”)
(Am)Battiyan bujha do ki neend nahin aa(G)ti hain
(G)Battiyan bujhane se bhi (F)neend nahin (Am)aayegi
(Am)Battiyan bujhane wali jane kab (G)aayegi
(G)Shor na machao warna (F)bhabi jag (Am)jayegi

(Am)Pyaar tumhe kis maud pe (G)le aaya(F)aaaa
(G)Ki dil (F)kare (G)hai (F)koi yeh ba(Am)taye kya hoga
(Am)Pyaar hame kis maud pe (G)le aaya(F)aaaa
(G)Ki dil (F)kare (G)hai (F)koi yeh ba(Am)taye kya hoga

Then the tempo of the song changes,

(Am)Pyaar tumhe kis maud pe (G)le aaya(F)aaaa
(G)Ki dil (F)kare (G)hai (F)koi yeh ba(Am)taye kya hoga
(Am)Pyaar hame kis maud pe (G)le aaya(F)aaaa
(G)Ki dil (F)kare (G)hai (F)koi yeh ba(Am)taye kya hoga

(Am)Aakhir kya hain aisi (G)bhi majburi
(G)Are mil gaye dil fir (F)bhi kyon (Am)hain doori
(Am)Are dum hain to unse cheen ke le (G)aayenge
(G)Are dee na ghar waalon (F)ne agar man(Am)zuri

Pyaar hamein………………', 'Kishore Kumar, R. D. Burman, Anand Kumar C., Gulshan Bawra, Annette Pinto', 'Satte Pe Satta', 1982, 'Capo on 3
D U U
Chords used : Am, G, F', 'https://tabs.ultimate-guitar.com/tab/satte_pe_satta/pyar_hume_kis_mode_chords_1680687', FALSE, '2018-11-01T04:03:13.891000+00:00', '2019-01-04T03:32:14.807000+00:00');
INSERT INTO public.note_tags (id, user_id, note_id, tag_id) VALUES ('2bc6c43e-db8c-4246-a672-57fc85240d3e', '3917b9a9-a856-4f33-a910-6ad73f9fa25b', '096430dd-d049-418a-a960-af1802d959f6', '26bec2c9-84b7-4e97-8246-28dd469f49cd');
INSERT INTO public.note_tags (id, user_id, note_id, tag_id) VALUES ('b9cca6f6-1d82-461d-9f2c-531585ab6357', '3917b9a9-a856-4f33-a910-6ad73f9fa25b', '096430dd-d049-418a-a960-af1802d959f6', 'f22d1b82-b224-4a44-a581-b5c25015af54');
INSERT INTO public.notes (id, user_id, title, content, artist, album, release_year, metadata, "references", isPinned, created_at, updated_at) VALUES ('40703a9f-235f-41e5-9b5b-1de7b963bc28', '3917b9a9-a856-4f33-a910-6ad73f9fa25b', 'Teri Hogaiyaan - Vishal Mishra', '=========FINGERSTYLE (5-2-5--5-2)========
[C]...[C]...[C]...[C]...
Kaisa [C]pyaar tu jataaye [F]
Kaise [C]paas mere aaye [F]

Kaisa [C]pyaar tu jataye
Kaise [F]paas mere aye
Main [Dm]nibhau tere
Dil ki ye [G]choriyaan

=========STRUMMING (D U-Chuck D U Chuck)========
Main teri hogai[Am]yaan
[G]Main teri hogai[Am]yaan
Main teri hogai[Am]yaan
[G]Main teri hogai[Am]yaan...[F]..[C]...[G]

=========FINGERSTYLE (5-2-5--5-2)========
[C]...[C]...
[C]Door door leharein jaati 
[C]Phir bhi hai [Am]laut aati
[Am]Waise hi tay tha [G]ek din

[C]Tera mera mil jaana
[C]Tera mere paas aana
[Am]Dooriyaan nahi hai [D]mumkin

Koyi [Am]daayra raha na [F]
Koyi [Am]darmiyaan raha na [F]

Koyi [C]daayra raha na,
Koyi [F]darmiyaan raha na
Jaan [D]leti hai yeh 
Teri meri [G]dooriyaan

=========STRUMMING (D U-Chuck D U Chuck)========
Main teri hogai[Am]yaan
[G]Main teri hogai[Am]yaan
Main teri hogai[Am]yaan
[G]Main teri hogai[Am]yaan...[F]..[C]...[G]

=========FINGERSTYLE (5-2-5--5-2)========
[C]...[C]...
[C]Teri laag aisi laagi
[C]Rein saari [Am]saari jaagi
[Am]Teri laag kaisi [G]maahiya

[C]Tune hi ki manmaani
[C]Ek bhi na meri maani
[Am]Aise kyu sataaya [D]maahiya

Kaise [Am]tujhko ye bataye [Em]
Ke hum [Dm]jee nahi paye [F]

Kaise [C]tujhko ye bataye
Haan hum [F]jee nahi paye
Jaan [D]leti thi
Teri meri [G]dooriyan

=========STRUMMING (D U-Chuck D U Chuck)========
Main teri hogai[Am]yaan
[G]Le teri hogai[Am]yaan
Ve teri hogai[Am]yaan
[G]Main teri hogai[Am]yaan', 'Vishal Mishra', 'Teri Hogaiyaan', 2019, 'Song Key/Scale: F
Capo : 5th Fret
Strumming Pattern: D U-Chuck D U Chuck
Fingerstyle : 5-2-5--5-2
NOTE : The lyrics below is merged1 version of Teri Hogaiyaan 1 & 2
Chords used : C, F, G, Am, Dm, Em', 'https://www.youtube.com/watch?v=G_ZgXTu0Pmg', FALSE, '2022-01-17T04:22:55.147000+00:00', '2022-01-20T10:14:59.608000+00:00');
INSERT INTO public.note_tags (id, user_id, note_id, tag_id) VALUES ('6b7f6c37-c3a6-4497-9cea-29f1050f414c', '3917b9a9-a856-4f33-a910-6ad73f9fa25b', '40703a9f-235f-41e5-9b5b-1de7b963bc28', '39d6ed04-fc5c-427e-9060-9041887f4d0e');
INSERT INTO public.note_tags (id, user_id, note_id, tag_id) VALUES ('82cdb362-0d98-4c0b-803b-3c93aed13149', '3917b9a9-a856-4f33-a910-6ad73f9fa25b', '40703a9f-235f-41e5-9b5b-1de7b963bc28', '94f83bf8-1cd6-44f7-9e77-dc2d9928b555');
INSERT INTO public.note_tags (id, user_id, note_id, tag_id) VALUES ('83156ba5-d68e-4f3c-a48b-78fec00e0b9c', '3917b9a9-a856-4f33-a910-6ad73f9fa25b', '40703a9f-235f-41e5-9b5b-1de7b963bc28', '26bec2c9-84b7-4e97-8246-28dd469f49cd');
INSERT INTO public.note_tags (id, user_id, note_id, tag_id) VALUES ('f4325c9c-8f30-41de-b4dc-69fdb5d9b962', '3917b9a9-a856-4f33-a910-6ad73f9fa25b', '40703a9f-235f-41e5-9b5b-1de7b963bc28', '8d4fc519-7375-432c-8b6a-6cf000e9f287');
INSERT INTO public.notes (id, user_id, title, content, artist, album, release_year, metadata, "references", isPinned, created_at, updated_at) VALUES ('eedd166c-59a2-4880-8ad3-26f8e750050e', '3917b9a9-a856-4f33-a910-6ad73f9fa25b', 'Kal Ho Naa Ho', 'Har ghadi badal rahi hai roop zindagi
```E|--------------------------------------10----------------------
B|--11-10-11-10-11-10-11-------13-11-10-----10-----10-
G|----------------------------------------------------------12----12----
```

Chaav hai kabhi kabhi hai dhup zindagi
```E|-------------------------------------10----------------------
B|--11-10-11-10-11-10-11-------13-11-10-----10-----10-
G|----------------------------------------------------------12----12----
```

Har pal yahan
```E|--------------
B|-----------11----
G|--10-12----12-
```

jee bhar jiyo
```E|-----------------
B|-----------------
G|----------10-12-10-
D|-----13----------
```

Jo hai sama
```E|--------------
B|-----------11----
G|--10-12----12-
```

kal ho na ho
```E|-----------------------
B|-----------------------
G|---------13---12-10-----10-
D|-----13-----------------13----
```




Har ghadi badal rahi hai roop zindagi

8-7-8-7-8-7-8-12-10-8-7-5-7-5-7

Chaav hai kabhi kabhi hai dhup zindagi

8-7-8-7-8-7-8-12-10-8-7-5-7-5-7

Har pal yahan jee bhar jiyo

3-5-8-5--1-3-5-3

Jo hai sama, kal ho na ho

3-5-8-5--1-6-5-3', 'Sonu Nigam', 'Kal Ho Naa Ho', 2003, NULL, 'https://www.youtube.com/watch?v=8yA1F3NcRrI', FALSE, '2017-10-06T03:10:54.125000+00:00', '2019-04-21T12:06:56.781000+00:00');
INSERT INTO public.note_tags (id, user_id, note_id, tag_id) VALUES ('0e3743d0-f96e-4253-bc7d-4ee83415ce7f', '3917b9a9-a856-4f33-a910-6ad73f9fa25b', 'eedd166c-59a2-4880-8ad3-26f8e750050e', '94f83bf8-1cd6-44f7-9e77-dc2d9928b555');
INSERT INTO public.note_tags (id, user_id, note_id, tag_id) VALUES ('81ab67a7-efc7-4bcc-9de8-193c824c3161', '3917b9a9-a856-4f33-a910-6ad73f9fa25b', 'eedd166c-59a2-4880-8ad3-26f8e750050e', '484fde0b-53ea-4d62-82d9-dff38182c04c');
INSERT INTO public.note_tags (id, user_id, note_id, tag_id) VALUES ('91315a79-b267-4c29-abb0-0f4a1853c5ec', '3917b9a9-a856-4f33-a910-6ad73f9fa25b', 'eedd166c-59a2-4880-8ad3-26f8e750050e', 'f6f1fa22-4ebb-4dfc-8a00-65f2e520dc91');
INSERT INTO public.note_tags (id, user_id, note_id, tag_id) VALUES ('20469d27-4e79-4587-88f6-7a1dfcae50c1', '3917b9a9-a856-4f33-a910-6ad73f9fa25b', 'eedd166c-59a2-4880-8ad3-26f8e750050e', '22c9085c-724b-4679-aa10-b79b72f9b0be');
INSERT INTO public.notes (id, user_id, title, content, artist, album, release_year, metadata, "references", isPinned, created_at, updated_at) VALUES ('e62c43ed-7d17-4f1e-8032-87b5532ba8bf', '3917b9a9-a856-4f33-a910-6ad73f9fa25b', 'Neele Neele Ambar Par', '```E |---5---3-3------
B |-3-6---6-----5----
G |--------------
D |--------------
```
Neele neele ambar par

```E |----3--------
B |--5----5-6-6-3---
G |-5-----------
D |------------
```
Chaand jab aaye

```E |---5---3-3------
B |-3-6---6-----5----
G |--------------
D |--------------
```
Pyaar barsaaye

```E |----3--------
B |--5----5-6-6-3---
G |-5-----------
D |------------
```
Humko tarsaaye

```E |----5-10-10-10----
B |-3-3-6---------
G |------------
```
Aisa koi saathi ho

```E |-----5-8-8-8----
B |-3-3-6---------
G |------------
```
Aisa koi premi ho

```E |---3-5-6-6-6-8-6-5---
B |-6-6-----------
G |------------
```
Pyaas dil ki bujha jaaye

Neele neele ambar par chaand jab aaye
Pyaar barsaaye humko tarsaaye
Aisa koi saathi ho aisa koi premi ho
Pyaas dil ki bujha jaaye

```E |-10-10-9-10-10-9-10-10---
B |-------------
G |-------------
```
Oh oonche oonche parvat

```E |-10-10-12-10-8-7-8-8---
B |------------
G |------------
```
Jab choomte hain ambar ko

```E |-6-6-5-6-6-5-6-6-----
B |------------
```
Pyaasa pyaasa ambar

```E |-6-6-10-8-6-8-5-5---
B |------------
```
Jab choomta hai saagar ko(x2)

```E |---5---3-3------
B |-3-6---6-----5----
G |--------------
D |--------------
```
Pyaar se kasne ko

```E |----3--------
B |--5----5-6-6-3---
G |-5-----------
D |------------
```
Baahon mein basne ko

```E |---5---3-3------
B |-3-6---6-----5----
G |--------------
D |--------------
```
Dil mera lalchaaye

```E |----3--------
B |--5----5-6-6-3---
G |-5-----------
D |------------
```
Koi to aa jaaye
.
.
.
Aisa koi saathi ho aisa koi premi ho
Pyaas dil ki bujha jaaye

Neele neele ambar par chaand jab aaye
Pyaar barsaaye humko tarsaaye

Oh thande thande jhonke jab baalon ko sehlayein
Tapti tapti kirnen jab gaalon ko chhoo jayein
Thande thande jhonke jab baalon ko sehlayein
Tapti tapti kirnen jab gaalon ko chhoo jayein
Saanson ki garmi ko haathon ki narmi ko
Mera mann tarsaaye koi to chhoo jhaaye
Aisa koi saathi ho aisa koi premi ho
Pyaas dil ki bujha jaaye

Neele neele ambar par chaand jab aaye
Pyaar barsaaye humko tarsaaye

Hey chham chham karta saawan boondon ke baan chalaaye
Satrangi barsaaton mein jab tan man bhiga jaaye
Chham chham karta saawan boondon ke baan chalaaye
Satrangi barsaaton mein jab an man bhiga jaaye
Pyaar mein nahaane ko doob hi jaane ko
Dil mera tadpaaye khwaab jaga jaaye
Aisa koi saathi ho aisa koi premi ho
Pyaas dil ki bujha jaaye

Neele neele ambar par chaand jab aaye
Pyaar barsaaye humko tarsaaye', 'Kishore Kumar', 'Kalaakaar', 1983, NULL, NULL, FALSE, '2017-10-27T07:01:43.734000+00:00', '2017-10-28T03:29:00.735000+00:00');
INSERT INTO public.note_tags (id, user_id, note_id, tag_id) VALUES ('6a4851ae-9fdc-4c13-9b34-681f7bc2fb5b', '3917b9a9-a856-4f33-a910-6ad73f9fa25b', 'e62c43ed-7d17-4f1e-8032-87b5532ba8bf', '22c9085c-724b-4679-aa10-b79b72f9b0be');
INSERT INTO public.note_tags (id, user_id, note_id, tag_id) VALUES ('12dadf2a-5df8-4766-bfe2-155c630cc7b5', '3917b9a9-a856-4f33-a910-6ad73f9fa25b', 'e62c43ed-7d17-4f1e-8032-87b5532ba8bf', 'f22d1b82-b224-4a44-a581-b5c25015af54');
INSERT INTO public.notes (id, user_id, title, content, artist, album, release_year, metadata, "references", isPinned, created_at, updated_at) VALUES ('7a98f052-5d12-4f2d-bd8b-a781286eb9b6', '3917b9a9-a856-4f33-a910-6ad73f9fa25b', 'Kuch is tarah', 'Kuch is tarha
B-13---11---10---8-----------------------------
Teri palkein
B-10-8--6--5---------------------------------

Meri palkon se mila de
B-5--6-6/8--88---6-8-8/10-------------------

Aasnu tere saare
B-13-11--10-8---8-6--5---------------------

Meri palkon pe saza de
B-5-6-6/8-8-8--6-8-8/10---------------------

Second Para.

Tu har ghadi har waqt
B-10-10-8-10------11-10-6-5-------------------

Mere sath raha hai
B-5-6--6-8/10---6--88------------------------

Haan je jism kabhi door
B-10-8-10---8-8-13-------------------------

Kabhi paas raha hai
B-6-6---6-8/10--6-8-8----------------------------

Jo bhi gam hai yeh tere
E-12-13-10/13--12-8--10-10-------------------

Unhe tu mera pata de
E-8--10-10--10-10--12-10/12--12-------------', 'Atif Aslam', 'Doorie', 2006, NULL, NULL, FALSE, '2017-10-07T07:27:30.427000+00:00', '2017-12-14T14:09:12.959000+00:00');
INSERT INTO public.note_tags (id, user_id, note_id, tag_id) VALUES ('8cd794df-5e40-400d-b21a-9e9364cf5147', '3917b9a9-a856-4f33-a910-6ad73f9fa25b', '7a98f052-5d12-4f2d-bd8b-a781286eb9b6', '94f83bf8-1cd6-44f7-9e77-dc2d9928b555');
INSERT INTO public.note_tags (id, user_id, note_id, tag_id) VALUES ('bff97909-3b14-4a14-9356-a092d0b40dfc', '3917b9a9-a856-4f33-a910-6ad73f9fa25b', '7a98f052-5d12-4f2d-bd8b-a781286eb9b6', '484fde0b-53ea-4d62-82d9-dff38182c04c');
INSERT INTO public.note_tags (id, user_id, note_id, tag_id) VALUES ('ee59eb11-120f-4e09-a4a0-3000ebb5604e', '3917b9a9-a856-4f33-a910-6ad73f9fa25b', '7a98f052-5d12-4f2d-bd8b-a781286eb9b6', '22c9085c-724b-4679-aa10-b79b72f9b0be');
INSERT INTO public.notes (id, user_id, title, content, artist, album, release_year, metadata, "references", isPinned, created_at, updated_at) VALUES ('7447161d-2a33-400b-a9ec-eb979bb2a26f', '3917b9a9-a856-4f33-a910-6ad73f9fa25b', 'Karma Theme Song', 'e-------------10\11-11-11-11-11-11-11-11-11-11--
B--8--7--8--------------------------------------
e--13--11--10--8--6-6-6-6-6-6-6

e-6-6------------------------------------
B-------8--6-----9-9-9-9-9-9-9-9-9---
G-------------8---------------------------

e-8--7----------------------------------
B--------9--8--8-8-8-8-8-8-8-8-8----

e--8--7--8--10--11--13--11--10--8---


e--8--7--8--10--11--13--11--10--8---


e--8-8-8---11--11--8--8-8--10--10--6--6-6


e-----8-----6---------
B--9-----9-----9--8--', 'Various Artists', 'Karma', 2009, NULL, NULL, FALSE, '2017-12-18T16:28:08.452000+00:00', '2017-12-18T16:39:17.641000+00:00');
INSERT INTO public.note_tags (id, user_id, note_id, tag_id) VALUES ('afcee829-2a3e-459f-9cdd-4ea10e566b0c', '3917b9a9-a856-4f33-a910-6ad73f9fa25b', '7447161d-2a33-400b-a9ec-eb979bb2a26f', 'ae6a7dff-8c54-4846-bf93-deb177ecbb68');
INSERT INTO public.note_tags (id, user_id, note_id, tag_id) VALUES ('594d9b1a-ddcb-4a4a-82d9-cf587db047f1', '3917b9a9-a856-4f33-a910-6ad73f9fa25b', '7447161d-2a33-400b-a9ec-eb979bb2a26f', '22c9085c-724b-4679-aa10-b79b72f9b0be');
INSERT INTO public.note_tags (id, user_id, note_id, tag_id) VALUES ('da79c9cb-31f8-4952-8139-7ecd8a8cef4d', '3917b9a9-a856-4f33-a910-6ad73f9fa25b', '7447161d-2a33-400b-a9ec-eb979bb2a26f', 'f22d1b82-b224-4a44-a581-b5c25015af54');
INSERT INTO public.notes (id, user_id, title, content, artist, album, release_year, metadata, "references", isPinned, created_at, updated_at) VALUES ('2aa751fb-abb8-44ad-a3cb-8f71b4bce49b', '3917b9a9-a856-4f33-a910-6ad73f9fa25b', 'Yeh Shaam Mastani', '```E|----------------0-
B|--1-3-1------1-1-3-3--
G|-0----2-0-0-0-------
```
Ye Shaam Mastani Madhosh Kiye Jaaye 

```E|-0-0-0-3-5-3-1-3-1-3-1-0--3-3-0---
B|----------------3----3-1-
```
Mujhe Dor Koyee Khinche, Teri Aur Liyee Jaaye

```E|-5-1-3-5-3---5-1-3-5-3-
B|-------1-1------
```
Door Rahti Hai Tu, Mere Paas Aati Nahin

```E|--5-1-3-5-3---5-1-3-5-3-
B|-1-------1-1------
```
Hothon Pe Tere Kabhi Pyaas Aati Nahin

```E|----------
B|-0---------
G|--2-0--2-0----
D|-----3----3-2-0-
```
Aisaa Lage, Jaise Ki Tu

```E|--------------
B|--------------
G|-------0-------
D|-0-0-0-4-4--3-3-2-0--
A|-------------3-
```
Hanske Zahar Koyee Peeye Jaaye

```E|-----------------0-
B|--1-3-1-------1-1-3-3--
G|-0----2-0-0-0-------
```
Ye Shaam Mastani Madhosh Kiye Jaaye 

```E|-0-0-0-3-5-3-1-3-1-3-1-0---3-3-0---
B|----------------3-----3-1-
```
Mujhe Dor Koyee Khinche, Teri Aur Liyee Jaaye', 'Kishore Kumar', 'Kati Patang', 1971, NULL, 'http://tabandchord.com/2013/08/yeh-shaam-mastani-guitar-tab-best-version/', FALSE, '2018-08-27T01:51:19.933000+00:00', '2018-10-01T16:21:19.529000+00:00');
INSERT INTO public.note_tags (id, user_id, note_id, tag_id) VALUES ('557cedcd-d0b0-402e-a35d-f5ce4dbe4d83', '3917b9a9-a856-4f33-a910-6ad73f9fa25b', '2aa751fb-abb8-44ad-a3cb-8f71b4bce49b', '22c9085c-724b-4679-aa10-b79b72f9b0be');
INSERT INTO public.note_tags (id, user_id, note_id, tag_id) VALUES ('6f586fa7-449b-43e2-855b-4fca55ce4a30', '3917b9a9-a856-4f33-a910-6ad73f9fa25b', '2aa751fb-abb8-44ad-a3cb-8f71b4bce49b', 'f22d1b82-b224-4a44-a581-b5c25015af54');
INSERT INTO public.notes (id, user_id, title, content, artist, album, release_year, metadata, "references", isPinned, created_at, updated_at) VALUES ('c6d64e95-f4f9-413e-9cc0-56340f389fcb', '3917b9a9-a856-4f33-a910-6ad73f9fa25b', 'Jeene De Na', '(Em)Zindagi ae (C)zindagi,  (Am)Gham na de ae (B)zindagi
(Em)Na jalaa haa(C)thon ko yun,  (Am)Chhune de (B)koi khushi

Kismat ne (C)yun chhoda hu(Am)mein,  Sheesha ba(B)na ke toda humein
Zakhmon se (C)hai saansein (Am)bhari,  Zakhmon ko (B)thoda seene de na

Jeene de (Em)na... jeene de (C)na,  Zinda(B)gi tu jeene de na
Jeene de (Em)na... jeene de (C)na,  Zinda(B)gi tu jeene de na

(Em) Pal pal har ik pal (C)sehma hai kyun,  (Am) Har lamha kyun hai (B)daraa
(Em) Chand aasmaan pe (C)lagta hai yoon,  (Am) Khanjar pe dil hai (B)dhara    ............x2

Qaatil si (C)kyun har raat (Am)hai,  Patthar liye(B) kyun har haath hai
Zakhmon se (C)hai saansein (Am)bhari,  Zakhmon ko (B)thoda seene de na

Jeene de (Em)na... jeene de (C)na,  Zinda(B)gi tu jeene de na
Jeene de (Em)na... jeene de (C)na,  Zinda(B)gi tu jeene de na

(Em) Shiqwa karein hum (C)ghairon se kya,  (Am) Khud se huve (B)ajnabi
(Em) Chalne ko aage (C)rastaa nahin,  (Am) Laayi kahaan (B)zindagi 
............x2

Aankhein toh (C)hain sapna (Am)nahin,  Iss bheed(B) mein koi apna nahin
Zakhmon se (C)hai saansein (Am)bhari,  Zakhmon ko (B)thoda seene de na

Jeene de (Em)na... jeene de (C)na,  Zinda(B)gi tu jeene de na
Jeene de (Em)na... jeene de (C)na,  Zinda(B)gi tu jeene de na', 'Raj Barman', 'Jeene De Na', 2018, 'First 2 lines   :     Ddd Ddd Dd
Later              :      D UDUD  UDUD DU', 'https://www.youtube.com/watch?v=U2yehnodP8U', FALSE, '2019-10-20T05:23:56.815000+00:00', '2020-05-05T01:50:02.755000+00:00');
INSERT INTO public.note_tags (id, user_id, note_id, tag_id) VALUES ('2b80491f-6e3c-4e91-865a-1a951b522585', '3917b9a9-a856-4f33-a910-6ad73f9fa25b', 'c6d64e95-f4f9-413e-9cc0-56340f389fcb', '94f83bf8-1cd6-44f7-9e77-dc2d9928b555');
INSERT INTO public.note_tags (id, user_id, note_id, tag_id) VALUES ('0aaa5740-4dcd-4f7d-8594-06a085ac9b5c', '3917b9a9-a856-4f33-a910-6ad73f9fa25b', 'c6d64e95-f4f9-413e-9cc0-56340f389fcb', '26bec2c9-84b7-4e97-8246-28dd469f49cd');
INSERT INTO public.notes (id, user_id, title, content, artist, album, release_year, metadata, "references", isPinned, created_at, updated_at) VALUES ('fcebe897-dd7a-4c24-b06a-dc06a94cca0a', '3917b9a9-a856-4f33-a910-6ad73f9fa25b', 'Tu banja gali Benaras ki', 'Tu (G)banja gali Ba(Am)naras ki
Main (C)shaam talak bha(G)tkoon tujhmein

(G)Hmmm
Tu (G)banja gali Ba(Am)naras ki
Main (C)shaam talak bha(G)tkoon tujhmein

Teri (C)baatein chatpati(D) chaat si hain
Teri (C)aankhein Ganga (D)ghaat si hain
Main (C)ghaat kinare (G)so jaaun
Phir (C)subah subah ja(G)goon tujhmein

Tu (G)banja gali Ba(Am)naras ki
Main (C)shaam talak bha(G)tkoon tujhmein x (2)

Har (G)Sunday main sangam (Am)talkies mein
Tujhe (C)film dikhaun (G)night show
Fil(G)mon ki tarah ik (Am)din yoon ho
Ban (C)jaaun main te(G)ra hero

Tera (C)dil behlaun (D)dance karoon
Main (C)yoonhi tujhe ro(D)mance karoon
Tere (C)dil mein rahu khushi(G)yon ki tarah
Tu (C)hanse to main jhal(G)koon tujhmein

Tu (G)banja gali Ba(Am)naras ki
Main (C)shaam talak bha(G)tkoon tujhmein x (2)', 'Asit Tripathy', 'Shaadi Mein Zaroor Aana', 2017, 'D DU UDU
Chords used : G, C, D, Am', 'https://chordsmate.blogspot.com/2017/11/tu-banja-gali-banaras-ki-chords-and.html', FALSE, '2018-12-26T14:49:04.735000+00:00', '2019-01-17T02:17:40.029000+00:00');
INSERT INTO public.note_tags (id, user_id, note_id, tag_id) VALUES ('9efebb74-a5b3-4169-898a-841d306a1de7', '3917b9a9-a856-4f33-a910-6ad73f9fa25b', 'fcebe897-dd7a-4c24-b06a-dc06a94cca0a', '94f83bf8-1cd6-44f7-9e77-dc2d9928b555');
INSERT INTO public.note_tags (id, user_id, note_id, tag_id) VALUES ('58542aa4-110d-451f-acf4-8502c3dd6d3d', '3917b9a9-a856-4f33-a910-6ad73f9fa25b', 'fcebe897-dd7a-4c24-b06a-dc06a94cca0a', '26bec2c9-84b7-4e97-8246-28dd469f49cd');
INSERT INTO public.notes (id, user_id, title, content, artist, album, release_year, metadata, "references", isPinned, created_at, updated_at) VALUES ('399ab331-bab1-47dc-82a8-3a53ddfea7ad', '3917b9a9-a856-4f33-a910-6ad73f9fa25b', 'Hothon se choo lo tum', '```e | - - - - - - - - - - - - - - - - -
B | - - -3-5-6 - - - -3-3 - - - 
G | - 5- - - - - - - 5- - - -5 - - 
```

```e | - - - - - - - - -F - -
B | - - - - - - - - F- - -
G | - - - - - - - - F- - - 
D | - - -0 -2 - -F - - - 
A | - 3- - - - - -F - - -
```

(F)Hm mm mm mm, (C)hm hm hm hm hm (F)hm hm

Hon(F)Ton Se Choo Lo (G)Tum
Mera (F)Gheet Amar Kar (C)Do........x2
Ban (F)Jaao Meet (G)Meri
Meri (F)Preet Amar Khar (C)Do

Hon(F)Ton Se Choo Lo (G)Tum
Mera (F)Gheet Amar Kar (C)Do

Na (F)Umr Ki Seema (C)Ho
Na (F)Janm Ka Ho Ban(Dm)Dan.........x2
Jab (F)Pyaar Karey (C)Koi
To (F)Dekhe Kewal (Dm)Man

Nayi (F)Reet Chalaakar (G)Tum
Yey (F)Reet Amar Kar (C)Do
Yey (F)Reet Amar Kar (G)Do
Mera (F)Gheet Amar Kar (C)Do

Hon(F)Ton Se Choo Lo (G)Tum
Mera (F)Gheet Amar Kar (C)Do

Aa(F)Kash Ka Soona(C)Pan
Me(F)Re Tanha Mann (Dm)Me.....x2
Pa(F)aYal Chanakati (C)Tum
Aa(F)Jao Jeevan (Dm)Me

Saa(F)Se Dekhar Ap(G)Ni
San(F)Gheet Amar Kar (C)Do
San(F)Gheet Amar Kar (G)Do
Mera (F)Gheet Amar Kar (C)Do

Hon(F)Ton Se Choo Lo (G)Tum
Mera (F)Gheet Amar Kar (C)Do

Jug(F)Ne Cheena Mujh(C)Se
Mujhe (F)Jho Bhi Laga Pya(Dm)Ra.......x2
Sab (F)Jeeta Kiye Muj(C)Hse
Mein (F)Har Dhum Hi (Dm)Haraa

Tum (F)Haar Ke Dil Ap(G)Naa
Meri (F)Jheet Amar Kar (C)Do
Meri (F)Jheet Amar Kar (G)Do
Mera (F)Gheet Amar Kar (C)Do

Hon(F)Ton Se Choo Lo (G)Tum
Mera (F)Gheet Amar Kar (C)Do
Ban (F)Jaao Meet (G)Meri
Meri (F)Preet Amar Khar (C)Do
Hon(F)Ton Se Choo Lo (G)Tum
Mera (F)Gheet Amar Kar (C)Do……', 'Jagjit Singh', 'Prem Geet', 1981, 'D-Chuck   D-U-Chuck   OR     D DU  UDU
Chords used : F, G, C, Dm', 'https://www.youtube.com/watch?v=lTuVr2BRvSo', FALSE, '2018-11-09T02:10:54.082000+00:00', '2019-04-06T13:26:25.864000+00:00');
INSERT INTO public.note_tags (id, user_id, note_id, tag_id) VALUES ('230dfea6-5bf8-436d-9c52-f180f6e486c0', '3917b9a9-a856-4f33-a910-6ad73f9fa25b', '399ab331-bab1-47dc-82a8-3a53ddfea7ad', '39d6ed04-fc5c-427e-9060-9041887f4d0e');
INSERT INTO public.note_tags (id, user_id, note_id, tag_id) VALUES ('faf51e55-349b-4702-8053-51988a9347f2', '3917b9a9-a856-4f33-a910-6ad73f9fa25b', '399ab331-bab1-47dc-82a8-3a53ddfea7ad', '26bec2c9-84b7-4e97-8246-28dd469f49cd');
INSERT INTO public.note_tags (id, user_id, note_id, tag_id) VALUES ('809bd3d6-a560-4704-9cff-0cee59aea490', '3917b9a9-a856-4f33-a910-6ad73f9fa25b', '399ab331-bab1-47dc-82a8-3a53ddfea7ad', 'f22d1b82-b224-4a44-a581-b5c25015af54');
